Season,Name,Tm,PA,BB%,K%,BB/K,AVG,OBP,SLG,OPS,ISO,BABIP,wRC,wRAA,wOBA,wRC+,playerId
2002,"Jose Cruz Jr.","TOR",5,0,0,0,0.2,0.2,0.2,0.4,0,0.2,-0.008751627280765215,-0.609132077767902,0.1784147024154663,-1.421327458800813,1296
2002,"Felipe Lopez","TOR",2,0,0,0,0.5,0.5,1,1.5,0.5,0.5,0.7385882618831126,0.49843608168825787,0.6276441216468811,299.88016619197373,1311
2002,"Raul Mondesi","TOR",4,0,0,0,0.333333333,0.25,0.333333333,0.583333333,0,0.25,0.14036167895337603,-0.33994268143633344,0.22301837801933289,28.494687624878758,1314
2002,"Shannon Stewart","TOR",24,0,0,0,0.458333333,0.458333333,0.541666666,0.999999999,0.083333333,0.458333333,5.126244534092869,2.2444183717546125,0.43913492063681286,173.44565099832644,1322
2002,"Vernon Wells","TOR",33,0,0,0,0.303030303,0.303030303,0.454545454,0.757575757,0.151515151,0.28125,3.9797843271525566,0.01727335393745334,0.32654561057235254,97.93116810989189,1326
2002,"Homer Bush","TOR",3,0,0,0,0.333333333,0.333333333,0.666666666,0.999999999,0.333333333,0.333333333,0.5894749556489715,0.22924668535668932,0.4184294144312541,159.55831486347617,1425
2002,"Alberto Castillo","NYY",3,0,0,0,0,0,0,0,0,0,-0.4473399187024236,-0.8075681889947057,0,-100,812
2002,"Ron Coomer","NYY",9,0,0,0,0.444444444,0.444444444,0.888888888,1.333333332,0.444444444,0.375,2.8376142829708466,1.756929472094,0.5622610383563571,256.02724870354973,816
2002,"Derek Jeter","NYY",35,0,0,0,0.4,0.4,0.514285714,0.914285714,0.114285714,0.382352941,6.328817359782583,2.1261542063726253,0.39945955617087225,146.835090641039,826
2002,"Alfonso Soriano","NYY",28,0,0,0,0.535714285,0.535714285,1.142857142,1.678571427,0.607142857,0.458333333,12.10654864832803,8.744418125600063,0.7040192357131413,351.1055200107053,847
2002,"Shane Spencer","NYY",18,0,0,0,0.222222222,0.222222222,0.333333333,0.555555555,0.111111111,0.222222222,0.8632200442681298,-1.298149577485563,0.2385957505967882,38.94254661143393,848
2002,"Rondell White","NYY",25,0,0,0,0.304347826,0.28,0.434782608,0.714782608,0.130434782,0.25,2.3622461244329553,-0.6396561280027288,0.2949342060089111,76.72916529436088,856
2002,"Bernie Williams","NYY",11,0,0,0,0.454545454,0.454545454,0.727272727,1.181818181,0.272727273,0.4,2.9762026039310507,1.6553656128593497,0.5081098296425559,219.70763255646423,857
2002,"Brent Abernathy","TBD",23,0,0,0,0.260869565,0.260869565,0.347826086,0.608695651,0.086956521,0.260869565,1.5912833208773056,-1.170466751363524,0.2642987189085587,56.18171753849556,1192
2002,"John Flaherty","TBD",14,0,0,0,0.214285714,0.214285714,0.214285714,0.428571428,0,0.214285714,0.12285842439184572,-1.5582068369721374,0.19115860973085677,7.126105422250499,1206
2002,"Chris Gomez","TBD",10,0,0,0,0.1,0.1,0.1,0.2,0,0.1,-0.7543181584514713,-1.955079059425745,0.08920735120773315,-61.25335762615994,1208
2002,"Russ Johnson","TBD",4,0,0,0,0,0,0,0,0,0,-0.5964532249365648,-1.0767575853262743,0,-100,1216
2002,"Greg Vaughn","TBD",5,0,0,0,0,0,0,0,0,0,-0.745566531170706,-1.3459469816578429,0,-100,1233
2002,"Felix Escalona","TBD",11,0,0,0,0.09090909,0.09090909,0.181818181,0.272727271,0.090909091,0.09090909,-0.6034314942241585,-1.9242684852958596,0.11411711302670566,-44.5461961597931,1204
2002,"Toby Hall","TBD",19,0,0,0,0.368421052,0.368421052,0.684210526,1.052631578,0.315789474,0.333333333,4.156925873222165,1.8754801613710452,0.44542101809853,177.66178305327998,1210
2002,"Tony Batista","BAL",28,0,0,0,0.428571428,0.428571428,0.892857142,1.32142857,0.464285714,0.36,8.663729513139852,5.301598990411886,0.5551522416727883,251.25932619641858,124
2002,"Mike Bordick","BAL",13,0,0,0,0.307692307,0.307692307,0.538461538,0.846153845,0.230769231,0.307692307,1.90878654590029,0.3477973746337342,0.35830294168912447,119.23104494390773,129
2002,"Jeff Conine","BAL",19,0,0,0,0.315789473,0.315789473,0.421052631,0.736842104,0.105263158,0.315789473,2.1877365458138707,-0.09370916603724921,0.3199405544682553,93.50110813470917,131
2002,"Marty Cordova","BAL",19,0,0,0,0.210526315,0.210526315,0.263157894,0.473684209,0.052631579,0.210526315,0.41410676757253456,-1.8673389442785855,0.20692151471188194,17.698402363941963,132
2002,"Brook Fordyce","BAL",10,0,0,0,0.1,0.1,0.1,0.2,0,0.1,-0.7543181584514713,-1.955079059425745,0.08920735120773315,-61.25335762615994,138
2002,"Geronimo Gil","BAL",17,0,0,0,0.411764705,0.411764705,0.94117647,1.352941175,0.529411765,0.333333333,5.387526938747347,3.3462334070910824,0.5642258770325604,257.3450805341893,142
2002,"Melvin Mora","BAL",19,0,0,0,0.421052631,0.421052631,0.842105263,1.263157894,0.421052632,0.352941176,5.526115259707552,3.244669547856432,0.5326683521270752,236.179215203704,157
2002,"Mike Moriarty","BAL",4,0,0,0,0,0,0,0,0,0,-0.5964532249365648,-1.0767575853262743,0,-100,158
2002,"Jerry Hairston Jr.","BAL",26,0,0,0,0.48,0.48,0.72,1.2,0.24,0.48,7.190503854138265,4.068525511605154,0.5153668212890625,224.5749505211794,144
2002,"Gary Matthews Jr.","BAL",3,0,0,0,0,0,0,0,0,0,-0.4473399187024236,-0.8075681889947057,0,-100,153
2002,"David Segui","BAL",4,0,0,0,0,0,0,0,0,0,-0.5964532249365648,-1.0767575853262743,0,-100,169
2002,"Jorge Posada","NYY",6,0,0,0,0.333333333,0.333333333,0.833333333,1.166666666,0.5,0.2,1.5113244234319343,0.7908678828473703,0.48549793163935345,204.5416653446547,841
2002,"Dave Berg","TOR",30,0,0,0,0.366666666,0.366666666,0.466666666,0.833333332,0.1,0.366666666,4.531564667149476,0.9292819642266545,0.3634150942166646,122.65980344987051,1288
2002,"Joe Lawrence","TOR",6,0,0,0,0,0,0,0,0,0,-0.8946798374048472,-1.6151363779894115,0,-100,1308
2002,"Josh Phelps","TOR",20,0,0,0,0.65,0.65,1.05,1.7,0.4,0.611111111,9.061076472923116,6.659554670974569,0.7290533125400543,367.89606047224066,1318
2002,"Tom Wilson","TOR",8,0,0,0,0.375,0.375,0.875,1.25,0.5,0.285714285,2.2499126853150466,1.289303964535628,0.5210344791412354,228.37629055648443,1328
2002,"Ken Huckaby","TOR",17,0,0,0,0.294117647,0.294117647,0.294117647,0.588235294,0,0.294117647,1.1491483134693037,-0.8921452181869616,0.26237456237568574,54.89117152224306,1306
2002,"Jared Sandberg","TBD",17,0,0,0,0.6,0.529411764,1.266666666,1.79607843,0.666666666,0.466666666,7.13115677901963,5.089863247363365,0.6884047213722678,340.6327497687522,1224
2002,"Andy Sheets","TBD",6,0,0,0,0.666666666,0.666666666,1.5,2.166666666,0.833333334,0.6,3.584954172134725,2.8644976315501602,0.9039273460706075,485.18536800165003,1226
2002,"Randy Winn","TBD",7,0,0,0,0.428571428,0.428571428,1,1.428571428,0.571428572,0.333333333,2.3990259915491876,1.5584933608671963,0.5954679761614118,278.29938746362774,1235
2002,"Luis Lopez","BAL",1,0,0,0,0,0,0,0,0,0,-0.1491133062341412,-0.2691893963315686,0,-100,695
2002,"Raul Mondesi","NYY",7,0,0,0,0.428571428,0.428571428,0.571428571,0.999999999,0.142857143,0.428571428,1.4666515384922885,0.6261189078102969,0.4342050382069179,170.1391423947907,1314
2002,"Jayson Werth","TOR",11,0,0,0,0.272727272,0.272727272,0.272727272,0.545454544,0,0.272727272,0.5701983430942694,-0.7506386479774316,0.24329277602109042,42.092876299278565,1327
2002,"Chris Woodward","TOR",14,0,0,0,0.307692307,0.285714285,0.461538461,0.747252746,0.153846154,0.285714285,1.4596732692046948,-0.2213919921592883,0.3067659650530134,84.66481358427764,1329
2002,"Kevin Cash","TOR",1,0,0,0,0,0,0,0,0,0,-0.1491133062341412,-0.2691893963315686,0,-100,1593
2002,"Brian Lesher","TOR",1,0,0,0,0,0,0,0,0,0,-0.1491133062341412,-0.2691893963315686,0,-100,1309
2002,"Jose Leon","BAL",3,0,0,0,0.333333333,0.333333333,0.333333333,0.666666666,0,0.333333333,0.2894749851875173,-0.07075328510476481,0.29735783735911053,78.3547127643447,149
2002,"Luis Matos","BAL",6,0,0,0,0.2,0.2,0.2,0.4,0,0.2,-0.010501952736918257,-0.7309584933214824,0.1784147024154663,-1.421327458800813,152
2002,"Damian Rolls","TBD",11,0,0,0,0.2,0.2,0.3,0.5,0.1,0.2,0.3107463874899162,-1.010090603581785,0.21473617553710939,22.939753170938637,1222
2003,"Geronimo Gil","BAL",6,0,0,0,0.333333333,0.333333333,0.333333333,0.666666666,0,0.333333333,0.5808899905922672,-0.15460609827015193,0.29703934987386066,77.36900003699019,142
2003,"Jerry Hairston Jr.","BAL",18,0,0,0,0.235294117,0.235294117,0.352941176,0.588235293,0.117647059,0.235294117,1.061013168711004,-1.1454750978762533,0.25181927400476795,47.105607612869704,144
2003,"Melvin Mora","BAL",1,0,0,0,1,1,2,3,1,1,0.8943297008520683,0.7717470193749985,1.2493457794189453,714.6970591222254,157
2003,"Marty Cordova","BAL",2,0,0,0,0.5,0.5,0.5,1,0,0.5,0.44238737303223374,0.197222010078094,0.445559024810791,176.76532166924125,132
2003,"Terry Shumpert","TBD",4,0,0,0,0.25,0.25,1,1.25,0.75,0,1.0667555732269025,0.576424847318623,0.4998845160007477,213.12248443195259,449
2003,"Damion Easley","TBD",9,0,0,0,0.111111111,0.111111111,0.111111111,0.222222222,0,0.111111111,-0.6212092711204666,-1.7244534044140953,0.09901311662462023,-55.15942880601121,464
2003,"Rey Ordonez","TBD",10,0,0,0,0.2,0.2,0.5,0.7,0.3,0.111111111,0.901373435314736,-0.32445337945596253,0.2890656113624573,72.03260081562452,889
2003,"Toby Hall","TBD",30,0,0,0,0.233333333,0.233333333,0.366666666,0.599999999,0.133333333,0.206896551,1.8938864731986387,-1.783593971113457,0.2568158030509949,50.44951883765898,1210
2003,"Damian Rolls","TBD",15,0,0,0,0.428571428,0.4,0.714285714,1.114285714,0.285714286,0.357142857,3.4267500107357054,1.5880097885796576,0.4542237361272176,182.56415224992946,1222
2003,"Rocco Baldelli","TBD",29,0,0,0,0.344827586,0.344827586,0.551724137,0.896551723,0.206896551,0.321428571,4.884645136615508,1.329747373780483,0.3825615068961834,134.60443251207798,1656
2003,"Mike Bordick","TOR",13,0,0,0,0.384615384,0.384615384,0.692307692,1.076923076,0.307692308,0.333333333,2.9843626377034718,1.3907877785015637,0.4555567686374371,183.45628003157378,129
2003,"Josh Phelps","TOR",14,0,0,0,0.571428571,0.571428571,0.785714285,1.357142856,0.214285714,0.571428571,4.742983589981273,3.0268260493022954,0.5859733990260533,270.73719648796975,1318
2003,"Shannon Stewart","TOR",14,0,0,0,0.5,0.5,0.571428571,1.071428571,0.071428571,0.5,3.3967115613093704,1.6805540206303924,0.47114671979631695,193.88980542325774,1322
2003,"Vernon Wells","TOR",31,0,0,0,0.322580645,0.322580645,0.516129032,0.838709677,0.193548387,0.3,4.580760381143309,0.7806972553541434,0.35788011935449415,118.08649214178189,1326
2003,"Tom Wilson","TOR",7,0,0,0,0.428571428,0.428571428,0.714285714,1.142857142,0.285714286,0.428571428,1.77521964152807,0.9171408711885813,0.4842585154942104,202.66483312862823,1328
2003,"Chris Woodward","TOR",11,0,0,0,0.363636363,0.363636363,0.818181818,1.181818181,0.454545455,0.3,2.841975214754972,1.4935657185072042,0.4899406974965876,206.4676154207461,1329
2003,"Reed Johnson","TOR",18,0,0,0,0.277777777,0.277777777,0.333333333,0.61111111,0.055555556,0.277777777,1.2963977933561033,-0.9100904732311543,0.26743433210584855,57.55593574603048,1702
2003,"Dave Berg","TOR",2,0,0,0,0.5,0.5,2,2.5,1.5,0,1.3706403286991025,1.1254749657449628,0.9997690320014954,547.668612091417,1288
2003,"Todd Zeile","NYY",9,0,0,0,0.333333333,0.333333333,0.444444444,0.777777777,0.111111111,0.333333333,1.1713349359721352,0.06809080267850671,0.3368424309624566,104.0070858765714,457
2003,"Derek Jeter","NYY",32,0,0,0,0.451612903,0.4375,0.580645161,1.018145161,0.129032258,0.4375,6.78565351184181,2.8630077045755744,0.43464261293411255,169.45954762667597,826
2003,"Jorge Posada","NYY",7,0,0,0,0.285714285,0.285714285,0.285714285,0.57142857,0,0.285714285,0.42894761285616734,-0.42913115748332165,0.25460515703473774,48.97005099920418,841
2003,"Alfonso Soriano","NYY",22,0,0,0,0.318181818,0.318181818,0.5,0.818181818,0.181818182,0.285714285,3.1094254950874394,0.4126065025919025,0.3502033677968112,112.94885049772114,847
2003,"Bernie Williams","NYY",9,0,0,0,0,0,0,0,0,0,-1.3674813996249002,-2.470725532918529,0,-100,857
2003,"Bubba Trammell","NYY",4,0,0,0,0.25,0.25,0.25,0.5,0,0.25,0.13850261756003363,-0.3518281083482458,0.2227795124053955,27.670839220864675,1057
2003,"Raul Mondesi","NYY",17,0,0,0,0.235294117,0.235294117,0.352941176,0.588235293,0.117647059,0.235294117,0.9720681174621671,-1.1118374676480205,0.24971206047955682,45.69536164115815,1314
2003,"Bobby Kielty","TOR",1,0,0,0,1,1,4,5,3,0,1.5225827064352027,1.4000000249581328,1.9995380640029907,1216.760867410346,736
2003,"Orlando Hudson","TOR",2,0,0,0,0,0,0,0,0,0,-0.30388475547220006,-0.5490501184263398,0,-100,1307
2003,"Jayson Werth","TOR",3,0,0,0,0.333333333,0.333333333,0.333333333,0.666666666,0,0.333333333,0.2904449952961336,-0.07730304913507596,0.29703934987386066,77.36900003699019,1327
2003,"Antonio Perez","TBD",7,0,0,0,0.666666666,0.571428571,1.166666666,1.738095237,0.5,0.5,2.849744825531904,1.991666055192415,0.6675560304096767,325.3361139179705,1708
2003,"Julio Lugo","TBD",15,0,0,0,0.466666666,0.466666666,0.466666666,0.933333332,0,0.466666666,2.944769233489536,1.1060290113334883,0.41585508982340497,156.88605734279105,565
2003,"John Flaherty","NYY",2,0,0,0,0.5,0.5,1,1.5,0.5,0.5,0.7423873231159682,0.4972219601618285,0.6246728897094727,296.63670794735674,1206
2003,"Tony Batista","BAL",38,0,0,0,0.324324324,0.315789473,0.54054054,0.856330013,0.216216216,0.277777777,5.63796099958261,0.9798191034539555,0.3585976864162244,118.5667216230997,124
2003,"Jeff Conine","BAL",8,0,0,0,0.125,0.125,0.125,0.25,0,0.125,-0.46926689338436667,-1.4499283452009255,0.11138975620269775,-46.87640200332363,131
2003,"Brook Fordyce","BAL",19,0,0,0,0.315789473,0.315789473,0.578947368,0.894736841,0.263157895,0.277777777,3.088980574665703,0.7599096266013758,0.375566375883002,129.9229632566331,138
2003,"Jose Leon","BAL",6,0,0,0,0.166666666,0.166666666,0.166666666,0.333333332,0,0.166666666,-0.1653821379121666,-0.9008782267745857,0.14851967493693033,-22.027321595260872,149
2003,"Luis Matos","BAL",22,0,0,0,0.454545454,0.454545454,0.954545454,1.409090908,0.5,0.4,7.446494761393211,4.749675768897674,0.5856062065471302,270.49145408548014,152
2003,"Brian Roberts","BAL",3,0,0,0,0,0,0,0,0,0,-0.4558271332083001,-0.8235751776395097,0,-100,166
2003,"Robert Machado","BAL",5,0,0,0,0.2,0.2,0.2,0.4,0,0.2,-0.01343976017606649,-0.6263531675614158,0.1782236099243164,-2.1480572688106556,289
2003,"Deivi Cruz","BAL",29,0,0,0,0.275862068,0.275862068,0.413793103,0.689655171,0.137931035,0.275862068,2.7338479988141713,-0.8210497640208546,0.2940011271115007,75.3356790846908,1025
2003,"Jose Morban","BAL",2,0,0,0,0,0,0,0,0,0,-0.30388475547220006,-0.5490501184263398,0,-100,1682
2003,"Kevin Cash","TOR",2,0,0,0,0,0,0,0,0,0,-0.30388475547220006,-0.5490501184263398,0,-100,1593
2003,"Aaron Boone","NYY",11,0,0,0,0.454545454,0.454545454,0.727272727,1.181818181,0.272727273,0.454545454,2.9599943376762723,1.6115848414285041,0.5027521306818182,215.04162646669036,311
2003,"Juan Rivera","NYY",4,0,0,0,0.25,0.25,0.25,0.5,0,0.25,0.13850261756003363,-0.3518281083482458,0.2227795124053955,27.670839220864675,843
2003,"Enrique Wilson","NYY",2,0,0,0,0.5,0.5,0.5,1,0,0.5,0.44238737303223374,0.197222010078094,0.445559024810791,176.76532166924125,858
2003,"Ruben Sierra","NYY",1,0,0,0,0,0,0,0,0,0,-0.15194237773610003,-0.2745250592131699,0,-100,1099
2003,"Jared Sandberg","TBD",4,0,0,0,0.5,0.5,0.5,1,0,0.5,0.8847747460644675,0.394444020156188,0.445559024810791,176.76532166924125,1224
2004,"Josh Phelps","TOR",20,0,0,0,0.3,0.3,0.5,0.8,0.2,0.263157894,2.6363041443626622,0.15660489032671232,0.3393965005874634,103.19676393515303,1318
2004,"Vernon Wells","TOR",37,0,0,0,0.297297297,0.297297297,0.567567567,0.864864864,0.27027027,0.257142857,5.585548590590005,0.9981049706234971,0.3619933176685024,118.1856293707788,1326
2004,"Chris Woodward","TOR",10,0,0,0,0,0,0,0,0,0,-1.5574466943792498,-2.7972963213972246,0,-100,1329
2004,"Kevin Cash","TOR",13,0,0,0,0.307692307,0.307692307,0.461538461,0.769230768,0.153846154,0.307692307,1.5924936180921263,-0.019310897031240865,0.3284015197020311,95.90360010734523,1593
2004,"Reed Johnson","TOR",21,0,0,0,0.19047619,0.19047619,0.19047619,0.38095238,0,0.19047619,-0.2534636364090285,-2.8571478531467758,0.16957436289106095,-9.449241066036643,1702
2004,"Chris Gomez","TOR",11,0,0,0,0.363636363,0.363636363,0.363636363,0.727272726,0,0.363636363,1.3039830579702214,-0.059851531749550976,0.3237328746102073,92.80680586428522,1208
2004,"Gary Sheffield","NYY",34,0,0,0,0.264705882,0.264705882,0.470588235,0.735294117,0.205882353,0.242424242,3.6187594370688907,-0.5967292947922238,0.3094401008942548,83.3261581623563,114
2004,"Derek Jeter","NYY",37,0,0,0,0.166666666,0.166666666,0.166666666,0.333333332,0,0.166666666,-1.1110755356143218,-5.698519155580828,0.14837756752967834,-23.509447518955895,826
2004,"Alex Rodriguez","NYY",27,0,0,0,0.296296296,0.296296296,0.296296296,0.592592592,0,0.296296296,1.8292427687508177,-1.5183512241977144,0.2637823422749837,53.04056539138228,1274
2004,"Jorge Posada","NYY",2,0,0,0,0,0,0,0,0,0,-0.31148933887584995,-0.5594592642794449,0,-100,841
2004,"Bernie Williams","NYY",2,0,0,0,0,0,0,0,0,0,-0.31148933887584995,-0.5594592642794449,0,-100,857
2004,"Enrique Wilson","NYY",4,0,0,0,0,0,0,0,0,0,-0.6229786777516999,-1.1189185285588898,0,-100,858
2004,"John Flaherty","NYY",1,0,0,0,1,1,1,2,0,1,0.5985489360089241,0.47456397330712663,0.8902654051780701,468.5977783332182,1206
2004,"Rey Sanchez","TBD",11,0,0,0,0.181818181,0.181818181,0.181818181,0.363636362,0,0.181818181,-0.20460415292347675,-1.5684387426432491,0.16186643730510364,-14.562043412552736,213
2004,"Toby Hall","TBD",25,0,0,0,0.375,0.36,0.625,0.985,0.25,0.333333333,4.7204615125113385,1.6208374449664011,0.40667537450790403,147.82402202364258,1210
2004,"Brook Fordyce","TBD",5,0,0,0,0.4,0.4,0.4,0.8,0,0.4,0.7298638637040733,0.10993905019508585,0.356106162071228,114.28057571965284,138
2004,"Julio Lugo","TBD",27,0,0,0,0.52,0.52,0.88,1.4,0.36,0.5,9.29624671086845,5.948652717919918,0.5901910138130187,269.55316701837313,565
2004,"Rocco Baldelli","TBD",33,0,0,0,0.242424242,0.242424242,0.515151515,0.757575757,0.272727273,0.193548387,3.6156465631036263,-0.47585720605569054,0.3131354433117491,85.77734365612474,1656
2004,"Frank Menechino","TOR",8,0,0,0,0.25,0.25,0.5,0.75,0.25,0.25,0.8326298149894003,-0.1592498866249797,0.30666013807058334,81.48216002179439,931
2004,"Javy Lopez","BAL",31,0,0,0,0.310344827,0.29032258,0.551724137,0.842046717,0.24137931,0.266666666,4.055993505984014,0.21245966222829119,0.33824372868384084,102.43211009565864,103
2004,"Jerry Hairston Jr.","BAL",7,0,0,0,0.571428571,0.571428571,0.857142857,1.428571428,0.285714286,0.571428571,2.5269616347196764,1.6590668958070938,0.6098885365894863,282.6188796474046,144
2004,"Luis Matos","BAL",10,0,0,0,0.111111111,0.111111111,0.222222222,0.333333333,0.111111111,0.111111111,-0.38600941110622067,-1.6258590381241955,0.13826049698723686,-30.220278005371306,152
2004,"Melvin Mora","BAL",37,0,0,0,0.472222222,0.472222222,0.972222222,1.444444444,0.5,0.40625,13.071202435077746,8.483758815111239,0.6007783429490196,276.57592828484167,157
2004,"Brian Roberts","BAL",8,0,0,0,0.25,0.25,0.625,0.875,0.375,0.25,1.1326297644882777,0.14075006287389769,0.35092002153396606,110.84051766349012,166
2004,"Miguel Tejada","BAL",33,0,0,0,0.424242424,0.424242424,0.787878787,1.212121211,0.363636363,0.366666666,9.06684414672591,4.975340377566591,0.5081006234342401,215.10117006089163,941
2004,"Robert Machado","BAL",3,0,0,0,0.333333333,0.333333333,0.333333333,0.666666666,0,0.333333333,0.28705959713307416,-0.08489529097231832,0.2967551350593567,74.91199765147891,289
2004,"Miguel Cairo","NYY",12,0,0,0,0.166666666,0.166666666,0.166666666,0.333333332,0,0.166666666,-0.36034882236140164,-1.8481683747829716,0.14837756752967834,-23.50944751895589,1412
2004,"Tony Clark","NYY",1,0,0,0,0,0,0,0,0,0,-0.15574466943792498,-0.27972963213972246,0,-100,182
2004,"Ruben Sierra","NYY",1,0,0,0,1,1,4,5,3,0,1.5239848869501136,1.399999924248316,1.9825239181518555,1193.1120235548733,1099
2004,"Geoff Blum","TBD",2,0,0,0,1,1,1.5,2.5,0.5,1,1.4970978215167257,1.2491278961131307,1.067304939031601,586.031208900001,550
2004,"B.J. Upton","TBD",10,0,0,0,0.3,0.3,0.3,0.6,0,0.3,0.7054341219612975,-0.5344155050566775,0.267079621553421,55.227708617391954,5015
2004,"Damian Rolls","TBD",3,0,0,0,0.333333333,0.333333333,0.333333333,0.666666666,0,0.333333333,0.28705959713307416,-0.08489529097231832,0.2967551350593567,74.91199765147891,1222
2004,"Jose Cruz Jr.","TBD",1,0,0,0,0,0,0,0,0,0,-0.15574466943792498,-0.27972963213972246,0,-100,1296
2004,"Alex Rios","TOR",6,0,0,0,0.333333333,0.333333333,0.666666666,0.999999999,0.333333333,0.333333333,1.1441191538652502,0.40020937765446535,0.40888018409411114,149.28651092552278,2090
2004,"Jorge Cantu","TBD",7,0,0,0,0.571428571,0.571428571,1,1.571428571,0.428571429,0.5,2.852397686663111,1.9845029477505287,0.6647600190980094,319.01609721233655,2521
2004,"Matt Diaz","TBD",1,0,0,0,0,0,0,0,0,0,-0.15574466943792498,-0.27972963213972246,0,-100,1771
2004,"Luis Lopez","BAL",1,0,0,0,0,0,0,0,0,0,-0.15574466943792498,-0.27972963213972246,0,-100,695
2004,"Geronimo Gil","BAL",3,0,0,0,0.333333333,0.333333333,0.333333333,0.666666666,0,0.333333333,0.28705959713307416,-0.08489529097231832,0.2967551350593567,74.91199765147891,142
2004,"Jose Leon","BAL",2,0,0,0,0.5,0.5,0.5,1,0,0.5,0.44280426657099914,0.19483434116740414,0.44513270258903503,173.3334428219137,149
2004,"Felix Escalona","NYY",1,0,0,0,0,0,0,0,0,0,-0.15574466943792498,-0.27972963213972246,0,-100,1204
2004,"Andy Phillips","NYY",1,0,0,0,1,1,4,5,3,0,1.5239848869501136,1.399999924248316,1.9825239181518555,1193.1120235548733,2075
2005,"Gary Sheffield","NYY",37,0,0,0,0.444444444,0.432432432,0.833333333,1.265765765,0.388888889,0.382352941,10.540297641986871,6.106113031143214,0.5251896574690536,233.295381143328,114
2005,"Derek Jeter","NYY",34,0,0,0,0.272727272,0.264705882,0.393939393,0.658645275,0.121212121,0.242424242,2.7657565900760273,-1.3088995388073348,0.2793903070337632,66.61776046298709,826
2005,"Alex Rodriguez","NYY",31,0,0,0,0.322580645,0.322580645,0.741935483,1.064516128,0.419354838,0.222222222,6.7513171756592385,3.0361895287361733,0.4441670140912456,178.3535702901701,1274
2005,"Bernie Williams","NYY",4,0,0,0,0.25,0.25,0.25,0.5,0,0.25,0.1369886381138356,-0.3423826711665599,0.22250938415527344,28.04655646794407,857
2005,"Jorge Posada","NYY",6,0,0,0,0.166666666,0.166666666,0.333333333,0.499999999,0.166666667,0.166666666,0.13699787483804615,-0.5820590890825471,0.2087244987487793,18.698965040885042,841
2005,"Alex Gonzalez","TBD",20,0,0,0,0.421052631,0.4,0.526315789,0.926315789,0.105263158,0.4,3.4958536055991454,1.0989970591971678,0.3922459602355957,143.14567529553358,281
2005,"Julio Lugo","TBD",33,0,0,0,0.393939393,0.393939393,0.636363636,1.030303029,0.242424243,0.375,7.03363252771942,3.0788192261561576,0.4385584087082834,174.55035031049323,565
2005,"Toby Hall","TBD",23,0,0,0,0.272727272,0.260869565,0.272727272,0.533596837,0,0.260869565,0.971927205385516,-1.784457822976758,0.23218370520550272,34.60675612467369,1210
2005,"Josh Phelps","TBD",8,0,0,0,0.125,0.125,0.125,0.25,0,0.125,-0.4629928686961742,-1.4217354872569652,0.11125469207763672,-47.39573958444649,1318
2005,"Eduardo Perez","TBD",8,0,0,0,0.25,0.25,1,1.25,0.75,0,2.139713483262244,1.1809708647014527,0.5041651725769043,219.03858546161712,1409
2005,"Jorge Cantu","TBD",39,0,0,0,0.282051282,0.282051282,0.384615384,0.666666666,0.102564102,0.282051282,3.4568518632815657,-1.2170184022022903,0.28819617246970153,72.58905654775786,2521
2005,"Charles Johnson","TBD",1,0,0,0,0,0,0,0,0,0,-0.14999537670250246,-0.26983820402260134,0,-100,523
2005,"Shea Hillenbrand","TOR",21,0,0,0,0.476190476,0.476190476,0.523809523,0.999999999,0.047619047,0.476190476,4.519798528615118,2.0030991548930412,0.4410802296229771,176.26040816499403,196
2005,"John McDonald","TOR",4,0,0,0,0.5,0.5,0.5,1,0,0.5,0.8739587830376809,0.3945874737572855,0.4450187683105469,178.9311485727252,395
2005,"Vernon Wells","TOR",34,0,0,0,0.272727272,0.264705882,0.515151515,0.779857397,0.242424243,0.21875,3.998624683722528,-0.07603144516083372,0.3231824426090016,96.31340021657236,1326
2005,"Reed Johnson","TOR",15,0,0,0,0.333333333,0.333333333,0.666666666,0.999999999,0.333333333,0.285714285,2.9377881785860547,1.1401457687845717,0.4176799217859904,160.39255649431482,1702
2005,"Alex Rios","TOR",21,0,0,0,0.38095238,0.38095238,0.428571428,0.809523808,0.047619048,0.38095238,3.0458582387674276,0.5291588650453513,0.35631474994477774,118.78056355364888,2090
2005,"Orlando Hudson","TOR",7,0,0,0,0.428571428,0.428571428,0.714285714,1.142857142,0.285714286,0.428571428,1.7309427988410975,0.8920430076004053,0.4797857999801636,202.50682567092548,1307
2005,"Javy Lopez","BAL",18,0,0,0,0.277777777,0.277777777,0.5,0.777777777,0.222222223,0.235294117,2.217802037620684,0.060631145858904556,0.32995112737019855,100.9032751252475,103
2005,"Geronimo Gil","BAL",9,0,0,0,0.222222222,0.222222222,0.555555555,0.777777777,0.333333333,0.125,1.0568500030424548,-0.021735442838434992,0.32296646965874565,96.16694800904527,142
2005,"Luis Matos","BAL",14,0,0,0,0.428571428,0.428571428,0.571428571,0.999999999,0.142857143,0.428571428,2.9218855759664693,1.244085993485085,0.4332031522478376,170.91892734953177,152
2005,"Melvin Mora","BAL",32,0,0,0,0.379310344,0.366666666,0.48275862,0.849425286,0.103448276,0.366666666,4.807264281039864,0.9722938067967004,0.36257804234822594,123.02772968156275,157
2005,"Brian Roberts","BAL",14,0,0,0,0.307692307,0.307692307,0.384615384,0.692307691,0.076923077,0.307692307,1.3977822628991472,-0.280017319582237,0.301727661719689,81.76481892652497,166
2005,"Sammy Sosa","BAL",17,0,0,0,0.294117647,0.294117647,0.470588235,0.764705882,0.176470588,0.25,2.067797424193972,0.03046935975229087,0.3280476962818819,99.61255013200501,302
2005,"Miguel Tejada","BAL",35,0,0,0,0.514285714,0.514285714,0.942857142,1.457142856,0.428571428,0.484848484,12.55136056296779,8.35686160676433,0.6142421756471906,293.68228541804996,941
2005,"Chris Gomez","BAL",12,0,0,0,0.363636363,0.363636363,0.454545454,0.818181817,0.090909091,0.363636363,1.743197919378622,0.3050839915374354,0.35658723657781427,118.96533793804535,1208
2005,"Sal Fasano","BAL",5,0,0,0,0.2,0.2,0.4,0.6,0.2,0.2,0.28699325154054867,-0.3122208850599457,0.25046939849853517,47.00636517642947,1205
2005,"Ken Huckaby","TOR",1,0,0,0,1,1,1,2,0,1,0.586974768221343,0.4671319409012441,0.8900375366210938,480.70033278228743,1306
2005,"Aaron Hill","TOR",25,0,0,0,0.391304347,0.375,0.52173913,0.89673913,0.130434783,0.375,4.096710660252287,1.1006399772498157,0.3790527582168579,134.19930697623562,6104
2005,"Gregg Zaun","TOR",5,0,0,0,0.2,0.2,0.2,0.4,0,0.2,-0.013006738588666883,-0.6122208751891612,0.17800750732421874,-2.130361953012157,580
2005,"Frank Menechino","TOR",3,0,0,0,0.333333333,0.333333333,0.333333333,0.666666666,0,0.333333333,0.2869840148163381,-0.07254446714395854,0.29667917887369794,78.34142050287115,931
2005,"Ruben Sierra","NYY",4,0,0,0,0,0,0,0,0,0,-0.5999815068100098,-1.0793528160904053,0,-100,1099
2005,"Russ Johnson","NYY",1,0,0,0,0,0,0,0,0,0,-0.14999537670250246,-0.26983820402260134,0,-100,1216
2005,"Melky Cabrera","NYY",3,0,0,0,0.333333333,0.333333333,0.333333333,0.666666666,0,0.333333333,0.2869840148163381,-0.07254446714395854,0.29667917887369794,78.34142050287115,4022
2005,"John Flaherty","NYY",6,0,0,0,0.2,0.166666666,0.4,0.566666666,0.2,0.166666666,0.13699787483804615,-0.5820590890825471,0.2087244987487793,18.698965040885042,1206
2005,"Nick Green","TBD",7,0,0,0,0.142857142,0.142857142,0.142857142,0.285714284,0,0.142857142,-0.3129974919936719,-1.1518972832343641,0.1271482195172991,-36.618268719819284,1502
2005,"Jonny Gomes","TBD",17,0,0,0,0.529411764,0.529411764,0.882352941,1.411764705,0.352941177,0.5,5.915677974276999,3.8783499098353187,0.6014052559347713,284.9775136977769,1845
2005,"Damon Hollins","TBD",7,0,0,0,0.142857142,0.142857142,0.428571428,0.57142857,0.285714286,0.142857142,0.25700250899340665,-0.5818972822472855,0.22548936094556535,30.067291836889883,1919
2005,"Kevin Cash","TBD",2,0,0,0,0,0,0,0,0,0,-0.2999907534050049,-0.5396764080452027,0,-100,1593
2005,"Eric Byrnes","BAL",8,0,0,0,0.125,0.125,0.125,0.25,0,0.125,-0.4629928686961742,-1.4217354872569652,0.11125469207763672,-47.39573958444649,905
2005,"Alejandro Freire","BAL",2,0,0,0,0.5,0.5,2,2.5,1.5,0,1.3698474950361268,1.130161840395929,1.0083303451538086,560.9152065600713,8588
2005,"Guillermo Quiroz","TOR",1,0,0,0,1,1,1,2,0,1,0.586974768221343,0.4671319409012441,0.8900375366210938,480.70033278228743,7989
2005,"Mark Bellhorn","NYY",1,0,0,0,0,0,0,0,0,0,-0.14999537670250246,-0.26983820402260134,0,-100,264
2005,"Wil Nieves","NYY",1,0,0,0,0,0,0,0,0,0,-0.14999537670250246,-0.26983820402260134,0,-100,1556
2006,"Troy Glaus","TOR",15,0,0,0,0.266666666,0.266666666,0.466666666,0.733333332,0.2,0.214285714,1.5972402757266395,-0.2849478209158547,0.3092781980832418,82.45221198416998,15
2006,"Bengie Molina","TOR",20,0,0,0,0.45,0.45,0.7,1.15,0.25,0.421052631,5.208870832572732,2.6992867037160724,0.48948782682418823,201.6679622090954,24
2006,"Shea Hillenbrand","TOR",14,0,0,0,0.142857142,0.142857142,0.357142857,0.499999999,0.214285715,0.076923076,0.23484105344884673,-1.5218678367508145,0.20427551014082773,12.988808135292562,196
2006,"Vernon Wells","TOR",36,0,0,0,0.305555555,0.305555555,0.555555555,0.86111111,0.25,0.264705882,5.42821787472139,0.9109664427794039,0.361132240957684,116.75569879928634,1326
2006,"Aaron Hill","TOR",30,0,0,0,0.333333333,0.333333333,0.566666666,0.899999999,0.233333333,0.310344827,4.991473834020636,1.2270976407356475,0.3793902814388275,128.8341099741162,6104
2006,"John McDonald","TOR",11,0,0,0,0.272727272,0.272727272,0.454545454,0.727272726,0.181818182,0.272727272,1.1450022237256967,-0.23526904714546565,0.3064788850870999,80.60035644636643,395
2006,"Reed Johnson","TOR",15,0,0,0,0.266666666,0.266666666,0.266666666,0.533333332,0,0.266666666,0.6740872387050373,-1.208100857937457,0.2372421105702718,34.79750964597125,1702
2006,"Alex Rios","TOR",21,0,0,0,0.631578947,0.571428571,1.105263157,1.676691728,0.47368421,0.55,8.501343146408427,5.866279811108935,0.6584858780815488,313.4668134023274,2090
2006,"Toby Hall","TBD",23,0,0,0,0.304347826,0.304347826,0.478260869,0.782608695,0.173913043,0.304347826,2.8923305506729617,0.006308802487803731,0.33183449506759644,97.37408872335148,1210
2006,"Ty Wigginton","TBD",24,0,0,0,0.333333333,0.333333333,0.666666666,0.999999999,0.333333333,0.304347826,4.717809711285258,1.7063087566572672,0.41473081707954407,152.21326290392548,1491
2006,"Jonny Gomes","TBD",14,0,0,0,0.357142857,0.357142857,0.857142857,1.214285714,0.5,0.25,3.738213468008251,1.9815045778085891,0.49717994247164043,206.75659894917845,1845
2006,"Damon Hollins","TBD",14,0,0,0,0.285714285,0.285714285,0.428571428,0.714285713,0.142857143,0.285714285,1.431834295277949,-0.32487459492171206,0.30435183218547274,79.19322737558794,1919
2006,"Jorge Cantu","TBD",8,0,0,0,0.375,0.375,0.375,0.75,0,0.375,1.0182432304914149,0.014409578948751377,0.33362171798944473,98.55640690987639,2521
2006,"Nick Green","TBD",1,0,0,0,0,0,0,0,0,0,-0.1577470158346575,-0.28322622227749045,0,-100,1502
2006,"Derek Jeter","NYY",32,0,0,0,0.387096774,0.387096774,0.451612903,0.838709677,0.064516129,0.387096774,4.986549655265623,0.9712150490949687,0.3670383537969282,120.66282450595831,826
2006,"Alex Rodriguez","NYY",27,0,0,0,0.407407407,0.407407407,0.74074074,1.148148147,0.333333333,0.36,6.847941017233307,3.4600024432768177,0.4815096546102453,196.39008781051865,1274
2006,"Miguel Cairo","NYY",3,0,0,0,0,0,0,0,0,0,-0.4732410475039725,-0.8496786668324714,0,-100,1412
2006,"Jeff Conine","BAL",16,0,0,0,0.3125,0.3125,0.375,0.6875,0.0625,0.3125,1.5764133622957321,-0.43125394078959495,0.2999647855758667,76.29102366710725,131
2006,"Melvin Mora","BAL",36,0,0,0,0.323529411,0.314285714,0.411764705,0.726050419,0.088235294,0.314285714,3.846506211270354,-0.6707452206716323,0.3097050871167864,82.73461585322167,157
2006,"Kevin Millar","BAL",19,0,0,0,0.47368421,0.47368421,0.894736842,1.368421052,0.421052632,0.411764705,6.289770885428991,3.905665963015165,0.5721209394304376,256.3330130257526,529
2006,"Ramon Hernandez","BAL",19,0,0,0,0.315789473,0.315789473,0.315789473,0.631578946,0,0.315789473,1.5632454134788571,-0.8208595089349691,0.2809446046226903,63.70842662393633,918
2006,"Miguel Tejada","BAL",26,0,0,0,0.32,0.307692307,0.36,0.667692307,0.04,0.307692307,2.2791625611178317,-0.9832968063958246,0.2872465505049779,67.87741144168868,941
2006,"Luis Matos","BAL",6,0,0,0,0,0,0,0,0,0,-0.946482095007945,-1.6993573336649428,0,-100,152
2006,"Chris Gomez","BAL",12,0,0,0,0.5,0.5,0.916666666,1.416666666,0.416666666,0.454545454,4.190627602081316,2.6848771247673207,0.5933985660473505,270.40899907524135,1208
2006,"Andy Phillips","NYY",4,0,0,0,0.25,0.25,0.25,0.5,0,0.25,0.129085055717595,-0.3728317700537368,0.22241447865962982,24.988448528447393,2075
2006,"Gary Sheffield","NYY",5,0,0,0,0.2,0.2,0.2,0.4,0,0.2,-0.028661960117062485,-0.6560579923312272,0.17793158292770386,-4.438734824124206,114
2006,"Kelly Stinnett","NYY",2,0,0,0,0,0,0,0,0,0,-0.315494031669315,-0.5664524445549809,0,-100,356
2006,"Julio Lugo","TBD",14,0,0,0,0.357142857,0.357142857,0.5,0.857142857,0.142857143,0.357142857,2.1919074143341746,0.43519852413451354,0.36789882608822416,121.23206073640453,565
2006,"Josh Paul","TBD",7,0,0,0,0.428571428,0.428571428,0.714285714,1.142857142,0.285714286,0.428571428,1.7759902870643272,0.8976358419644965,0.4816096765654428,196.45625626395335,251
2006,"Brian Roberts","BAL",7,0,0,0,0.428571428,0.428571428,0.714285714,1.142857142,0.285714286,0.428571428,1.7759902870643272,0.8976358419644965,0.4816096765654428,196.45625626395335,166
2006,"Fernando Tatis","BAL",2,0,0,0,0,0,0,0,0,0,-0.315494031669315,-0.5664524445549809,0,-100,798
2006,"Chris Widger","BAL",1,0,0,0,1,1,1,2,0,1,0.6023261032215674,0.47684689677873454,0.8896579146385193,466.39619881702134,1541
2006,"Bernie Williams","NYY",3,0,0,0,0,0,0,0,0,0,-0.4732410475039725,-0.8496786668324714,0,-100,857
2006,"Craig Wilson","NYY",8,0,0,0,0.125,0.125,0.125,0.25,0,0.125,-0.5019030076210351,-1.5057366591636987,0.11120723932981491,-48.57950985298163,1015
2006,"Sal Fasano","NYY",4,0,0,0,0,0,0,0,0,0,-0.63098806333863,-1.1329048891099618,0,-100,1205
2006,"Melky Cabrera","NYY",5,0,0,0,0.75,0.75,0.75,1.5,0,0.75,2.0615391172875563,1.4341430850733916,0.6672434359788895,319.26028205416344,4022
2006,"Nick Green","NYY",2,0,0,0,0.5,0.5,1,1.5,0.5,0.5,0.7445791077560373,0.49362069487037136,0.620402455329895,288.27313287486834,1502
2006,"Gregg Zaun","TOR",3,0,0,0,0.333333333,0.333333333,0.666666666,0.999999999,0.333333333,0.333333333,0.5868320919213799,0.2103944725928809,0.4136016368865967,151.46626583844204,580
2006,"Jason Phillips","TOR",1,0,0,0,0,0,0,0,0,0,-0.1577470158346575,-0.28322622227749045,0,-100,892
2006,"Rocco Baldelli","TBD",6,0,0,0,0.333333333,0.333333333,0.833333333,1.166666666,0.5,0.2,1.4968171801261068,0.7439419414691092,0.4766428569952647,193.17050996156345,1656
2006,"Delmon Young","TBD",4,0,0,0,0.25,0.25,0.25,0.5,0,0.25,0.129085055717595,-0.3728317700537368,0.22241447865962982,24.988448528447393,2140
2006,"Shawn Riggans","TBD",7,0,0,0,0.142857142,0.142857142,0.142857142,0.285714284,0,0.142857142,-0.34415599178637746,-1.222510436886208,0.12709398780550277,-38.06980151277747,3393
2006,"B.J. Upton","TBD",5,0,0,0,0.6,0.6,0.8,1.4,0.2,0.6,1.7914842983645145,1.1640882661503498,0.6040241479873657,277.4382390298738,5015
2006,"Raul Chavez","BAL",1,0,0,0,0,0,0,0,0,0,-0.1577470158346575,-0.28322622227749045,0,-100,553
2007,"Derek Jeter","NYY",38,0,0,0,0.315789473,0.315789473,0.657894736,0.973684209,0.342105263,0.235294117,7.167976121991762,2.4695247221886003,0.4084993381249277,150.40979605172484,826
2007,"Alex Rodriguez","NYY",23,0,0,0,0.434782608,0.434782608,0.913043478,1.347826086,0.47826087,0.35,7.350617351801936,4.5068178203421265,0.5645685921544614,254.83504288382653,1274
2007,"Wil Nieves","NYY",11,0,0,0,0,0,0,0,0,0,-1.6956470937304644,-3.05572513051559,0,-100,1556
2007,"Josh Phelps","NYY",7,0,0,0,0.285714285,0.285714285,0.285714285,0.57142857,0,0.285714285,0.42457527633001135,-0.44092892889688684,0.2559859071459089,48.363734678349225,1318
2007,"Kevin Thompson","NYY",2,0,0,0,0.5,0.5,1,1.5,0.5,0.5,0.7435122418555236,0.4962253260764098,0.626733660697937,296.4294149935216,7044
2007,"Royce Clayton","TOR",13,0,0,0,0.333333333,0.333333333,0.333333333,0.666666666,0,0.333333333,1.253904192934661,-0.35346075962957835,0.29865022500356037,76.91024084903555,226
2007,"Frank Thomas","TOR",29,0,0,0,0.428571428,0.413793103,0.642857142,1.056650245,0.214285714,0.392857142,6.377379603507135,2.7917193247099856,0.445774847063525,175.3506740350888,255
2007,"John McDonald","TOR",26,0,0,0,0.25,0.24,0.333333333,0.573333333,0.083333333,0.24,1.3074119612479322,-1.9073179438805468,0.24362949371337891,40.09611316202373,395
2007,"Jason Phillips","TOR",9,0,0,0,0.444444444,0.444444444,0.555555555,0.999999999,0.111111111,0.444444444,1.9198992316284156,0.8071081106224036,0.4379243718253242,170.09795581332236,892
2007,"Vernon Wells","TOR",34,0,0,0,0.382352941,0.382352941,0.676470588,1.058823529,0.294117647,0.34375,7.554423988181534,3.3505464199366,0.4484911385704489,177.16813265525235,1326
2007,"Alex Rios","TOR",30,0,0,0,0.4,0.4,0.633333333,1.033333333,0.233333333,0.379310344,6.523229867713455,2.8139261310267485,0.4428329070409139,173.38223499219905,2090
2007,"Aaron Hill","TOR",33,0,0,0,0.424242424,0.424242424,0.727272727,1.151515151,0.303030303,0.387096774,8.490385467427428,4.410151357072049,0.4903151844487046,205.15241656505765,6104
2007,"Melvin Mora","BAL",14,0,0,0,0.5,0.5,0.642857142,1.142857142,0.142857142,0.5,3.704585692988664,1.973577282534868,0.4990491441317967,210.99627031703315,157
2007,"Brian Roberts","BAL",7,0,0,0,0,0,0,0,0,0,-1.07904815055575,-1.9445523557826483,0,-100,166
2007,"Kevin Millar","BAL",21,0,0,0,0.35,0.333333333,0.4,0.733333333,0.05,0.333333333,2.3255375424329148,-0.2709750732477798,0.3156748272123791,88.30132680590071,529
2007,"Ramon Hernandez","BAL",20,0,0,0,0.3,0.3,0.55,0.85,0.25,0.263157894,2.9538569449929577,0.4809877872018199,0.35971249341964723,117.76673427644229,918
2007,"Miguel Tejada","BAL",29,0,0,0,0.310344827,0.310344827,0.551724137,0.862068964,0.24137931,0.259259259,4.447925843387737,0.8622655645905878,0.3664861300895954,122.29894458018644,941
2007,"Jay Payton","BAL",27,0,0,0,0.28,0.259259259,0.36,0.619259259,0.08,0.259259259,1.7006391276708424,-1.6377342353471935,0.2587662228831538,50.22403162753588,890
2007,"Chris Gomez","BAL",2,0,0,0,0.5,0.5,1,1.5,0.5,0.5,0.7435122418555236,0.4962253260764098,0.626733660697937,296.4294149935216,1208
2007,"Jorge Posada","NYY",3,0,0,0,0.333333333,0.333333333,0.666666666,0.999999999,0.333333333,0.333333333,0.5893625060618449,0.21843213239317424,0.4178224404652913,156.64784254709144,841
2007,"Melky Cabrera","NYY",6,0,0,0,0.5,0.5,0.833333333,1.333333333,0.333333333,0.5,1.9305367255665704,1.1886759782292293,0.5671475529670715,256.5606141444937,4022
2007,"Ty Wigginton","TBD",7,0,0,0,0.285714285,0.285714285,0.285714285,0.57142857,0,0.285714285,0.42457527633001135,-0.44092892889688684,0.2559859071459089,48.363734678349225,1491
2007,"Jonny Gomes","TBD",13,0,0,0,0.538461538,0.538461538,0.615384615,1.153846153,0.076923077,0.538461538,3.5587354287823434,1.951370476218104,0.509936259343074,218.28079089923585,1845
2007,"Delmon Young","TBD",27,0,0,0,0.37037037,0.37037037,0.407407407,0.777777777,0.037037037,0.37037037,3.6560742679994847,0.3177009049814486,0.34507494061081495,107.97281250379783,2140
2007,"Brendan Harris","TBD",31,0,0,0,0.333333333,0.333333333,0.633333333,0.966666666,0.3,0.310344827,5.775926624512307,1.9429794299360434,0.4057455817858378,148.56726987824476,2178
2007,"Dustan Mohr","TBD",3,0,0,0,0,0,0,0,0,0,-0.46244920738103573,-0.8333795810497064,0,-100,744
2007,"Josh Wilson","TBD",16,0,0,0,0.266666666,0.25,0.333333333,0.583333333,0.066666667,0.25,0.8408510810726653,-1.137444245160245,0.24633245915174484,41.90465536871992,2102
2007,"Jorge Cantu","TBD",1,0,0,0,0,0,0,0,0,0,-0.15414973579367858,-0.27779319368323546,0,-100,2521
2007,"Troy Glaus","TOR",22,0,0,0,0.545454545,0.545454545,1,1.545454545,0.454545455,0.47368421,8.708390514481376,5.988234440911125,0.6554301055994901,315.6300792158381,15
2007,"Gregg Zaun","TOR",3,0,0,0,0.333333333,0.333333333,0.666666666,0.999999999,0.333333333,0.333333333,0.5893625060618449,0.21843213239317424,0.4178224404652913,156.64784254709144,580
2007,"Reed Johnson","TOR",12,0,0,0,0.25,0.25,0.333333333,0.583333333,0.083333333,0.25,0.705638310804499,-0.7780831838701836,0.253780722618103,46.88825547484842,1702
2007,"B.J. Upton","TBD",14,0,0,0,0.285714285,0.285714285,0.571428571,0.857142856,0.285714286,0.23076923,2.0751319328692674,0.3441235224154711,0.3603451337133135,118.19003109574749,5015
2007,"Josh Paul","TBD",3,0,0,0,0,0,0,0,0,0,-0.46244920738103573,-0.8333795810497064,0,-100,251
2007,"J.R. House","BAL",1,0,0,0,0,0,0,0,0,0,-0.15414973579367858,-0.27779319368323546,0,-100,992
2007,"Ray Olmedo","TOR",1,0,0,0,0,0,0,0,0,0,-0.15414973579367858,-0.27779319368323546,0,-100,1718
2007,"Dioner Navarro","TBD",8,0,0,0,0.666666666,0.666666666,0.833333333,1.499999999,0.166666667,0.666666666,3.176464585345935,2.18731692222948,0.6568865577379862,316.60458489286805,3179
2007,"Alberto Gonzalez","NYY",1,0,0,0,0,0,0,0,0,0,-0.15414973579367858,-0.27779319368323546,0,-100,4906
2007,"Jose Molina","NYY",2,0,0,0,0,0,0,0,0,0,-0.30829947158735715,-0.5555863873664709,0,-100,25
2008,"Jose Molina","NYY",20,0,0,0,0.421052631,0.4,0.578947368,0.978947368,0.157894737,0.4,3.803935469783999,1.3965506569521202,0.4129354327917099,154.39524212406008,25
2008,"Jorge Posada","NYY",1,0,0,0,1,1,1,2,0,1,0.5890025322511856,0.4686332916095917,0.8960544466972351,478.13213079437526,841
2008,"Alex Rodriguez","NYY",25,0,0,0,0.44,0.44,0.52,0.96,0.08,0.44,4.9695955280295205,1.960364511989672,0.42333790540695193,161.36591399166568,1274
2008,"Melky Cabrera","NYY",2,0,0,0,1,0.5,1,1.5,0,0.5,0.4383287875984304,0.19759030631524255,0.44802722334861755,177.91016653352494,4022
2008,"Alberto Gonzalez","NYY",7,0,0,0,0.5,0.5,0.666666666,1.166666666,0.166666666,0.5,1.8841508139974525,1.041566129506295,0.5085979501406351,218.49846480319735,4906
2008,"David Eckstein","TOR",9,0,0,0,0.111111111,0.111111111,0.222222222,0.333333333,0.111111111,0.111111111,-0.3163873757683309,-1.3997105415426763,0.13994208971659342,-28.536940156243702,10
2008,"Gregg Zaun","TOR",5,0,0,0,0.2,0.2,0.4,0.6,0.2,0.2,0.28630760284269,-0.31553860036527964,0.25189576148986814,46.48294590062165,580
2008,"Scott Rolen","TOR",22,0,0,0,0.363636363,0.363636363,0.545454545,0.909090908,0.181818182,0.363636363,3.8025880296810137,1.1544647355659472,0.39191513711755926,140.30959257475388,970
2008,"Shannon Stewart","TOR",6,0,0,0,0.166666666,0.166666666,0.166666666,0.333333332,0,0.166666666,-0.16436619101259053,-0.8865816348621541,0.14934240778287253,-22.23780964037528,1322
2008,"Vernon Wells","TOR",29,0,0,0,0.214285714,0.206896551,0.357142857,0.564039408,0.142857143,0.206896551,1.2685192633038451,-2.2221887153023787,0.2355180732135115,35.50829639689332,1326
2008,"Alex Rios","TOR",35,0,0,0,0.352941176,0.342857142,0.735294117,1.078151259,0.382352941,0.303030303,7.53526820816895,3.3223447857131614,0.4433378185544695,174.76780766526062,2090
2008,"Aaron Hill","TOR",6,0,0,0,0.166666666,0.166666666,0.333333333,0.499999999,0.166666667,0.166666666,0.13563385818993487,-0.5865815856596287,0.20991313457489014,18.350488629297157,6104
2008,"Rod Barajas","TOR",13,0,0,0,0.153846153,0.153846153,0.153846153,0.307692306,0,0.153846153,-0.47940612667793625,-2.0442062550186573,0.1378545302611131,-29.935808723986824,45
2008,"Marco Scutaro","TOR",25,0,0,0,0.291666666,0.28,0.333333333,0.613333333,0.041666667,0.28,1.7108903712112302,-1.298340644828618,0.26543221950531004,55.55369384347215,1555
2008,"Jonny Gomes","TBR",5,0,0,0,0.2,0.2,0.2,0.4,0,0.2,-0.013692446359835422,-0.6155386495678051,0.179210889339447,-2.223012022985278,1845
2008,"Dioner Navarro","TBR",6,0,0,0,0.333333333,0.333333333,0.333333333,0.666666666,0,0.333333333,0.5753100858913505,-0.1469053579582132,0.29868481556574505,77.83617844657485,3179
2008,"Justin Ruggiano","TBR",5,0,0,0,0.4,0.4,0.4,0.8,0,0.4,0.7259838305441055,0.12413762733613581,0.358421778678894,117.86577368135485,7620
2008,"Jason Bartlett","TBR",30,0,0,0,0.3,0.3,0.4,0.7,0.1,0.3,3.0368743001603864,-0.5742029190874315,0.3051587700843811,82.17435979098825,8219
2008,"Evan Longoria","TBR",16,0,0,0,0.3125,0.3125,0.375,0.6875,0.0625,0.3125,1.587601519278146,-0.3383063309873569,0.3027310371398926,80.54754178683324,9368
2008,"Andy Cannizaro","TBR",1,0,0,0,0,0,0,0,0,0,-0.15067374465275524,-0.27104298529434917,0,-100,7068
2008,"Shawn Riggans","TBR",2,0,0,0,0,0,0,0,0,0,-0.3013474893055105,-0.5420859705886983,0,-100,3393
2008,"B.J. Upton","TBR",12,0,0,0,0.166666666,0.166666666,0.25,0.416666666,0.083333334,0.166666666,-0.028732332822655915,-1.473163220521783,0.17962777117888132,-1.9436605055390779,5015
2008,"Willy Aybar","TBR",7,0,0,0,0.571428571,0.571428571,0.857142857,1.428571428,0.285714286,0.571428571,2.503988993451528,1.6614043089603705,0.6158666440418789,290.37895846165634,2192
2008,"Melvin Mora","BAL",18,0,0,0,0.117647058,0.111111111,0.176470588,0.287581699,0.05882353,0.111111111,-0.9327748007391874,-3.099421132287878,0.11975184745258755,-42.06637291280118,157
2008,"Kevin Millar","BAL",20,0,0,0,0.333333333,0.3,0.611111111,0.911111111,0.277777778,0.263157894,2.955949722771576,0.5485649099396972,0.361572328209877,119.9769493407786,529
2008,"Jay Payton","BAL",14,0,0,0,0.285714285,0.285714285,0.285714285,0.57142857,0,0.285714285,0.8492726824771899,-0.8358966865051252,0.25601555619921,49.24361042173192,890
2008,"Ramon Hernandez","BAL",22,0,0,0,0.272727272,0.272727272,0.454545454,0.727272726,0.181818182,0.238095238,2.3546021842635403,-0.2935211098515262,0.31218282742933795,86.88116371558577,918
2008,"Adam Jones","BAL",26,0,0,0,0.28,0.269230769,0.48,0.749230769,0.2,0.24,2.791583531758985,-0.338016724922457,0.3125961927267221,87.15815880666615,6368
2008,"Oscar Salazar","BAL",9,0,0,0,0.222222222,0.222222222,0.333333333,0.555555555,0.111111111,0.222222222,0.4232889011356099,-0.6600342646387355,0.2395036949051751,38.179051901723035,495
2008,"Alex Cintron","BAL",3,0,0,0,0,0,0,0,0,0,-0.4520212339582657,-0.8131289558830475,0,-100,50
2008,"Brian Roberts","BAL",6,0,0,0,0.166666666,0.166666666,0.333333333,0.499999999,0.166666667,0.166666666,0.13563385818993487,-0.5865815856596287,0.20991313457489014,18.350488629297157,166
2008,"Guillermo Quiroz","BAL",3,0,0,0,0.333333333,0.333333333,0.333333333,0.666666666,0,0.333333333,0.28765504294567523,-0.0734526789791066,0.29868481556574505,77.83617844657485,7989
2008,"Derek Jeter","NYY",13,0,0,0,0.307692307,0.307692307,0.384615384,0.692307691,0.076923077,0.307692307,1.2999464763324706,-0.2648536520082505,0.30366478058008045,81.17324101920053,826
2008,"Xavier Nady","NYY",18,0,0,0,0.277777777,0.277777777,0.5,0.777777777,0.222222223,0.235294117,2.21762088597062,0.05097455442192946,0.3317759864860111,100.01049245169375,1658
2008,"Justin Christian","NYY",1,0,0,0,0,0,0,0,0,0,-0.15067374465275524,-0.27104298529434917,0,-100,8297
2008,"Chad Moeller","NYY",6,0,0,0,0.4,0.333333333,0.6,0.933333333,0.2,0.333333333,0.8753101350938757,0.1530946912443121,0.35925554235776264,118.42447671624727,66
2008,"Richie Sexson","NYY",2,0,0,0,0.5,0.5,0.5,1,0,0.5,0.4383287875984304,0.19759030631524255,0.44802722334861755,177.91016653352494,709
2008,"John McDonald","TOR",13,0,0,0,0.23076923,0.23076923,0.384615384,0.615384614,0.153846154,0.23076923,0.8602702486310554,-0.7045298797096656,0.2626932355073782,53.71830725738008,395
2008,"Juan Castro","BAL",5,0,0,0,0.4,0.4,1,1.4,0.6,0.25,1.6573506865420904,1.0555044833341207,0.5840760111808777,269.0761318805163,315
2008,"Luis Montanez","BAL",5,0,0,0,0.4,0.4,0.4,0.8,0,0.4,0.7259838305441055,0.12413762733613581,0.358421778678894,117.86577368135485,2923
2008,"Ben Zobrist","TBR",3,0,0,0,0.666666666,0.666666666,1,1.666666666,0.333333334,0.666666666,1.3273313690521413,0.9662236471273595,0.7185110847155253,359.16075115981994,7435
2008,"Fernando Perez","TBR",4,0,0,0,0,0,0,0,0,0,-0.602694978611021,-1.0841719411773967,0,-100,7755
2008,"Rocco Baldelli","TBR",3,0,0,0,0.333333333,0.333333333,0.333333333,0.666666666,0,0.333333333,0.28765504294567523,-0.0734526789791066,0.29868481556574505,77.83617844657485,1656
2008,"Kevin Mench","TOR",4,0,0,0,0.25,0.25,0.5,0.75,0.25,0.25,0.43698134749544537,-0.04449561507093036,0.3148697018623352,88.68163180760843,1261
2008,"Jose Bautista","TOR",3,0,0,0,0.333333333,0.333333333,1.333333333,1.666666666,1,0,1.2190218989436599,0.8579141770188781,0.6747752030690511,329.85344211184383,1887
2008,"Cody Ransom","NYY",8,0,0,0,0.625,0.625,1.5,2.125,0.875,0.5,4.655725188496158,3.6927712633634058,0.8875298649072647,472.41982904994364,1126
2008,"Ivan Rodriguez","NYY",3,0,0,0,0,0,0,0,0,0,-0.4520212339582657,-0.8131289558830475,0,-100,1275
2009,"Pat Burrell","TBR",22,0,0,0,0.227272727,0.227272727,0.227272727,0.454545454,0,0.227272727,0.3591315642587578,-2.277283932209786,0.20336396314881064,13.071125179975127,949
2009,"Jason Bartlett","TBR",25,0,0,0,0.458333333,0.44,0.583333333,1.023333333,0.125,0.44,5.239381089741876,2.24345438920944,0.4372897672653198,167.81163049047595,8219
2009,"Evan Longoria","TBR",30,0,0,0,0.357142857,0.333333333,0.857142857,1.19047619,0.5,0.259259259,7.13867574904792,3.5435637084089957,0.47164382139841715,190.53662962469764,9368
2009,"Gabe Kapler","TBR",7,0,0,0,0.428571428,0.428571428,0.571428571,0.999999999,0.142857143,0.428571428,1.4558895422034641,0.617030066054382,0.43536387171064106,166.53766222335048,1256
2009,"Dioner Navarro","TBR",7,0,0,0,0.333333333,0.333333333,0.333333333,0.666666666,0,0.333333333,0.6630798971259072,-0.17577957902317495,0.29826714595158893,75.84900690166216,3179
2009,"Ben Zobrist","TBR",6,0,0,0,0.166666666,0.166666666,0.166666666,0.333333332,0,0.166666666,-0.17086029962424215,-0.8898827077520268,0.14913357297579447,-22.801950089560346,7435
2009,"Shawn Riggans","TBR",4,0,0,0,0.25,0.25,1,1.25,0.75,0,1.0647995859196795,0.5854513138344897,0.5058325529098511,213.15226884408617,3393
2009,"Ryan Freel","BAL",5,0,0,0,0.2,0.2,0.2,0.4,0,0.2,-0.01918116682674602,-0.6183665069332333,0.17896028757095336,-3.071758691315825,1207
2009,"Ty Wigginton","BAL",30,0,0,0,0.3,0.3,0.3,0.6,0,0.3,2.1025564905217253,-1.4925555501171983,0.26844043135643003,56.11881550341765,1491
2009,"Adam Jones","BAL",15,0,0,0,0.2,0.2,0.2,0.4,0,0.2,-0.057543500480238055,-1.8550995207996999,0.17896028757095336,-3.0717586913158255,6368
2009,"Chad Moeller","BAL",2,0,0,0,0,0,0,0,0,0,-0.303358265594992,-0.5430324016375869,0,-100,66
2009,"Robert Andino","BAL",8,0,0,0,0.375,0.375,0.375,0.75,0,0.375,1.004210429102234,0.04551388493185437,0.33555053919553757,100.51174614946781,4900
2009,"Brian Roberts","BAL",5,0,0,0,0.6,0.6,1.2,1.8,0.6,0.6,2.3592477684059245,1.760062428299437,0.7547665357589721,377.82059365977506,166
2009,"Gregg Zaun","BAL",1,0,0,0,0,0,0,0,0,0,-0.151679132797496,-0.27151620081879346,0,-100,580
2009,"Cesar Izturis","BAL",4,0,0,0,0.25,0.25,0.25,0.5,0,0.25,0.13249796597074998,-0.34685030611443984,0.2237003594636917,26.52352840605092,656
2009,"Jose Molina","NYY",7,0,0,0,0.571428571,0.571428571,0.571428571,1.142857142,0,0.571428571,1.8951040590604644,1.056244582911382,0.511315107345581,216.77894546055148,25
2009,"Derek Jeter","NYY",38,0,0,0,0.315789473,0.315789473,0.447368421,0.763157894,0.131578948,0.297297297,4.6390685001803575,0.0852599153710546,0.3313797790753214,97.75281354274394,826
2009,"Jorge Posada","NYY",1,0,0,0,1,1,1,2,0,1,0.5875353643632379,0.46769829634194054,0.8948014378547668,470.4528348665521,841
2009,"Cody Ransom","NYY",2,0,0,0,0.5,0.5,1,1.5,0.5,0.5,0.7358562118694761,0.49618207582688123,0.6289721131324768,294.60834353634874,1126
2009,"Mark Teixeira","NYY",7,0,0,0,0.714285714,0.714285714,1,1.714285714,0.285714286,0.714285714,3.2343185168286666,2.3954590406795844,0.7428989665848869,369.9702683921502,1281
2009,"Melky Cabrera","NYY",4,0,0,0,0.333333333,0.333333333,0.333333333,0.666666666,0,0.333333333,0.3789027983576613,-0.10044547372752854,0.29826714595158893,75.84900690166216,4022
2009,"Nick Swisher","NYY",4,0,0,0,0.5,0.5,0.75,1.25,0.25,0.5,1.1717124434352182,0.6923641713500284,0.5381864160299301,234.5541537146167,4599
2009,"Angel Berroa","NYY",7,0,0,0,0.166666666,0.166666666,0.166666666,0.333333332,0,0.166666666,-0.1993370162282825,-1.0381964923773648,0.14913357297579447,-22.801950089560343,591
2009,"Michel Hernandez","TBR",4,0,0,0,0.25,0.25,0.25,0.5,0,0.25,0.13249796597074998,-0.34685030611443984,0.2237003594636917,26.52352840605092,1835
2009,"B.J. Upton","TBR",13,0,0,0,0.23076923,0.23076923,0.307692307,0.538461537,0.076923077,0.23076923,0.545814745418488,-1.012067138858379,0.23442670015188363,33.61893792913509,5015
2009,"Rod Barajas","TOR",25,0,0,0,0.24,0.24,0.48,0.72,0.24,0.173913043,2.5079119029248633,-0.4880147976075732,0.30503464698791505,80.32566792674885,45
2009,"Kevin Millar","TOR",20,0,0,0,0.4,0.4,0.75,1.15,0.35,0.333333333,5.044736541537546,2.6479951811115967,0.48893059194087984,201.97172383771166,529
2009,"Scott Rolen","TOR",9,0,0,0,0.222222222,0.222222222,0.333333333,0.555555555,0.111111111,0.222222222,0.41331677944773815,-0.665216832743939,0.23919396267996895,36.77245327272808,970
2009,"Vernon Wells","TOR",33,0,0,0,0.333333333,0.333333333,0.454545454,0.787878787,0.121212121,0.333333333,4.325948007665642,0.37132476296282624,0.3422844536376722,104.96618984553223,1326
2009,"Marco Scutaro","TOR",18,0,0,0,0.277777777,0.277777777,0.277777777,0.555555554,0,0.277777777,0.9658480954487421,-1.1912191289346121,0.24855595495965746,42.96535457125468,1555
2009,"Alex Rios","TOR",12,0,0,0,0.416666666,0.416666666,0.5,0.916666666,0.083333334,0.416666666,2.175922872537452,0.7378780562818825,0.4030958314736684,145.19254867118408,2090
2009,"Aaron Hill","TOR",38,0,0,0,0.368421052,0.368421052,0.631578947,0.999999999,0.263157895,0.314285714,7.682100754095951,3.1282921692866474,0.4283144536771272,161.87451480884982,6104
2009,"Jose Bautista","TOR",21,0,0,0,0.3,0.285714285,0.75,1.035714285,0.45,0.166666666,4.046930054063777,1.5303516256165302,0.41687594992773874,154.3080137259045,1887
2009,"Alex Rodriguez","NYY",17,0,0,0,0.411764705,0.411764705,0.764705882,1.176470587,0.352941177,0.375,4.398257859258461,2.361027702896405,0.49677958909203024,207.1637880049669,1274
2009,"Francisco Cervelli","NYY",3,0,0,0,0.333333333,0.333333333,0.666666666,0.999999999,0.333333333,0.333333333,0.5841770790719802,0.22466587500808777,0.41931474208831787,155.9212599973049,5275
2009,"Melvin Mora","BAL",14,0,0,0,0.153846153,0.142857142,0.23076923,0.373626372,0.076923077,0.142857142,-0.34507888453974184,-2.0227978368379063,0.1537675474371229,-19.736603996382957,157
2009,"Nolan Reimold","BAL",16,0,0,0,0.533333333,0.5,0.733333333,1.233333333,0.2,0.5,4.386849793437138,2.469456705096379,0.5154899917542934,219.54060625918368,3441
2009,"Matt Wieters","BAL",3,0,0,0,0.333333333,0.333333333,0.333333333,0.666666666,0,0.333333333,0.28417709876824593,-0.07533410529564641,0.29826714595158893,75.84900690166215,4298
2009,"Jerry Hairston Jr.","NYY",1,0,0,0,1,1,1,2,0,1,0.5875353643632379,0.46769829634194054,0.8948014378547668,470.4528348665521,144
2009,"John McDonald","TOR",18,0,0,0,0.375,0.352941176,0.5,0.852941176,0.125,0.352941176,2.60125590283882,0.44418867845546534,0.3585349531734691,115.71579705203287,395
2009,"Raul Chavez","TOR",2,0,0,0,0,0,0,0,0,0,-0.303358265594992,-0.5430324016375869,0,-100,553
2009,"Justin Turner","BAL",1,0,0,0,0,0,0,0,0,0,-0.151679132797496,-0.27151620081879346,0,-100,5235
2009,"Willy Aybar","TBR",1,0,0,0,0,0,0,0,0,0,-0.151679132797496,-0.27151620081879346,0,-100,2192
2009,"Fernando Perez","TBR",1,0,0,0,0,0,0,0,0,0,-0.151679132797496,-0.27151620081879346,0,-100,7755
2009,"Edwin Encarnacion","TOR",3,0,0,0,0.666666666,0.666666666,0.666666666,1.333333332,0,0.666666666,1.0233915959289799,0.6638803918650875,0.5965342919031779,273.15092088410717,2151
2009,"Randy Ruiz","TOR",5,0,0,0,0.8,0.8,2.2,3,1.4,0.666666666,4.363065544857049,3.763880204750562,1.2398812174797058,698.7210230353271,2761
2010,"Derek Jeter","NYY",28,0,0,0,0.357142857,0.357142857,0.392857142,0.749999999,0.035714285,0.357142857,3.4858949366362535,0.2705117646010362,0.3330691180058888,105.81337342929903,826
2010,"Jorge Posada","NYY",7,0,0,0,0.428571428,0.428571428,0.714285714,1.142857142,0.285714286,0.428571428,1.7543034972238236,0.9504577042150192,0.49080510650362286,213.0055832826607,841
2010,"Alex Rodriguez","NYY",34,0,0,0,0.303030303,0.294117647,0.484848484,0.778966131,0.181818181,0.272727272,4.176017029192028,0.2716231774349791,0.3309776818051058,104.39210190930932,1274
2010,"Nick Swisher","NYY",10,0,0,0,0.3,0.3,0.7,1,0.4,0.222222222,1.9698576407897226,0.8215065079200021,0.42373148798942567,167.42454968422203,4599
2010,"Mark Teixeira","NYY",8,0,0,0,0.375,0.375,0.875,1.25,0.5,0.285714285,2.2534790462555403,1.334798139959764,0.5296643599867821,239.41305879780992,1281
2010,"Pat Burrell","TBR",8,0,0,0,0.625,0.625,1.25,1.875,0.625,0.571428571,3.9847979841373755,3.066117077841599,0.800333634018898,423.35102944884125,949
2010,"Dioner Navarro","TBR",4,0,0,0,0,0,0,0,0,0,-0.5672428109316361,-1.0265832640795243,0,-100,3179
2010,"B.J. Upton","TBR",21,0,0,0,0.35,0.35,1.05,1.4,0.7,0.1875,6.832714599738485,4.421177220712072,0.5842978775501251,276.5402073670872,5015
2010,"Jason Bartlett","TBR",32,0,0,0,0.21875,0.21875,0.53125,0.75,0.3125,0.166666666,3.523646301522017,-0.15107732366108853,0.31508122757077217,93.58939242975688,8219
2010,"Evan Longoria","TBR",27,0,0,0,0.307692307,0.296296296,0.615384615,0.911680911,0.307692308,0.24,4.37835928126805,1.2778112225198048,0.3801768532505742,137.82624690323968,9368
2010,"Gabe Kapler","TBR",2,0,0,0,0.5,0.5,0.5,1,0,0.5,0.43203805394366585,0.20236782736972175,0.44753631949424744,183.60153325335486,1256
2010,"Willy Aybar","TBR",3,0,0,0,0.666666666,0.666666666,2,2.666666666,1.333333334,0.5,2.2468731005106015,1.9023677606496854,1.1140807469685872,636.5632880620528,2192
2010,"Ben Zobrist","TBR",6,0,0,0,0.5,0.5,0.5,1,0,0.5,1.2961141618309975,0.6071034821091652,0.44753631949424744,183.60153325335486,7435
2010,"Miguel Tejada","BAL",24,0,0,0,0.333333333,0.333333333,0.5,0.833333333,0.166666667,0.304347826,3.5628050995764156,0.8067623806890869,0.36302825311819714,126.17262009563542,941
2010,"Ty Wigginton","BAL",27,0,0,0,0.384615384,0.37037037,0.653846153,1.024216523,0.269230769,0.32,5.50967818102415,2.4091301222759047,0.4325819037578724,173.43900227285545,1491
2010,"Garrett Atkins","BAL",4,0,0,0,0,0,0,0,0,0,-0.5672428109316361,-1.0265832640795243,0,-100,1790
2010,"Luis Montanez","BAL",9,0,0,0,0.111111111,0.111111111,0.111111111,0.222222222,0,0.111111111,-0.5606368651866973,-1.5941528847694457,0.09945251544316609,-52.94481565379976,2923
2010,"Nolan Reimold","BAL",3,0,0,0,0.666666666,0.666666666,1,1.666666666,0.333333334,0.666666666,1.3058868296831083,0.9613814898221922,0.7217847307523092,369.97176829928725,3441
2010,"Matt Wieters","BAL",10,0,0,0,0.4,0.4,0.6,1,0.2,0.4,2.0445308484345803,0.8961797155648599,0.4330708384513855,173.77126627152046,4298
2010,"Adam Jones","BAL",29,0,0,0,0.333333333,0.321428571,0.592592592,0.914021163,0.259259259,0.269230769,4.81835830527039,1.4881400199482013,0.3851656700883593,141.2164833767856,6368
2010,"Julio Lugo","BAL",7,0,0,0,0.285714285,0.285714285,0.571428571,0.857142856,0.285714286,0.285714285,1.0086439930166011,0.20479820000779667,0.357577451637813,122.46843399505676,565
2010,"Cesar Izturis","BAL",8,0,0,0,0.5,0.5,0.5,1,0,0.5,1.7281522157746634,0.809471309478887,0.44753631949424744,183.60153325335486,656
2010,"Craig Tatum","BAL",4,0,0,0,0.25,0.25,0.25,0.5,0,0.25,0.14841664847784786,-0.3109238046700403,0.22376815974712372,31.536023241612614,7468
2010,"Marcus Thames","NYY",10,0,0,0,0.222222222,0.2,0.222222222,0.422222222,0,0.2,0.01321189148987767,-1.135139241379843,0.17901452779769897,1.122921239264162,1523
2010,"Francisco Cervelli","NYY",14,0,0,0,0.538461538,0.5,0.615384615,1.115384615,0.076923077,0.5,3.324266396668529,1.71657481065092,0.4743369562285287,201.8143679043772,5275
2010,"Kevin Russo","NYY",1,0,0,0,0,0,0,0,0,0,-0.14181070273290902,-0.25664581601988107,0,-100,3630
2010,"Ramiro Pena","NYY",2,0,0,0,0.5,0.5,0.5,1,0,0.5,0.43203805394366585,0.20236782736972175,0.44753631949424744,183.60153325335486,8841
2010,"Alex Gonzalez","TOR",10,0,0,0,0.2,0.2,0.3,0.5,0.1,0.2,0.3132119105527452,-0.8351392223169752,0.21653541922569275,26.620889750695426,520
2010,"Vernon Wells","TOR",30,0,0,0,0.166666666,0.166666666,0.2,0.366666666,0.033333334,0.166666666,-0.3760237658769833,-3.8210771644861445,0.1616857369740804,-10.653157258491051,1326
2010,"Jose Bautista","TOR",30,0,0,0,0.310344827,0.3,0.724137931,1.024137931,0.413793104,0.192307692,5.950559136008058,2.505505737398896,0.42544019818305967,168.58573314906732,1887
2010,"John Buck","TOR",21,0,0,0,0.55,0.523809523,0.7,1.223809523,0.15,0.523809523,5.794229353301835,3.3826919742754233,0.5224488462720599,234.50963208032732,2041
2010,"Aaron Hill","TOR",11,0,0,0,0,0,0,0,0,0,-1.5599177300619993,-2.823103976218692,0,-100,6104
2010,"Jose Molina","TOR",9,0,0,0,0.375,0.375,0.375,0.75,0,0.375,1.139054350910827,0.10553833132807854,0.3356522396206856,107.56877824748375,25
2010,"John McDonald","TOR",21,0,0,0,0.4,0.38095238,0.65,1.03095238,0.25,0.35,4.28823722683801,1.8766998478115975,0.43275652329126996,173.55766798666437,395
2010,"Randy Ruiz","TOR",4,0,0,0,0.25,0.25,0.5,0.75,0.25,0.25,0.44841666754071535,-0.010923785607172823,0.31757038831710815,95.28094452019076,2761
2010,"Sean Rodriguez","TBR",12,0,0,0,0.416666666,0.416666666,0.416666666,0.833333332,0,0.416666666,1.8765688642525111,0.4985475048088466,0.37294693291187286,132.91302991610746,6589
2010,"Kelly Shoppach","TBR",4,0,0,0,0.666666666,0.666666666,1,1.666666666,0.333333334,0.666666666,1.7411824395774778,1.2818419864295896,0.7217847307523092,369.97176829928725,3867
2010,"Jake Fox","BAL",4,0,0,0,0.25,0.25,1,1.25,0.75,0,1.0894029193053412,0.630062466157453,0.5179901719093323,231.47966306368684,6267
2010,"Yunel Escobar","TOR",23,0,0,0,0.304347826,0.304347826,0.347826086,0.652173912,0.04347826,0.304347826,2.0479700720723475,-0.5932375335280096,0.28872684292171313,75.67981607522235,4191
2010,"Rocco Baldelli","TBR",4,0,0,0,0,0,0,0,0,0,-0.5672428109316361,-1.0265832640795243,0,-100,1656
2010,"Desmond Jennings","TBR",1,0,0,0,0,0,0,0,0,0,-0.14181070273290902,-0.25664581601988107,0,-100,1965
2010,"Edwin Encarnacion","TOR",7,0,0,0,0.142857142,0.142857142,0.142857142,0.285714284,0,0.142857142,-0.2770154597208791,-1.0808612527296835,0.12786751985549927,-33.634909620562624,2151
2010,"J.P. Arencibia","TOR",1,0,0,0,0,0,0,0,0,0,-0.14181070273290902,-0.25664581601988107,0,-100,697
2010,"Mike McCoy","TOR",2,0,0,0,0.5,0.5,0.5,1,0,0.5,0.43203805394366585,0.20236782736972175,0.44753631949424744,183.60153325335486,4583
2010,"Robert Andino","BAL",5,0,0,0,0.25,0.2,0.25,0.45,0,0.2,0.006605945744938835,-0.5675696206899215,0.17901452779769897,1.122921239264162,4900
2010,"Austin Kearns","NYY",1,0,0,0,0,0,0,0,0,0,-0.14181070273290902,-0.25664581601988107,0,-100,332
2010,"Eduardo Nunez","NYY",3,0,0,0,0,0,0,0,0,0,-0.42543210819872707,-0.7699374480596433,0,-100,6848
2011,"Derek Jeter","NYY",31,0,0,0,0.266666666,0.266666666,0.266666666,0.533333332,0,0.266666666,1.555976403781046,-1.9261581172264919,0.2374243418375651,43.10490867212341,826
2011,"Alex Rodriguez","NYY",6,0,0,0,0.5,0.5,1,1.5,0.5,0.4,2.232820195439624,1.5588586752446165,0.6444133917490641,319.5861262769806,1274
2011,"Russell Martin","NYY",20,0,0,0,0.35,0.35,0.7,1.05,0.35,0.277777777,4.368982776905734,2.1224443762557104,0.45012751817703245,187.6012610814687,4616
2011,"Mark Teixeira","NYY",6,0,0,0,0.166666666,0.166666666,0.166666666,0.333333332,0,0.166666666,-0.12141969055652457,-0.7953812107515319,0.14839021364847818,-17.378940157368643,1281
2011,"Nick Swisher","NYY",6,0,0,0,1,1,1.2,2.2,0.2,1,3.7600504023865637,3.0860888821915564,0.9661909580230713,538.1803448209708,4599
2011,"B.J. Upton","TBR",26,0,0,0,0.44,0.44,0.72,1.16,0.28,0.391304347,6.757986672291629,3.8374867514465967,0.5025566196441651,223.21809601772458,5015
2011,"Felipe Lopez","TBR",1,0,0,0,1,1,1,2,0,1,0.5666750708363917,0.45434815080389046,0.8903412818908691,486.65313342173164,1311
2011,"Kelly Shoppach","TBR",8,0,0,0,0.142857142,0.142857142,0.142857142,0.285714284,0,0.142857142,-0.29604416324012317,-1.194659523500133,0.12719161169869558,-31.779856545342927,3867
2011,"Elliot Johnson","TBR",4,0,0,0,0.25,0.25,0.25,0.5,0,0.25,0.153818214000642,-0.2954894661293629,0.22258532047271729,33.024267200541395,4751
2011,"Sean Rodriguez","TBR",8,0,0,0,0,0,0,0,0,0,-1.100951618228666,-1.9995669784886758,0,-100,6589
2011,"Ben Zobrist","TBR",12,0,0,0,0.416666666,0.416666666,0.75,1.166666666,0.333333334,0.363636363,3.115694509138252,1.7677714687482373,0.5022009412447611,222.97647183406562,7435
2011,"J.P. Arencibia","TOR",16,0,0,0,0.25,0.25,0.4375,0.6875,0.1875,0.2,1.5609246957687664,-0.2363060247512531,0.29730135202407837,83.78135607655733,697
2011,"Juan Rivera","TOR",6,0,0,0,0,0,0,0,0,0,-0.8257137136714996,-1.499675233866507,0,-100,843
2011,"Jose Bautista","TOR",28,0,0,0,0.37037037,0.357142857,0.629629629,0.986772486,0.259259259,0.307692307,5.380913228021995,2.23575946711196,0.4169133646147592,165.03778026887952,1887
2011,"Jayson Nix","TOR",5,0,0,0,0.2,0.2,0.2,0.4,0,0.2,0.016199261722058753,-0.5454353384404473,0.17806825637817383,2.782342785795382,3790
2011,"Yunel Escobar","TOR",17,0,0,0,0.352941176,0.352941176,0.588235294,0.94117647,0.235294118,0.3125,3.131893770860311,1.2223361303077902,0.40686779863694134,158.21349270222146,4191
2011,"Aaron Hill","TOR",19,0,0,0,0.47368421,0.47368421,0.684210526,1.157894736,0.210526316,0.444444444,4.96953793564807,2.835326455030547,0.5046198117105585,224.61969110927106,6104
2011,"Jose Molina","TOR",4,0,0,0,0.333333333,0.333333333,0.333333333,0.666666666,0,0.333333333,0.3885828883723002,-0.060724791757704656,0.29678042729695636,83.4274745584514,25
2011,"John McDonald","TOR",10,0,0,0,0.5,0.5,0.5,1,0,0.5,2.1452805927890424,1.0220113924640302,0.44517064094543457,184.23388927427146,395
2011,"Edwin Encarnacion","TOR",17,0,0,0,0.235294117,0.235294117,0.235294117,0.470588234,0,0.235294117,0.4776539037239847,-1.4319037368285361,0.20949206632726333,24.129583549145508,2151
2011,"Derrek Lee","BAL",11,0,0,0,0.454545454,0.454545454,1.181818181,1.636363635,0.727272727,0.333333333,4.498965282323213,3.2633691619656995,0.6910105618563566,351.2411359904026,525
2011,"Vladimir Guerrero","BAL",31,0,0,0,0.366666666,0.354838709,0.5,0.854838709,0.133333334,0.354838709,4.681046658189356,1.1989121371818179,0.36486282656269686,129.67811606967928,778
2011,"J.J. Hardy","BAL",32,0,0,0,0.2,0.1875,0.3,0.4875,0.1,0.161290322,0.7676095055413845,-2.8268519354986545,0.2042970061302185,20.600406120116848,3797
2011,"Jake Fox","BAL",3,0,0,0,0,0,0,0,0,0,-0.4128568568357498,-0.7498376169332535,0,-100,6267
2011,"Adam Jones","BAL",22,0,0,0,0.454545454,0.454545454,0.545454545,0.999999999,0.090909091,0.454545454,4.5853233017667225,2.1141310610516957,0.4374538551677357,178.99161966461497,6368
2011,"Mark Reynolds","BAL",18,0,0,0,0.444444444,0.444444444,1,1.444444444,0.555555556,0.333333333,6.294166544344076,4.272281983759053,0.6160193416807387,300.2971023159405,7619
2011,"Rajai Davis","TOR",9,0,0,0,0.333333333,0.333333333,0.555555555,0.888888888,0.222222222,0.333333333,1.474311461118032,0.46336918082552087,0.38105784522162545,140.67993166871722,3708
2011,"Mike McCoy","TOR",11,0,0,0,0,0,0,0,0,0,-1.5138084750644158,-2.7494045954219293,0,-100,4583
2011,"Andruw Jones","NYY",1,0,0,0,0,0,0,0,0,0,-0.13761895227858326,-0.24994587231108448,0,-100,96
2011,"Jorge Posada","NYY",1,0,0,0,0,0,0,0,0,0,-0.13761895227858326,-0.24994587231108448,0,-100,841
2011,"Eduardo Nunez","NYY",10,0,0,0,0.333333333,0.3,0.777777777,1.077777777,0.444444444,0.222222222,1.982344367465469,0.8590751671404567,0.42457287311553954,170.2411395165325,6848
2011,"Francisco Cervelli","NYY",11,0,0,0,0.363636363,0.363636363,0.727272727,1.09090909,0.363636364,0.3,2.5490194383018605,1.313423317944347,0.4669154557314786,199.005866235187,5275
2011,"Desmond Jennings","TBR",21,0,0,0,0.45,0.45,0.7,1.15,0.25,0.421052631,5.388514912735149,3.029649592052622,0.4983512401580811,220.36124165995784,1965
2011,"Robinson Chirinos","TBR",3,0,0,0,0,0,0,0,0,0,-0.4128568568357498,-0.7498376169332535,0,-100,3142
2011,"Evan Longoria","TBR",24,0,0,0,0.333333333,0.333333333,0.708333333,1.041666666,0.375,0.238095238,5.168452849532397,2.472606768752368,0.44621249039967853,184.94165231048328,9368
2011,"Jesus Montero","NYY",3,0,0,0,0,0,0,0,0,0,-0.4128568568357498,-0.7498376169332535,0,-100,5514
2011,"Chris Woodward","TOR",2,0,0,0,0,0,0,0,0,0,-0.2752379045571665,-0.49989174462216895,0,-100,1329
2011,"Brett Lawrie","TOR",5,0,0,0,0.2,0.2,0.2,0.4,0,0.2,0.016199261722058753,-0.5454353384404473,0.17806825637817383,2.782342785795382,5247
2011,"Brandon Guyer","TBR",3,0,0,0,0.333333333,0.333333333,0.333333333,0.666666666,0,0.333333333,0.29143716627922517,-0.045543593818278494,0.29678042729695636,83.4274745584514,2636
2011,"Jose Lobaton","TBR",1,0,0,0,0,0,0,0,0,0,-0.13761895227858326,-0.24994587231108448,0,-100,4243
2011,"Nolan Reimold","BAL",18,0,0,0,0.352941176,0.333333333,0.529411764,0.862745097,0.176470588,0.294117647,2.69427483744155,0.6723902768565282,0.3631946775648329,128.54488689268783,3441
2011,"Robert Andino","BAL",25,0,0,0,0.416666666,0.416666666,0.583333333,0.999999999,0.166666667,0.391304347,5.19347624726055,2.38530324644802,0.43658823768297833,178.4035768752136,4900
2011,"Ryan Adams","BAL",3,0,0,0,0.666666666,0.666666666,0.666666666,1.333333332,0,0.666666666,0.9957311893942,0.6587504292966964,0.5935608545939127,285.0403039900915,6343
2011,"Craig Tatum","BAL",3,0,0,0,0,0,0,0,0,0,-0.4128568568357498,-0.7498376169332535,0,-100,7468
2011,"Matt Wieters","BAL",1,0,0,0,0,0,0,0,0,0,-0.13761895227858326,-0.24994587231108448,0,-100,4298
2012,"Jose Molina","TBR",13,0,0,0,0.461538461,0.461538461,0.461538461,0.923076922,0,0.461538461,2.4521610783078476,0.9687074394562051,0.40778693786034215,161.31281548435135,25
2012,"Desmond Jennings","TBR",19,0,0,0,0.210526315,0.210526315,0.315789473,0.526315788,0.105263158,0.210526315,0.7998681784003372,-1.368256370690525,0.22532987594604492,36.002117676645916,1965
2012,"Jeff Keppinger","TBR",21,0,0,0,0.333333333,0.333333333,0.571428571,0.904761904,0.238095238,0.3,3.5942398395333313,1.1978916536960624,0.38602910723005024,146.36963427525998,3856
2012,"Evan Longoria","TBR",17,0,0,0,0.176470588,0.176470588,0.235294117,0.411764705,0.058823529,0.176470588,0.06803104198795286,-1.8718698703565029,0.17789248157950008,3.422326421193031,9368
2012,"Sean Rodriguez","TBR",19,0,0,0,0.333333333,0.333333333,0.555555555,0.888888888,0.222222222,0.294117647,3.16800147806871,0.9998769289778479,0.38052865531709457,142.59194838994213,6589
2012,"Ben Zobrist","TBR",6,0,0,0,0.333333333,0.333333333,0.5,0.833333333,0.166666667,0.333333333,0.885950581873106,0.20127967163388644,0.3567723035812378,126.27619178314218,7435
2012,"Chris Gimenez","TBR",7,0,0,0,0.285714285,0.285714285,0.285714285,0.57142857,0,0.285714285,0.44708874597085424,-0.3516939826415687,0.2524395329611642,54.62090942003067,7324
2012,"Derek Jeter","NYY",38,0,0,0,0.421052631,0.421052631,0.447368421,0.868421052,0.02631579,0.421052631,6.376223339509067,2.0399742413273416,0.3818466035943282,143.4971093991235,826
2012,"Alex Rodriguez","NYY",29,0,0,0,0.344827586,0.344827586,0.517241379,0.862068965,0.172413793,0.321428571,4.582027636322172,1.2727849034992766,0.36965071332865745,135.12102626184677,1274
2012,"Russell Martin","NYY",14,0,0,0,0.357142857,0.357142857,0.785714285,1.142857142,0.428571428,0.307692307,3.447151074415318,1.8495856171904723,0.4795065437044416,210.56952147602806,4616
2012,"Andruw Jones","NYY",17,0,0,0,0.375,0.352941176,1.125,1.477941176,0.75,0.153846153,5.670364755137092,3.730463842792636,0.5882437790141386,285.2497705789052,96
2012,"Mark Teixeira","NYY",8,0,0,0,0.5,0.5,1.375,1.875,0.875,0.333333333,3.914174151604457,3.001279604618831,0.7821459472179413,418.42091643161393,1281
2012,"Nick Swisher","NYY",14,0,0,0,0.357142857,0.357142857,0.642857142,0.999999999,0.285714285,0.307692307,2.8471511127096356,1.24958565548479,0.42614124502454487,173.91847192972122,4599
2012,"Eduardo Nunez","NYY",7,0,0,0,0.714285714,0.714285714,0.857142857,1.571428571,0.142857143,0.714285714,2.875771323798789,2.076988595186366,0.6844641310828072,351.33347999811923,6848
2012,"Wilson Betemit","BAL",3,0,0,0,0.333333333,0.333333333,0.333333333,0.666666666,0,0.333333333,0.29297530051013243,-0.049360154609477375,0.2945127884546916,83.51663397911753,1861
2012,"Ronny Paulino","BAL",9,0,0,0,0.111111111,0.111111111,0.111111111,0.222222222,0,0.111111111,-0.5401958297863316,-1.5672021951451611,0.0981709294848972,-51.33008062995449,2129
2012,"J.J. Hardy","BAL",39,0,0,0,0.23076923,0.23076923,0.461538461,0.692307691,0.230769231,0.189189189,3.727260975279264,-0.7230999412756638,0.29191328012026274,81.73130322827362,3797
2012,"Matt Wieters","BAL",11,0,0,0,0.636363636,0.636363636,1,1.636363636,0.363636364,0.636363636,4.609445617685433,3.354215615580196,0.6946946599266746,358.35976166086493,4298
2012,"Luis Exposito","BAL",1,0,0,0,0,0,0,0,0,0,-0.13886185504941073,-0.252973673422614,0,-100,4398
2012,"Robert Andino","BAL",25,0,0,0,0.291666666,0.291666666,0.416666666,0.708333332,0.125,0.260869565,2.685056575707725,-0.1677388836223569,0.3066457112630208,91.84947134702881,4900
2012,"Adam Jones","BAL",34,0,0,0,0.264705882,0.264705882,0.617647058,0.88235294,0.352941176,0.193548387,5.394982984574006,1.5151811598850944,0.37049123820136576,135.6982950023315,6368
2012,"Mark Reynolds","BAL",23,0,0,0,0.545454545,0.52173913,1.09090909,1.61264822,0.545454545,0.45,9.051145987092617,6.426574164508941,0.6629268345625504,336.54176063396255,7619
2012,"Elliot Johnson","TBR",3,0,0,0,0.333333333,0.333333333,1.333333333,1.666666666,1,0,1.2363880747668539,0.894052619647244,0.6860889593760172,352.4494048360161,4751
2012,"B.J. Upton","TBR",15,0,0,0,0.333333333,0.333333333,0.333333333,0.666666666,0,0.333333333,1.4648765025506623,-0.2468007730473869,0.2945127884546916,83.51663397911753,5015
2012,"Drew Sutton","TBR",2,0,0,0,0.5,0.5,0.5,1,0,0.5,0.4318371555595431,0.20361351881313655,0.44176918268203735,184.65166993592152,7430
2012,"Steve Tolleson","BAL",3,0,0,0,0,0,0,0,0,0,-0.4165855651482322,-0.758921020267842,0,-100,4450
2012,"Steve Pearce","BAL",4,0,0,0,0.5,0.333333333,0.5,0.833333333,0,0.333333333,0.3906337340135099,-0.06581353947930317,0.2945127884546916,83.51663397911753,9957
2012,"J.P. Arencibia","TOR",18,0,0,0,0.277777777,0.277777777,0.777777777,1.055555554,0.5,0.133333333,3.878529260172595,1.8245165294549357,0.4412154091729058,184.2713407552988,697
2012,"Jose Bautista","TOR",11,0,0,0,0.272727272,0.272727272,0.909090909,1.181818181,0.636363637,0.111111111,2.788027720797861,1.5327977186926245,0.4885117465799505,216.7542547189651,1887
2012,"Edwin Encarnacion","TOR",27,0,0,0,0.36,0.333333333,0.8,1.133333333,0.44,0.25,6.067015989067039,2.985996892990551,0.4527090743735985,192.16513884431686,2151
2012,"Rajai Davis","TOR",21,0,0,0,0.45,0.428571428,0.7,1.128571428,0.25,0.4,5.01336157085006,2.6170133850127915,0.47017561821710496,204.16108339343367,3708
2012,"Yunel Escobar","TOR",30,0,0,0,0.379310344,0.379310344,0.551724137,0.931034481,0.172413793,0.357142857,5.505091512177417,2.0817369609813188,0.4014056797685294,156.93019583682178,4191
2012,"Ben Francisco","TOR",6,0,0,0,0.5,0.5,0.833333333,1.333333333,0.333333333,0.5,1.8955114283843115,1.2108405181450919,0.5662882129351298,270.17078554397085,4677
2012,"Brett Lawrie","TOR",31,0,0,0,0.310344827,0.3,0.517241379,0.817241379,0.206896552,0.275862068,4.199058351466812,0.66159198189751,0.3415748357772827,115.83863855586137,5247
2012,"Jeff Mathis","TOR",6,0,0,0,0.5,0.5,0.5,1,0,0.5,1.2955114666786294,0.6108405564394097,0.44176918268203735,184.65166993592152,3448
2012,"Omar Vizquel","TOR",5,0,0,0,0.2,0.2,0.2,0.4,0,0.2,0.015251590411310967,-0.5553075014547054,0.17670767307281493,2.6086052136742985,411
2012,"Darnell McDonald","NYY",2,0,0,0,0,0,0,0,0,0,-0.27772371009882146,-0.505947346845228,0,-100,1867
2012,"Jayson Nix","NYY",14,0,0,0,0.23076923,0.23076923,0.615384615,0.846153845,0.384615385,0.166666666,2.0104982340101705,0.41293277678532464,0.35172752233651966,122.81145848408362,3790
2012,"Chris Stewart","NYY",10,0,0,0,0.111111111,0.1,0.111111111,0.211111111,0,0.1,-0.6790576848357427,-1.8201758685677754,0.08835383653640747,-58.07241636040813,3878
2012,"Yan Gomes","TOR",2,0,0,0,0.5,0.5,1,1.5,0.5,0.5,0.7318371364123843,0.5036134996659778,0.628547728061676,312.93034334799546,9627
2012,"Moises Sierra","TOR",1,0,0,0,1,1,4,5,3,0,1.5141117848656755,1.3999999664924723,2.0582668781280518,1294.8550903770292,6050
2012,"Adeiny Hechavarria","TOR",5,0,0,0,0.4,0.4,0.6,1,0.2,0.4,1.0248124369225167,0.4542533450565004,0.42812676429748536,175.2821177266687,10459
2012,"Steve Pearce","NYY",3,0,0,0,0,0,0,0,0,0,-0.4165855651482322,-0.758921020267842,0,-100,9957
2012,"Lew Ford","BAL",5,0,0,0,0.2,0.2,0.2,0.4,0,0.2,0.015251590411310967,-0.5553075014547054,0.17670767307281493,2.6086052136742985,1724
2012,"Manny Machado","BAL",12,0,0,0,0.333333333,0.333333333,0.416666666,0.749999999,0.083333333,0.333333333,1.4719011828933706,0.1025593624149314,0.32564254601796466,104.89641288112982,11493
2012,"Jose Lobaton","TBR",3,0,0,0,0.333333333,0.333333333,0.666666666,0.999999999,0.333333333,0.333333333,0.5929752813629736,0.2506398262433638,0.419031818707784,169.03574958716683,4243
2012,"Ben Francisco","TBR",2,0,0,0,0.5,0.5,2,2.5,1.5,0,1.3752499298162648,1.1470262930698583,1.0291334390640259,588.0508262212694,4677
2012,"Ryan Roberts","TBR",2,0,0,0,0,0,0,0,0,0,-0.27772371009882146,-0.505947346845228,0,-100,5653
2013,"J.J. Hardy","BAL",26,0,0,0,0.269230769,0.269230769,0.346153846,0.615384615,0.076923077,0.269230769,1.9267333581143662,-0.9218862519568158,0.2685232689747444,65.22467397582581,3797
2013,"Adam Jones","BAL",21,0,0,0,0.333333333,0.333333333,0.666666666,0.999999999,0.333333333,0.263157894,4.208418286870525,1.9076101402745704,0.42977860995701384,176.38565118358426,6368
2013,"Steve Pearce","BAL",3,0,0,0,0,0,0,0,0,0,-0.4086096757986335,-0.7372965538837699,0,-100,9957
2013,"Manny Machado","BAL",34,0,0,0,0.333333333,0.323529411,0.606060606,0.929590017,0.272727273,0.28125,5.81950043327106,2.0943824816395136,0.3924459183917326,150.650451028888,11493
2013,"Nolan Reimold","BAL",2,0,0,0,0,0,0,0,0,0,-0.27240645053242235,-0.4915310359225133,0,-100,3441
2013,"Shelley Duncan","TBR",4,0,0,0,0,0,0,0,0,0,-0.5448129010648447,-0.9830620718450266,0,-100,3620
2013,"Ryan Roberts","TBR",6,0,0,0,0.166666666,0.166666666,0.166666666,0.333333332,0,0.166666666,-0.12178830487240838,-0.7791620610426813,0.14798858761787415,-17.865615532964583,5653
2013,"Sean Rodriguez","TBR",13,0,0,0,0.384615384,0.384615384,0.538461538,0.923076922,0.153846154,0.384615384,2.3065131931253933,0.8822033880898025,0.4004416878406818,156.1623152565098,6589
2013,"Ben Zobrist","TBR",15,0,0,0,0.214285714,0.214285714,0.214285714,0.428571428,0,0.214285714,0.19226569976530683,-1.4511686906603753,0.19027104122298105,11.281691048354746,7435
2013,"J.P. Arencibia","TOR",25,0,0,0,0.04,0.04,0.04,0.08,0,0.04,-2.7096495849304207,-5.448706902306558,0.035517261028289795,-95.39745103927399,697
2013,"Mark DeRosa","TOR",13,0,0,0,0.153846153,0.153846153,0.153846153,0.307692306,0,0.153846153,-0.3797798350110279,-1.804089640046619,0.1366048501088069,-25.712967304858243,1392
2013,"Jose Bautista","TOR",23,0,0,0,0.478260869,0.478260869,1.173913043,1.652173912,0.695652174,0.333333333,9.568739142846576,7.04880641086053,0.7050982117652893,366.1765492402505,1887
2013,"Edwin Encarnacion","TOR",25,0,0,0,0.28,0.28,0.52,0.8,0.24,0.217391304,3.3636054418247574,0.6245481244486207,0.3456923460960388,118.42098964990427,2151
2013,"Maicer Izturis","TOR",7,0,0,0,0.428571428,0.428571428,0.714285714,1.142857142,0.285714286,0.428571428,1.7328704512729436,0.9659344024076254,0.48998269864491056,217.8871933321014,2437
2013,"Rajai Davis","TOR",23,0,0,0,0.478260869,0.478260869,0.565217391,1.04347826,0.086956522,0.478260869,5.117067220812434,2.5971344888263883,0.45797091722488403,195.8199496480452,3708
2013,"Melky Cabrera","TOR",6,0,0,0,0.166666666,0.166666666,0.166666666,0.333333332,0,0.166666666,-0.12178830487240838,-0.7791620610426813,0.14798858761787415,-17.865615532964583,4022
2013,"Brett Lawrie","TOR",20,0,0,0,0.25,0.25,0.4,0.65,0.15,0.210526315,1.7034251015030832,-0.48782075239782624,0.28265258073806765,74.96468068392478,5247
2013,"Emilio Bonifacio","TOR",5,0,0,0,0.2,0.2,0.2,0.4,0,0.2,0.014414920393802724,-0.5333965430814246,0.17758630514144896,2.537499073958928,4054
2013,"Jose Molina","TBR",17,0,0,0,0.588235294,0.588235294,0.705882352,1.294117646,0.117647058,0.588235294,5.238855525684842,3.37629654986907,0.5673764453214758,271.2383844178134,25
2013,"Desmond Jennings","TBR",30,0,0,0,0.321428571,0.310344827,0.464285714,0.774630541,0.142857143,0.285714285,3.6820553844698685,0.39518660361850455,0.33061447842367764,108.02709823235905,1965
2013,"Yunel Escobar","TBR",30,0,0,0,0.2,0.2,0.2,0.4,0,0.2,0.08648952236281635,-3.2003792584885478,0.17758630514144896,2.537499073958928,4191
2013,"Evan Longoria","TBR",26,0,0,0,0.384615384,0.384615384,0.653846153,1.038461537,0.269230769,0.333333333,5.6136953007140455,2.7650756906428633,0.4495825148545779,190.03742487078756,9368
2013,"Wil Myers","TBR",21,0,0,0,0.333333333,0.333333333,0.571428571,0.904761904,0.238095238,0.3,3.5580838576484344,1.25727571105248,0.39023804664611816,149.12846000957109,10047
2013,"Jose Reyes","TOR",13,0,0,0,0.153846153,0.153846153,0.384615384,0.538461537,0.230769231,0.083333333,0.570554538191985,-0.8537552668436061,0.22994284904920137,38.62935530988106,1736
2013,"Vernon Wells","NYY",16,0,0,0,0.25,0.25,0.25,0.5,0,0.25,0.6024725826400559,-1.1505241004806717,0.22198288142681122,33.14217098434422,1326
2013,"Luis Alfonso Cruz","NYY",8,0,0,0,0.125,0.125,0.125,0.25,0,0.125,-0.39419475540483084,-1.2706930969651946,0.11099144071340561,-43.369508791619,3188
2013,"Brent Lillibridge","NYY",4,0,0,0,0.25,0.25,0.25,0.5,0,0.25,0.15061814566001397,-0.2876310251201679,0.22198288142681122,33.14217098434422,3501
2013,"Chris Stewart","NYY",27,0,0,0,0.269230769,0.269230769,0.346153846,0.615384615,0.076923077,0.269230769,2.000838487272611,-0.9573434154936165,0.2685232689747444,65.22467397582581,3878
2013,"Alberto Gonzalez","NYY",1,0,0,0,0,0,0,0,0,0,-0.13620322526621118,-0.24576551796125665,0,-100,4906
2013,"Zoilo Almonte","NYY",2,0,0,0,0,0,0,0,0,0,-0.27240645053242235,-0.4915310359225133,0,-100,6732
2013,"Eduardo Nunez","NYY",27,0,0,0,0.423076923,0.423076923,0.576923076,0.999999999,0.153846153,0.423076923,5.481475085694851,2.523293182928623,0.4331196638254019,178.68879854386066,6848
2013,"Alfonso Soriano","NYY",15,0,0,0,0.466666666,0.466666666,0.666666666,1.133333332,0.2,0.428571428,3.7753033212838565,2.1318689308581744,0.4952609777450562,221.52576219545455,847
2013,"Alex Rodriguez","NYY",16,0,0,0,0.375,0.375,0.5625,0.9375,0.1875,0.333333333,2.943669049292786,1.1906723661720586,0.40881144627928734,161.93198788478313,1274
2013,"Mark Reynolds","NYY",12,0,0,0,0.25,0.25,0.5,0.75,0.25,0.181818181,1.4021888101830549,0.08744129784250929,0.3230990469455719,102.84635381697846,7619
2013,"Brian Roberts","BAL",7,0,0,0,0.142857142,0.142857142,0.142857142,0.285714284,0,0.142857142,-0.25799153013861964,-1.024927579003938,0.1268473608153207,-32.43926882362425,166
2013,"Wilson Betemit","BAL",1,0,0,0,0,0,0,0,0,0,-0.13620322526621118,-0.24576551796125665,0,-100,1861
2013,"Matt Wieters","BAL",5,0,0,0,0,0,0,0,0,0,-0.6810161263310559,-1.2288275898062833,0,-100,4298
2013,"Taylor Teagarden","BAL",1,0,0,0,0,0,0,0,0,0,-0.13620322526621118,-0.24576551796125665,0,-100,5199
2013,"Alexi Casilla","BAL",1,0,0,0,0,0,0,0,0,0,-0.13620322526621118,-0.24576551796125665,0,-100,5248
2013,"Danny Valencia","BAL",14,0,0,0,0.5,0.5,0.785714285,1.285714285,0.285714285,0.5,4.1311720062234745,2.597299908492838,0.5506703683308193,259.72209086575293,6364
2013,"Brendan Ryan","NYY",9,0,0,0,0.444444444,0.444444444,0.777777777,1.222222221,0.333333333,0.375,2.506229532706547,1.5201688984511375,0.5294577876726786,245.09924996824373,6073
2013,"John Ryan Murphy","NYY",1,0,0,0,0,0,0,0,0,0,-0.13620322526621118,-0.24576551796125665,0,-100,10346
2013,"Moises Sierra","TOR",8,0,0,0,0.375,0.375,0.375,0.75,0,0.375,0.9966673380448866,0.12016899648452281,0.3329743221402168,109.65385076030742,6050
2013,"Kevin Pillar","TOR",5,0,0,0,0.4,0.4,1,1.4,0.6,0.25,1.6601803403216742,1.112368876846447,0.5978514075279235,292.2462255138222,12434
2014,"Delmon Young","BAL",10,0,0,0,0.1,0.1,0.1,0.2,0,0.1,-0.6191543543906769,-1.693542158064421,0.08915095925331115,-56.328155253894764,2140
2014,"Nelson Cruz","BAL",37,0,0,0,0.486486486,0.486486486,0.783783783,1.270270269,0.297297297,0.457142857,10.894849111536308,6.919614237943454,0.5537987383636268,267.88357896255644,2434
2014,"J.J. Hardy","BAL",21,0,0,0,0.315789473,0.3,0.315789473,0.615789473,0,0.3,1.5715717991800657,-0.6846425885347969,0.2674528777599335,68.08344598917894,3797
2014,"Adam Jones","BAL",38,0,0,0,0.459459459,0.447368421,0.648648648,1.096017069,0.189189189,0.432432432,8.826827258795335,4.744153604835107,0.4727388934085244,211.32341857928486,6368
2014,"Jonathan Schoop","BAL",31,0,0,0,0.29032258,0.29032258,0.354838709,0.645161289,0.064516129,0.29032258,2.714811059213667,-0.6157911321749404,0.28406083007012645,79.67177861950321,11265
2014,"Matt Wieters","BAL",3,0,0,0,0,0,0,0,0,0,-0.3908745879886665,-0.7131909290907897,0,-100,4298
2014,"Steve Lombardozzi Jr.","BAL",5,0,0,0,0,0,0,0,0,0,-0.6514576466477774,-1.1886515484846496,0,-100,5422
2014,"Brian Roberts","NYY",7,0,0,0,0.428571428,0.428571428,0.428571428,0.857142856,0,0.428571428,1.1392421114077456,0.3871706488361245,0.3820755396570478,148.06233250258347,166
2014,"Carlos Beltran","NYY",7,0,0,0,0.285714285,0.285714285,0.428571428,0.714285713,0.142857143,0.285714285,0.7554811816458602,0.0034097190742391733,0.310595554964883,98.18659685786392,589
2014,"Derek Jeter","NYY",27,0,0,0,0.37037037,0.37037037,0.518518518,0.888888888,0.148148148,0.346153846,4.573707481657323,1.6728604117382129,0.39074302602697303,154.11014100103694,826
2014,"Alfonso Soriano","NYY",10,0,0,0,0.444444444,0.4,0.777777777,1.177777777,0.333333333,0.4,2.3321284897529346,1.2577406860791904,0.47394874691963196,212.16760362141525,847
2014,"Mark Teixeira","NYY",7,0,0,0,0.428571428,0.428571428,1.428571428,1.857142856,1,0.2,3.347180871277834,2.595109408706213,0.7933300903865269,435.01851111966914,1281
2014,"Yangervis Solarte","NYY",4,0,0,0,0.5,0.5,0.75,1.25,0.25,0.5,1.1463557696345266,0.7166006481650288,0.5435422211885452,260.72701140783556,5352
2014,"Desmond Jennings","TBR",17,0,0,0,0.294117647,0.294117647,0.588235294,0.882352941,0.294117647,0.25,2.7578180895714794,0.9313588233261144,0.3813919670441571,147.58536420045897,1965
2014,"Yunel Escobar","TBR",15,0,0,0,0.333333333,0.333333333,0.666666666,0.999999999,0.333333333,0.285714285,3.0184011482305904,1.4068194427199743,0.4322442293167114,183.0679402105777,4191
2014,"Ryan Hanigan","TBR",11,0,0,0,0.272727272,0.272727272,0.272727272,0.545454544,0,0.272727272,0.6180759940895233,-0.5637505899515953,0.2431389797817577,51.11822763785069,4952
2014,"Evan Longoria","TBR",25,0,0,0,0.333333333,0.32,0.375,0.695,0.041666667,0.32,2.5127992871431286,-0.17317022204123184,0.300929057598114,91.44172038157956,9368
2014,"Wil Myers","TBR",19,0,0,0,0.210526315,0.210526315,0.315789473,0.526315788,0.105263158,0.210526315,0.8595047166439426,-1.1818321103361715,0.22885988260570325,41.154872454365076,10047
2014,"Jose Molina","TBR",9,0,0,0,0,0,0,0,0,0,-1.1726237639659993,-2.1395727872723693,0,-100,25
2014,"Brandon Guyer","TBR",6,0,0,0,0.166666666,0.166666666,0.166666666,0.333333332,0,0.166666666,-0.09798823707245502,-0.7426209192767015,0.14858493208885193,-14.857621506203536,2636
2014,"Sean Rodriguez","TBR",10,0,0,0,0.5,0.5,1.1,1.6,0.6,0.444444444,3.9698588040213605,2.8954710003476163,0.6874813139438629,361.16167392381556,6589
2014,"Logan Forsythe","TBR",8,0,0,0,0,0,0,0,0,0,-1.0423322346364439,-1.9018424775754392,0,-100,7185
2014,"Ben Zobrist","TBR",4,0,0,0,0.25,0.25,0.5,0.75,0.25,0.25,0.4625948307296486,0.03283970926015087,0.32066482305526733,105.21250985399342,7435
2014,"Jose Reyes","TOR",14,0,0,0,0.23076923,0.214285714,0.307692307,0.521978021,0.076923077,0.214285714,0.5272014152438496,-0.9769415098993923,0.21897703409194946,34.25903522088532,1736
2014,"Jose Bautista","TOR",30,0,0,0,0.4,0.4,0.733333333,1.133333333,0.333333333,0.333333333,7.4582935222055085,4.235130111184276,0.49402376810709636,226.17511151499028,1887
2014,"Edwin Encarnacion","TOR",21,0,0,0,0.476190476,0.476190476,1.19047619,1.666666666,0.714285714,0.3125,8.871334149945856,6.615119762230993,0.7206750625655765,384.32287965775197,2151
2014,"Melky Cabrera","TOR",9,0,0,0,0.555555555,0.555555555,1.444444444,1.999999999,0.888888889,0.428571428,4.754119699571472,3.787170676265102,0.8586088352733188,480.5672816910989,4022
2014,"Erik Kratz","TOR",3,0,0,0,0.333333333,0.333333333,1.333333333,1.666666666,1,0,1.2468557262797595,0.9245393851776363,0.7117752234141032,378.11294513256917,4403
2014,"Steve Tolleson","TOR",8,0,0,0,0.375,0.375,0.375,0.75,0,0.375,1.0089505820781899,0.14944033913919458,0.33431609719991684,114.73779645533155,4450
2014,"Brett Lawrie","TOR",13,0,0,0,0.076923076,0.076923076,0.153846153,0.230769229,0.076923077,0.076923076,-0.7100289332363509,-2.106733078012218,0.09866609940162072,-49.68888949714699,5247
2014,"Kevin Pillar","TOR",17,0,0,0,0.352941176,0.352941176,0.352941176,0.705882352,0,0.352941176,1.8876096348268243,0.06115036858145913,0.31465044442345114,101.01592867116902,12434
2014,"Dioner Navarro","TOR",8,0,0,0,0.375,0.375,0.375,0.75,0,0.375,1.0089505820781899,0.14944033913919458,0.33431609719991684,114.73779645533155,3179
2014,"Jerry Sands","TBR",1,0,0,0,0,0,0,0,0,0,-0.13029152932955548,-0.2377303096969299,0,-100,4016
2014,"Nick Hundley","BAL",6,0,0,0,0.166666666,0.166666666,0.666666666,0.833333332,0.5,0,0.8559811382910932,0.21134845608684663,0.3558876117070516,129.78949462856883,3376
2014,"Caleb Joseph","BAL",11,0,0,0,0.6,0.545454545,0.9,1.445454545,0.3,0.5,3.623328186167706,2.4415016021265874,0.5993521484461698,299.6688381337362,7087
2014,"Steve Pearce","BAL",22,0,0,0,0.318181818,0.318181818,0.409090909,0.727272727,0.090909091,0.318181818,2.5199129453699105,0.15625977728767307,0.3192212066867135,104.20521489330669,9957
2014,"Manny Machado","BAL",9,0,0,0,0.444444444,0.444444444,0.555555555,0.999999999,0.111111111,0.444444444,1.8624200007965048,0.895470977490135,0.4396875633133782,188.26158652054676,11493
2014,"Danny Valencia","TOR",8,0,0,0,0.142857142,0.125,0.142857142,0.267857142,0,0.125,-0.3585712957315659,-1.2180815386705612,0.11143869906663895,-40.77670509851054,6364
2014,"Martin Prado","NYY",5,0,0,0,0.2,0.2,0.2,0.4,0,0.2,0.03230329225710045,-0.5048906095797716,0.1783019185066223,5.8776453676420735,3312
2014,"Chase Headley","NYY",2,0,0,0,0.5,0.5,0.5,1,0,0.5,0.42317788024576697,0.20830031951101813,0.4457547962665558,192.49504723225263,4720
2014,"Francisco Cervelli","NYY",11,0,0,0,0.545454545,0.545454545,0.545454545,1.09090909,0,0.545454545,2.669358810804157,1.4875322267630384,0.4862779595635154,220.770411151133,5275
2014,"John Mayberry Jr.","TOR",2,0,0,0,0.5,0.5,1,1.5,0.5,0.5,0.7231778893887595,0.5083003286540106,0.6413296461105347,328.95897558341846,3390
2014,"Nick Franklin","TBR",1,0,0,0,1,1,1,2,0,1,0.5534694095753225,0.44603062920794806,0.8915095925331116,503.52405033993693,10166
2014,"Chris Young","NYY",9,0,0,0,0.555555555,0.555555555,0.666666666,1.222222221,0.111111111,0.555555555,2.546180939701383,1.5792319163950133,0.5387441847059462,257.37914276669886,3882
2014,"Jose Pirela","NYY",10,0,0,0,0.3,0.3,0.6,0.9,0.3,0.3,1.6183675179332835,0.5439797142595392,0.3808862864971161,147.23252152158162,5485
2014,"Austin Romine","NYY",7,0,0,0,0.428571428,0.428571428,0.571428571,0.999999999,0.142857143,0.428571428,1.439242120550738,0.687170657979117,0.4379540681838989,187.05202631720223,5491
2014,"Brendan Ryan","NYY",6,0,0,0,0,0,0,0,0,0,-0.781749175977333,-1.4263818581815795,0,-100,6073
2014,"Zelous Wheeler","NYY",4,0,0,0,0,0,0,0,0,0,-0.5211661173182219,-0.9509212387877196,0,-100,8822
2014,"Eury Perez","NYY",7,0,0,0,0.285714285,0.285714285,0.285714285,0.57142857,0,0.285714285,0.4554811725028676,-0.2965902900687533,0.2547170264380319,59.19690304324512,10299
2014,"John Ryan Murphy","NYY",4,0,0,0,0.5,0.5,0.75,1.25,0.25,0.5,1.1463557696345266,0.7166006481650288,0.5435422211885452,260.72701140783556,10346
2015,"Adam Jones","BAL",16,0,0,0,0.5625,0.5625,0.8125,1.375,0.25,0.533333333,5.375560077652059,3.5765217866745815,0.5929582342505455,290.3350099779145,6368
2015,"Caleb Joseph","BAL",10,0,0,0,0.3,0.3,0.6,0.9,0.3,0.222222222,1.6796143143836524,0.5552153825227286,0.3826941967010498,145.1460556091107,7087
2015,"Steve Pearce","BAL",21,0,0,0,0.238095238,0.238095238,0.333333333,0.571428571,0.095238095,0.238095238,1.2246806900743374,-1.1365570668336025,0.24547679083687918,50.396368925628245,9957
2015,"Jonathan Schoop","BAL",11,0,0,0,0.181818181,0.181818181,0.181818181,0.363636362,0,0.181818181,-0.10848471071874759,-1.3453235357657638,0.16014979102394797,-8.5225885273331,11265
2015,"Jimmy Paredes","BAL",4,0,0,0,0.5,0.5,0.5,1,0,0.5,0.8563226843938136,0.40656311164944414,0.44041192531585693,185.00059642260388,5481
2015,"Manny Machado","BAL",30,0,0,0,0.275862068,0.266666666,0.344827586,0.611494252,0.068965518,0.266666666,2.095675833045389,-1.2775209625373822,0.2599161386489868,60.36685096830227,11493
2015,"Delmon Young","BAL",8,0,0,0,0.125,0.125,0.125,0.25,0,0.125,-0.3988164250424313,-1.2983355705311703,0.11010298132896423,-43.08030012553613,2140
2015,"Everth Cabrera","BAL",1,0,0,0,0,0,0,0,0,0,-0.137829627873223,-0.2502695210593154,0,-100,8155
2015,"Ryan Lavarnway","BAL",1,0,0,0,0,0,0,0,0,0,-0.137829627873223,-0.2502695210593154,0,-100,8879
2015,"Jose Reyes","TOR",7,0,0,0,0.285714285,0.285714285,0.428571428,0.714285713,0.142857143,0.285714285,0.742833743621773,-0.044245508680873596,0.3052991969244821,91.70420591434997,1736
2015,"Jose Bautista","TOR",25,0,0,0,0.25,0.24,0.375,0.615,0.125,0.208333333,1.7236316901153654,-1.087365639536944,0.2587765407562256,59.579949754099395,1887
2015,"Edwin Encarnacion","TOR",28,0,0,0,0.357142857,0.357142857,0.357142857,0.714285714,0,0.357142857,3.178976398983284,0.030659389772697748,0.31457994665418354,98.11263583283623,2151
2015,"Russell Martin","TOR",21,0,0,0,0.38095238,0.38095238,0.714285714,1.095238094,0.333333334,0.35,4.85259122222769,2.491353465319751,0.4616811105183193,199.68713433850886,4616
2015,"Josh Donaldson","TOR",31,0,0,0,0.419354838,0.419354838,0.677419354,1.096774192,0.258064516,0.379310344,7.339846846802792,3.8542101580339283,0.46880643983041087,204.6072296834508,5038
2015,"Devon Travis","TOR",9,0,0,0,0.333333333,0.333333333,0.666666666,0.999999999,0.333333333,0.25,1.8174439422568753,0.8054849035820439,0.42521577411227757,174.50753574807663,13862
2015,"Kevin Pillar","TOR",33,0,0,0,0.4375,0.424242424,0.53125,0.955492424,0.09375,0.424242424,6.205110479933466,2.4945940047924173,0.40781436183235864,162.49172513725279,12434
2015,"Danny Valencia","TOR",7,0,0,0,0.428571428,0.428571428,0.857142857,1.285714285,0.428571429,0.333333333,2.093103198003321,1.3060239457006746,0.546705995287214,258.397479002265,6364
2015,"Carlos Beltran","NYY",5,0,0,0,0.25,0.2,0.5,0.7,0.25,0.2,0.31467240142486613,-0.24752706450559572,0.25125410556793215,54.3856497110484,589
2015,"Mark Teixeira","NYY",11,0,0,0,0.181818181,0.181818181,0.181818181,0.363636362,0,0.181818181,-0.10848471071874759,-1.3453235357657638,0.16014979102394797,-8.5225885273331,1281
2015,"Alex Rodriguez","NYY",28,0,0,0,0.357142857,0.357142857,0.714285714,1.071428571,0.357142857,0.28,6.318322739688384,3.1700057304777975,0.45489630103111267,195.0021705828443,1274
2015,"Chase Headley","NYY",10,0,0,0,0.6,0.6,0.8,1.4,0.2,0.6,3.444627194623143,2.3202282627622193,0.6035836458206176,297.67193936239767,4720
2015,"Gregorio Petit","NYY",3,0,0,0,0.333333333,0.333333333,0.333333333,0.666666666,0,0.333333333,0.29033171432368376,-0.04698796523459334,0.2936079502105713,83.63130906787497,3812
2015,"Chris Young","NYY",18,0,0,0,0.388888888,0.388888888,0.722222222,1.11111111,0.333333334,0.352941176,4.292259511714165,2.268341434364502,0.47092096673117745,206.0673269653492,3882
2015,"Brandon Guyer","TBR",20,0,0,0,0.35,0.35,0.8,1.15,0.45,0.277777777,4.963049055253542,2.7142511915316945,0.4830523908138275,214.44416971074673,2636
2015,"Rene Rivera","TBR",5,0,0,0,0.4,0.4,0.6,1,0.2,0.4,1.0184929993682188,0.456293533437757,0.4274188756942749,176.028794536723,3648
2015,"Steven Souza Jr.","TBR",20,0,0,0,0.631578947,0.6,0.894736842,1.494736842,0.263157895,0.578947368,7.235703302836854,4.986905439115007,0.6252624988555908,312.6413561050102,5667
2015,"Joey Butler","TBR",15,0,0,0,0.133333333,0.133333333,0.333333333,0.466666666,0.2,0.071428571,0.2866455770741844,-1.3999528207172012,0.1964078744252523,16.513900250321317,7799
2015,"Logan Forsythe","TBR",33,0,0,0,0.3125,0.303030303,0.5,0.803030303,0.1875,0.28125,4.336276887445878,0.6257604123048296,0.3369408773653435,113.55303251932315,7185
2015,"Bobby Wilson","TBR",2,0,0,0,0.5,0.5,0.5,1,0,0.5,0.4281613421969068,0.20328155582472207,0.44041192531585693,185.00059642260388,6564
2015,"Evan Longoria","TBR",32,0,0,0,0.516129032,0.5,0.93548387,1.43548387,0.419354838,0.448275862,10.889927644398494,7.291851062443539,0.598386861383915,294.08351926337184,9368
2015,"Justin Smoak","TOR",2,0,0,0,0.5,0.5,2,2.5,1.5,0,1.3746101414827308,1.149730355110546,1.0326471328735352,593.9436164835113,9054
2015,"Chris Colabello","TOR",16,0,0,0,0.5,0.5,0.75,1.25,0.25,0.466666666,4.671739479708707,2.8727011887312286,0.5379067435860634,252.32152721989124,13051
2015,"J.J. Hardy","BAL",16,0,0,0,0.3125,0.3125,0.375,0.6875,0.0625,0.3125,1.6138288865928243,-0.18520940438465375,0.29872287064790726,87.16320143820778,3797
2015,"Matt Wieters","BAL",6,0,0,0,0.166666666,0.166666666,0.666666666,0.833333332,0.5,0,0.8232916299898386,0.14865227087328434,0.34421571095784503,118.57636173344856,4298
2015,"Nolan Reimold","BAL",12,0,0,0,0.25,0.25,0.333333333,0.583333333,0.083333333,0.25,0.7575062021990105,-0.5917725160340979,0.2514931857585907,54.55073644340908,3441
2015,"John Ryan Murphy","NYY",6,0,0,0,0.166666666,0.166666666,0.666666666,0.833333332,0.5,0,0.8232916299898386,0.14865227087328434,0.34421571095784503,118.57636173344856,10346
2015,"Rob Refsnyder","NYY",7,0,0,0,0.285714285,0.285714285,0.714285714,0.999999999,0.428571429,0.166666666,1.3892826000599683,0.6022033477573218,0.4208740166255406,171.50951841249739,13770
2015,"Asdrubal Cabrera","TBR",15,0,0,0,0.266666666,0.266666666,0.333333333,0.599999999,0.066666667,0.266666666,1.0478379165226945,-0.6387604812686911,0.2599161386489868,60.36685096830227,4962
2015,"Tim Beckham","TBR",5,0,0,0,0.2,0.2,0.2,0.4,0,0.2,0.01467245857723773,-0.5475270073532241,0.17616477012634277,2.5358791840918693,7949
2015,"Curt Casali","TBR",4,0,0,0,0,0,0,0,0,0,-0.551318511492892,-1.0010780842372615,0,-100,12510
2015,"Mikie Mahtook","TBR",15,0,0,0,0.333333333,0.333333333,0.6,0.933333333,0.266666667,0.285714285,2.6981073137518714,1.0115089159604858,0.39760242303212484,155.44030191831487,13130
2015,"Brendan Ryan","NYY",1,0,0,0,0,0,0,0,0,0,-0.137829627873223,-0.2502695210593154,0,-100,6073
2015,"Jose Pirela","NYY",1,0,0,0,1,1,1,2,0,1,0.5659909700701298,0.45355107688403745,0.8808238506317139,489.1084584867905,5485
2015,"Troy Tulowitzki","TOR",10,0,0,0,0.2,0.2,0.2,0.4,0,0.2,0.02934491715447546,-1.0950540147064483,0.17616477012634277,2.5358791840918693,3531
2015,"Cliff Pennington","TOR",3,0,0,0,0,0,0,0,0,0,-0.413488883619669,-0.7508085631779462,0,-100,3395
2015,"Matt Hague","TOR",1,0,0,0,1,1,1,2,0,1,0.5659909700701298,0.45355107688403745,0.8808238506317139,489.1084584867905,7772
2015,"J.P. Arencibia","TBR",5,0,0,0,0.2,0.2,0.2,0.4,0,0.2,0.01467245857723773,-0.5475270073532241,0.17616477012634277,2.5358791840918693,697
2015,"Richie Shaffer","TBR",7,0,0,0,0.285714285,0.285714285,0.714285714,0.999999999,0.428571429,0.166666666,1.3892826000599683,0.6022033477573218,0.4208740166255406,171.50951841249739,13271
2015,"Luke Maile","TBR",6,0,0,0,0.166666666,0.166666666,0.333333333,0.499999999,0.166666667,0.166666666,0.17684277355164305,-0.49779658556491124,0.2093784213066101,25.470163818943195,13355
2015,"Christian Walker","BAL",2,0,0,0,0,0,0,0,0,0,-0.275659255746446,-0.5005390421186308,0,-100,13419
2015,"Dariel Alvarez","BAL",2,0,0,0,0.5,0.5,0.5,1,0,0.5,0.4281613421969068,0.20328155582472207,0.44041192531585693,185.00059642260388,15580
2015,"Paul Janish","BAL",3,0,0,0,0,0,0,0,0,0,-0.413488883619669,-0.7508085631779462,0,-100,7412
2016,"J.J. Hardy","BAL",17,0,0,0,0.4375,0.411764705,1.125,1.536764705,0.6875,0.285714285,6.02713684733019,4.024460516823388,0.6050131671568927,295.28968721504134,3797
2016,"Caleb Joseph","BAL",4,0,0,0,0.75,0.75,0.75,1.5,0,0.75,1.5958150740750843,1.1245971139558368,0.658840611577034,332.2834573953672,7087
2016,"Jose Bautista","TOR",25,0,0,0,0.36,0.36,0.8,1.16,0.44,0.272727272,6.319302642349646,3.3741903916043494,0.4816852855682373,210.53063247139852,1887
2016,"Edwin Encarnacion","TOR",28,0,0,0,0.392857142,0.392857142,0.857142857,1.249999999,0.464285715,0.291666666,7.972581738397543,4.674056017562811,0.5204207045691354,237.15216733701544,2151
2016,"Troy Tulowitzki","TOR",18,0,0,0,0.277777777,0.277777777,0.333333333,0.61111111,0.055555556,0.277777777,1.3198060534250602,-0.8006747671115533,0.2642131182882521,61.069414989507536,3531
2016,"Josh Donaldson","TOR",26,0,0,0,0.28,0.269230769,0.4,0.669230769,0.12,0.269230769,2.181971816967123,-0.8809449238079853,0.27705841110302853,69.89754746742655,5038
2016,"Darwin Barney","TOR",8,0,0,0,0.125,0.125,0.5,0.625,0.375,0,0.5049339897889761,-0.4375019304495188,0.2518448531627655,52.56912740367553,2430
2016,"Kevin Pillar","TOR",30,0,0,0,0.344827586,0.344827586,0.379310344,0.72413793,0.034482758,0.344827586,3.4680855726339708,-0.06604912826038517,0.3154519611391528,96.28412743130386,12434
2016,"Russell Martin","TOR",20,0,0,0,0.4,0.4,0.55,0.95,0.15,0.368421052,3.8426470354488726,1.4865572348526357,0.40819689333438874,160.0245621478486,4616
2016,"Chris Colabello","TOR",6,0,0,0,0.166666666,0.166666666,0.166666666,0.333333332,0,0.166666666,-0.14330869787674655,-0.8501356380556178,0.14640902479489645,-19.89332823454411,13051
2016,"Desmond Jennings","TBR",8,0,0,0,0.25,0.25,0.5,0.75,0.25,0.25,0.8921657359993438,-0.05027018423915107,0.31050488352775574,92.88416939518021,1965
2016,"Brandon Guyer","TBR",7,0,0,0,0.285714285,0.285714285,0.285714285,0.57142857,0,0.285714285,0.4368615927126938,-0.3877698374959892,0.2509868996483939,51.97948515931531,2636
2016,"Steven Souza Jr.","TBR",17,0,0,0,0.176470588,0.176470588,0.235294117,0.411764705,0.058823529,0.176470588,0.014769674552941467,-1.98790665595386,0.17640751950881062,0.7236159870731921,5667
2016,"Logan Forsythe","TBR",24,0,0,0,0.5,0.5,0.875,1.375,0.375,0.454545454,7.970962419871383,5.143654659155898,0.5778499493996302,276.62133232850874,7185
2016,"Tim Beckham","TBR",7,0,0,0,0.571428571,0.571428571,0.571428571,1.142857142,0,0.571428571,1.8865937692780497,1.0619623390693667,0.5019737992967878,224.474237304578,7949
2016,"Evan Longoria","TBR",32,0,0,0,0.366666666,0.34375,0.766666666,1.110416666,0.4,0.275862068,7.0561642055522835,3.286420524598304,0.44258143194019794,183.65588502863318,9368
2016,"Steve Pearce","TBR",3,0,0,0,0.333333333,0.333333333,0.333333333,0.666666666,0,0.333333333,0.29077869520296573,-0.06263477488646985,0.2928180495897929,80.72861051685912,9957
2016,"Carlos Beltran","NYY",3,0,0,0,0,0,0,0,0,0,-0.4340873930797123,-0.7875008631691478,0,-100,589
2016,"Alex Rodriguez","NYY",15,0,0,0,0.2,0.2,0.666666666,0.866666666,0.466666666,0.076923076,2.1794298360438114,0.41236248559663324,0.3514358123143514,121.01460339795108,1274
2016,"Mark Teixeira","NYY",5,0,0,0,0.4,0.4,0.4,0.8,0,0.4,0.7262531880991687,0.1372307379501095,0.35138165950775146,120.9773860174204,1281
2016,"Starlin Castro","NYY",28,0,0,0,0.428571428,0.428571428,0.678571428,1.107142856,0.25,0.428571428,6.716910544953813,3.418384824119081,0.466073249067579,199.80101124241628,4579
2016,"Chase Headley","NYY",18,0,0,0,0.333333333,0.333333333,0.333333333,0.666666666,0,0.333333333,1.7446721712177944,-0.3758086493188191,0.2928180495897929,80.72861051685912,4720
2016,"Aaron Hicks","NYY",7,0,0,0,0.142857142,0.142857142,0.142857142,0.285714284,0,0.142857142,-0.2880044955699842,-1.112635925778667,0.12549344982419694,-34.26789091331603,5297
2016,"Austin Romine","NYY",8,0,0,0,0.714285714,0.714285714,1.285714285,1.999999999,0.571428571,0.666666666,4.398964698403279,3.4565287781647838,0.8417344008173261,457.98013275216,5491
2016,"Ronald Torreyes","NYY",7,0,0,0,0.142857142,0.142857142,0.142857142,0.285714284,0,0.142857142,-0.2880044955699842,-1.112635925778667,0.12549344982419694,-34.26789091331603,11400
2016,"Justin Smoak","TOR",3,0,0,0,0.333333333,0.333333333,0.333333333,0.666666666,0,0.333333333,0.29077869520296573,-0.06263477488646985,0.2928180495897929,80.72861051685912,9054
2016,"Matt Dominguez","TOR",3,0,0,0,0,0,0,0,0,0,-0.4340873930797123,-0.7875008631691478,0,-100,4903
2016,"Devon Travis","TOR",19,0,0,0,0.315789473,0.315789473,0.736842105,1.052631578,0.421052632,0.235294117,4.075244880608839,1.836959570042414,0.43528763244026586,178.64310492456974,13862
2016,"Nolan Reimold","BAL",9,0,0,0,0.333333333,0.333333333,0.666666666,0.999999999,0.333333333,0.25,1.8099703686610946,0.7497299583927879,0.4190741247600979,167.50011302892173,3441
2016,"Matt Wieters","BAL",10,0,0,0,0.2,0.2,0.2,0.4,0,0.2,0.0027741996329816443,-1.1752707006651368,0.17569082975387573,0.23105951573652753,4298
2016,"Adam Jones","BAL",18,0,0,0,0.277777777,0.277777777,0.666666666,0.944444443,0.388888889,0.1875,3.195074619529455,1.0745937989928414,0.39046919345855713,147.84091750157015,6368
2016,"Mark Trumbo","BAL",25,0,0,0,0.36,0.36,0.76,1.12,0.4,0.272727272,6.019302671859703,3.0741904211144067,0.46714267015457156,200.5359879507549,6876
2016,"Joey Rickard","BAL",17,0,0,0,0.352941176,0.352941176,0.470588235,0.823529411,0.117647059,0.352941176,2.489367909890919,0.48669157938411767,0.35281503901762123,121.96249896009373,13277
2016,"Jonathan Schoop","BAL",26,0,0,0,0.307692307,0.307692307,0.615384615,0.923076922,0.307692308,0.25,4.512106473321532,1.4491897325464245,0.3856682043809157,144.54136114161665,11265
2016,"Paul Janish","BAL",3,0,0,0,0.333333333,0.333333333,0.333333333,0.666666666,0,0.333333333,0.29077869520296573,-0.06263477488646985,0.2928180495897929,80.72861051685912,7412
2016,"Manny Machado","BAL",33,0,0,0,0.393939393,0.393939393,0.666666666,1.060606059,0.272727273,0.354838709,7.423566301372205,3.5360181303884133,0.4479760437300711,187.36341807086635,11493
2016,"Nick Franklin","TBR",6,0,0,0,0.333333333,0.333333333,0.333333333,0.666666666,0,0.333333333,0.5815573904059315,-0.1252695497729397,0.2928180495897929,80.72861051685912,10166
2016,"Curt Casali","TBR",9,0,0,0,0.375,0.375,0.75,1.125,0.375,0.285714285,2.1989994371486237,1.138759026880317,0.47145839035511017,203.5020355307804,12510
2016,"Rob Refsnyder","NYY",4,0,0,0,0.25,0.25,0.25,0.5,0,0.25,0.14608289750972825,-0.3251350626095192,0.21961353719234467,30.417641141157493,13770
2016,"Gary Sanchez","NYY",24,0,0,0,0.5,0.5,0.958333333,1.458333333,0.458333333,0.428571428,8.638596704890917,5.811288944175433,0.6115622743964195,299.790665679007,11442
2016,"Bobby Wilson","TBR",6,0,0,0,0.5,0.5,0.666666666,1.166666666,0.166666666,0.5,1.6064234491785532,0.8995965089996818,0.4998213052749634,222.99490143761082,6564
2016,"Matt Duffy","TBR",6,0,0,0,0,0,0,0,0,0,-0.8681747861594246,-1.5750017263382956,0,-100,13836
2016,"Luke Maile","TBR",2,0,0,0,1,1,2.5,3.5,1.5,1,2.0979748642310785,1.862365884171455,1.4466064870357513,873.6881268267539,13355
2016,"Drew Stubbs","BAL",2,0,0,0,0,0,0,0,0,0,-0.28939159538647485,-0.5250005754460986,0,-100,9328
2016,"Steve Pearce","BAL",1,0,0,0,0,0,0,0,0,0,-0.14469579769323743,-0.2625002877230493,0,-100,9957
2016,"Tyler Austin","NYY",2,0,0,0,0.5,0.5,1,1.5,0.5,0.5,0.7354744633861467,0.4998654833265231,0.6210097670555115,306.28360577630775,11850
2016,"Billy Butler","NYY",8,0,0,0,0.571428571,0.5,1,1.5,0.428571429,0.428571428,2.67953225463701,1.7370963343985153,0.5812651589512825,278.9684895943328,7399
2016,"Donovan Solano","NYY",4,0,0,0,0.25,0.25,0.25,0.5,0,0.25,0.14608289750972825,-0.3251350626095192,0.21961353719234467,30.417641141157493,8623
2016,"B.J. Upton","TOR",2,0,0,0,0.5,0.5,0.5,1,0,0.5,0.4354744928962031,0.1998655128365794,0.43922707438468933,181.35054926826234,5015
2017,"Welington Castillo","BAL",15,0,0,0,0.466666666,0.466666666,0.533333333,0.999999999,0.066666667,0.466666666,3.2448242488408305,1.4167662593627195,0.4328120787938436,175.32952504712082,3256
2017,"J.J. Hardy","BAL",20,0,0,0,0.3,0.3,0.3,0.6,0,0.3,1.4604129438730826,-0.9769977087643991,0.2630006432533264,59.18352309375617,3797
2017,"Adam Jones","BAL",30,0,0,0,0.3,0.3,0.5,0.8,0.2,0.275862068,4.02160507768055,0.3654890987243278,0.3353244860967,108.65089356514608,6368
2017,"Craig Gentry","BAL",8,0,0,0,0.25,0.25,0.375,0.625,0.125,0.25,0.5882428043216814,-0.38672145673331126,0.26360464096069336,59.59663967024807,9571
2017,"Mark Trumbo","BAL",29,0,0,0,0.379310344,0.379310344,0.517241379,0.896551723,0.137931035,0.357142857,5.050137925647295,1.5158924793229471,0.38283011008953227,141.14333601759094,6876
2017,"Trey Mancini","BAL",19,0,0,0,0.764705882,0.684210526,1.411764705,2.095975231,0.647058823,0.647058823,10.119946302076348,7.80440618207074,0.8076355645531103,431.6977087951195,15149
2017,"Jonathan Schoop","BAL",27,0,0,0,0.518518518,0.518518518,0.777777777,1.296296295,0.259259259,0.48,8.498383410742042,5.207879029681441,0.5494554219422517,255.11012355651582,11265
2017,"Steven Souza Jr.","TBR",15,0,0,0,0.4,0.4,0.8,1.2,0.4,0.307692307,4.0669900217888,2.2389320323106876,0.4977630933125814,219.75409889960667,5667
2017,"Manny Machado","BAL",30,0,0,0,0.266666666,0.266666666,0.6,0.866666666,0.333333334,0.185185185,4.543770890867992,0.8876549119117696,0.35595000982284547,122.7581420632278,11493
2017,"Derek Norris","TBR",12,0,0,0,0.25,0.25,0.333333333,0.583333333,0.083333333,0.25,0.7323642266022587,-0.7300821649802303,0.24879216154416403,49.46534163504656,6867
2017,"Tim Beckham","TBR",16,0,0,0,0.4375,0.4375,0.625,1.0625,0.1875,0.4,3.7268889691222444,1.7769604470122593,0.45249365270137787,188.7911397742653,7949
2017,"Peter Bourjos","TBR",5,0,0,0,0.2,0.2,0.2,0.4,0,0.2,-0.0047996802668275745,-0.614152343426198,0.17533376216888427,-0.7780319644691455,2578
2017,"Evan Longoria","TBR",30,0,0,0,0.310344827,0.3,0.48275862,0.78275862,0.172413793,0.275862068,3.7216051179200234,0.06548913896380082,0.32347450256347654,100.54585513698488,9368
2017,"Daniel Robertson","TBR",3,0,0,0,0,0,0,0,0,0,-0.44676330764221445,-0.8123749055378366,0,-100,14145
2017,"Rickie Weeks Jr.","TBR",9,0,0,0,0.555555555,0.555555555,0.777777777,1.333333332,0.222222222,0.555555555,2.9587391589453933,1.8619043652585265,0.5660381184683906,266.45219776362904,1849
2017,"Jesus Sucre","TBR",9,0,0,0,0.5,0.444444444,0.875,1.319444444,0.375,0.375,2.5499191895434885,1.453084395856622,0.5122102234098647,229.63550880088036,5942
2017,"Starlin Castro","NYY",11,0,0,0,0.363636363,0.363636363,0.454545454,0.818181817,0.090909091,0.363636363,1.6210911616198604,0.28051530266924546,0.3511067953976718,119.44552657124838,4579
2017,"Chase Headley","NYY",14,0,0,0,0.357142857,0.357142857,0.5,0.857142857,0.142857143,0.357142857,2.214133646208369,0.507946189362132,0.3638816475868225,128.1831478191473,4720
2017,"Aaron Hicks","NYY",6,0,0,0,0.5,0.5,0.666666666,1.166666666,0.166666666,0.5,1.6258908418866878,0.8946676460954432,0.49758432308832806,219.6318253510129,5297
2017,"Chris Carter","NYY",2,0,0,0,0,0,0,0,0,0,-0.29784220509480963,-0.5415832703585578,0,-100,9911
2017,"Caleb Joseph","BAL",12,0,0,0,0.25,0.25,0.333333333,0.583333333,0.083333333,0.25,0.7323642266022587,-0.7300821649802303,0.24879216154416403,49.46534163504656,7087
2017,"Joey Rickard","BAL",6,0,0,0,0.333333333,0.333333333,0.5,0.833333333,0.166666667,0.333333333,0.8860850094164912,0.15486181362524656,0.3514728546142578,119.6959002539707,13277
2017,"Francisco Pena","BAL",1,0,0,0,0,0,0,0,0,0,-0.14892110254740482,-0.2707916351792789,0,-100,8298
2017,"Gary Sanchez","NYY",19,0,0,0,0.277777777,0.263157894,0.666666666,0.92982456,0.388888889,0.176470588,3.0314997388895097,0.7159596188839019,0.36554089972847387,129.31802723331597,11442
2017,"Garrett Cooper","NYY",5,0,0,0,0.2,0.2,0.4,0.6,0.2,0.2,0.2952002794936992,-0.3141523836656712,0.2464336633682251,47.852198604498106,15279
2017,"Matt Holliday","NYY",14,0,0,0,0.307692307,0.285714285,0.538461538,0.824175823,0.230769231,0.23076923,1.8053136768064646,0.09912621996022722,0.3292780007634844,104.51527634309461,1873
2017,"Austin Romine","NYY",11,0,0,0,0.272727272,0.272727272,0.272727272,0.545454544,0,0.272727272,0.5812853693891367,-0.7592904895614783,0.23909149386666037,42.83037171424019,5491
2017,"Ronald Torreyes","NYY",28,0,0,0,0.307692307,0.307692307,0.307692307,0.615384614,0,0.307692307,2.203920916108204,-1.2084539975842703,0.26974424949059117,63.795950405927364,11400
2017,"Aaron Judge","NYY",22,0,0,0,0.136363636,0.136363636,0.272727272,0.409090908,0.136363636,0.095238095,-0.1258609760429708,-2.8070126939442006,0.1696919636292891,-4.636855383013071,15640
2017,"Clint Frazier","NYY",8,0,0,0,0.375,0.375,0.375,0.75,0,0.375,1.0280486770313513,0.053084415976358504,0.328750804066658,104.15468938742521,15983
2017,"Jose Bautista","TOR",28,0,0,0,0.296296296,0.285714285,0.703703703,0.989417988,0.407407407,0.23076923,5.110627152415564,1.6982522387230885,0.392760055405753,147.9351250653868,1887
2017,"Darwin Barney","TOR",24,0,0,0,0.291666666,0.291666666,0.5,0.791666666,0.208333334,0.260869565,3.1355200682640603,0.21062728509908202,0.3312873939673106,105.88964189293996,2430
2017,"Troy Tulowitzki","TOR",11,0,0,0,0.363636363,0.363636363,0.363636363,0.727272726,0,0.363636363,1.3210912018593333,-0.019484657091281728,0.3187886584888805,97.34087631262686,3531
2017,"Russell Martin","TOR",13,0,0,0,0.153846153,0.153846153,0.23076923,0.384615383,0.076923077,0.153846153,-0.15636270841534272,-1.7406796326297058,0.1622182405911959,-9.74866100327804,4616
2017,"Josh Donaldson","TOR",29,0,0,0,0.379310344,0.379310344,0.793103448,1.172413792,0.413793104,0.307692307,7.5121094103470405,3.9778639640226916,0.48343123238662195,209.9515297039375,5038
2017,"Kendrys Morales","TOR",14,0,0,0,0.571428571,0.571428571,1.071428571,1.642857142,0.5,0.5,5.995522749037124,4.289335292190887,0.6839488233838763,347.0996342560259,8610
2017,"Justin Smoak","TOR",8,0,0,0,0.375,0.375,0.5,0.875,0.125,0.375,1.328048636791878,0.35308437573688534,0.37318824231624603,134.54858349302975,9054
2017,"Steve Pearce","TOR",20,0,0,0,0.35,0.35,0.6,0.95,0.25,0.315789473,3.7312044784536793,1.2937938258161976,0.3975448727607727,151.20779868771191,9957
2017,"Kevin Pillar","TOR",34,0,0,0,0.303030303,0.303030303,0.363636363,0.666666666,0.06060606,0.303030303,3.1771061589513474,-0.9664919505323715,0.2872026400132613,75.73697341945008,12434
2017,"Todd Frazier","NYY",7,0,0,0,0.428571428,0.428571428,1.285714285,1.714285713,0.857142857,0.2,3.0389413447574474,2.185847616334329,0.6909199953079224,351.86770977067107,785
2017,"Tyler Austin","NYY",5,0,0,0,0.4,0.4,1.2,1.6,0.8,0.25,1.9659918945532417,1.3566392313938713,0.6424107789993286,318.68883984238647,11850
2017,"Tim Beckham","BAL",10,0,0,0,0.4,0.4,0.8,1.2,0.4,0.333333333,2.700998046756611,1.4822927204378697,0.49653915166854856,218.91695899718397,7949
2017,"Anthony Santander","BAL",1,0,0,0,0,0,0,0,0,0,-0.14892110254740482,-0.2707916351792789,0,-100,14551
2017,"Teoscar Hernandez","TOR",13,0,0,0,0.416666666,0.384615384,1.25,1.634615384,0.833333334,0.2,4.856012136763285,3.2716952125489214,0.6191149124732385,302.7551558096701,13066
2017,"Rob Refsnyder","TOR",1,0,0,0,0,0,0,0,0,0,-0.14892110254740482,-0.2707916351792789,0,-100,13770
2017,"Richard Urena","TOR",4,0,0,0,0.25,0.25,0.25,0.5,0,0.25,0.14412142228057728,-0.34336070824691906,0.21916720271110535,29.20274556464353,16411
2017,"Adeiny Hechavarria","TBR",8,0,0,0,0.125,0.125,0.125,0.25,0,0.125,-0.45156298790904215,-1.4265272489640348,0.10958360135555267,-45.74919825813815,10459
2017,"Wilson Ramos","TBR",6,0,0,0,0.5,0.5,1,1.5,0.5,0.4,2.2568766647155067,1.525653468924262,0.6222038666407267,304.8679091447383,1433
2017,"Cesar Puello","TBR",2,0,0,0,0,0,0,0,0,0,-0.29784220509480963,-0.5415832703585578,0,-100,7216
2017,"Trevor Plouffe","TBR",4,0,0,0,0.25,0.25,0.25,0.5,0,0.25,0.14412142228057728,-0.34336070824691906,0.21916720271110535,29.20274556464353,7462
2017,"Danny Espinosa","TBR",2,0,0,0,1,1,1,2,0,1,1.1817694598455835,0.9380283945818354,0.8766688108444214,478.9144085013335,9219
2017,"Curt Casali","TBR",2,0,0,0,0.5,0.5,0.5,1,0,0.5,0.44196362737538697,0.19822256211163877,0.4383344054222107,179.10663321020687,12510
2017,"Luke Maile","TOR",3,0,0,0,0.666666666,0.666666666,1,1.666666666,0.333333334,0.666666666,1.3328483170587055,0.9672367191630833,0.7029457092285156,360.0929425888612,13355
2018,"Wilson Ramos","TBR",13,0,0,0,0.307692307,0.307692307,0.846153846,1.153846153,0.538461539,0.181818181,3.2299158832659267,1.7111110797752882,0.4760355811852675,207.83285562567892,1433
2018,"Carlos Gomez","TBR",17,0,0,0,0.352941176,0.352941176,0.588235294,0.94117647,0.235294118,0.3125,3.1661704189278836,1.1800410605170486,0.3997780154733097,155.7943525374144,4881
2018,"Adeiny Hechavarria","TBR",23,0,0,0,0.227272727,0.227272727,0.227272727,0.454545454,0,0.227272727,0.5331970598225692,-2.153919130968561,0.19989334724166177,19.392163089630067,10459
2018,"C.J. Cron","TBR",30,0,0,0,0.333333333,0.333333333,0.7,1.033333333,0.366666667,0.259259259,6.396086302193811,2.8911521402923364,0.43282296061515807,178.34437054232902,12546
2018,"Matt Duffy","TBR",26,0,0,0,0.384615384,0.384615384,0.538461538,0.923076922,0.153846154,0.36,4.77721404235735,1.7396044353760733,0.39670573748075044,153.6978163273852,13836
2018,"Daniel Robertson","TBR",12,0,0,0,0.583333333,0.583333333,1,1.583333333,0.416666667,0.545454545,4.883115264222452,3.4811415994618624,0.6702917615572611,340.3941398448172,14145
2018,"Jesus Sucre","TBR",10,0,0,0,0.111111111,0.1,0.222222222,0.322222222,0.111111111,0.1,-0.38136671330001204,-1.5496781006005034,0.12472748756408691,-31.901354929791516,5942
2018,"Rob Refsnyder","TBR",5,0,0,0,0.4,0.4,1,1.4,0.6,0.25,1.6747890877675111,1.0906333941172655,0.582071840763092,280.1924722747503,13770
2018,"Shane Robinson","NYY",7,0,0,0,0.166666666,0.166666666,0.166666666,0.333333332,0,0.166666666,-0.14211981442315816,-0.9599377855335021,0.14658845464388529,-16.983333455154444,4249
2018,"Giancarlo Stanton","NYY",28,0,0,0,0.666666666,0.642857142,1.111111111,1.753968253,0.444444445,0.615384615,12.64671134099004,9.375439456548664,0.7251371081386294,377.8208490612108,4949
2018,"Austin Romine","NYY",12,0,0,0,0.25,0.25,0.333333333,0.583333333,0.083333333,0.25,0.7738736915138181,-0.6280999732467715,0.2505280276139577,53.9454948977791,5491
2018,"Neil Walker","NYY",5,0,0,0,0.4,0.4,0.4,0.8,0,0.4,0.7355780930949143,0.15142239944466865,0.3518122911453247,123.06232824226586,7539
2018,"Gary Sanchez","NYY",13,0,0,0,0.461538461,0.461538461,1.384615384,1.846153845,0.923076923,0.3,6.204142196131274,4.685337392640635,0.756485388829158,399.21305567435786,11442
2018,"Tyler Austin","NYY",4,0,0,0,0.5,0.5,0.5,1,0,0.5,0.8754655303345531,0.40814097541435657,0.4397653639316559,183.08189754116026,11850
2018,"Aaron Judge","NYY",14,0,0,0,0.571428571,0.571428571,1.071428571,1.642857142,0.5,0.5,5.9600590046125035,4.324423062391816,0.693327533347266,356.11385329544925,15640
2018,"Miguel Andujar","NYY",30,0,0,0,0.233333333,0.233333333,0.466666666,0.699999999,0.233333333,0.206896551,2.965141432808597,-0.5397927290928768,0.2926329811414083,82.6781030490237,15878
2018,"Ronald Torreyes","NYY",3,0,0,0,0.333333333,0.333333333,0.666666666,0.999999999,0.333333333,0.333333333,0.5978453473774589,0.24735193118731147,0.41575829188028973,166.69936445842242,11400
2018,"Danny Valencia","BAL",16,0,0,0,0.3125,0.3125,0.3125,0.625,0,0.3125,1.3493392023985504,-0.5199590172822357,0.2748533524572849,70.54520510573326,6364
2018,"Caleb Joseph","BAL",8,0,0,0,0.375,0.375,0.5,0.875,0.125,0.375,1.333423440472373,0.3987743306319801,0.3757920414209366,139.42621682332455,7087
2018,"Adam Jones","BAL",36,0,0,0,0.323529411,0.305555555,0.352941176,0.658496731,0.029411765,0.305555555,3.1566363149349215,-1.0492846793468478,0.27896061539649963,73.34801966126166,6368
2018,"Tim Beckham","BAL",10,0,0,0,0.2,0.2,0.2,0.4,0,0.2,0.03614090689672084,-1.1321704804037704,0.17590614557266235,3.0231896444770423,7949
2018,"Craig Gentry","BAL",5,0,0,0,0.8,0.8,0.8,1.6,0,0.8,2.170593372388022,1.5864376787377765,0.7036245822906494,363.1406054378434,9571
2018,"Jonathan Schoop","BAL",15,0,0,0,0.285714285,0.266666666,0.5,0.766666666,0.214285715,0.214285714,1.7109299946642316,-0.04153708628650528,0.3112947106361389,95.41295052123476,11265
2018,"Manny Machado","BAL",23,0,0,0,0.391304347,0.391304347,0.695652173,1.08695652,0.304347826,0.363636363,5.379368772779176,2.6922525819880456,0.4581761256508205,195.64548348355572,11493
2018,"Johnny Field","TBR",6,0,0,0,0.333333333,0.333333333,0.833333333,1.166666666,0.5,0.2,1.5349016505278725,0.8339148181475777,0.4850598673025767,213.99106873673995,15048
2018,"Trey Mancini","BAL",29,0,0,0,0.379310344,0.379310344,0.586206896,0.96551724,0.206896552,0.357142857,5.645059373202462,2.2569563500310363,0.4100894393592045,162.83091420471663,15149
2018,"Mark Trumbo","BAL",11,0,0,0,0.272727272,0.272727272,0.363636363,0.636363635,0.090909091,0.272727272,0.9137611287534573,-0.3713813972770832,0.27330330285159027,69.4874443387874,6876
2018,"Andrew Susac","BAL",7,0,0,0,0.285714285,0.285714285,0.428571428,0.714285713,0.142857143,0.285714285,0.7558032380654579,-0.062014733044886,0.3038293719291687,90.31857007870917,13132
2018,"Joey Rickard","BAL",14,0,0,0,0.357142857,0.357142857,0.5,0.857142857,0.142857143,0.357142857,2.22911411577747,0.593478173556782,0.3666529953479767,133.1896910064909,13277
2018,"Russell Martin","TOR",13,0,0,0,0.307692307,0.307692307,0.307692307,0.615384614,0,0.307692307,1.051493874470913,-0.4673109290197259,0.2706248393425575,67.65964888944028,4616
2018,"Josh Donaldson","TOR",1,0,0,0,1,1,1,2,0,1,0.5776202024069153,0.4607890636768661,0.8795307278633118,483.17974403563227,5038
2018,"Yangervis Solarte","TOR",19,0,0,0,0.222222222,0.210526315,0.222222222,0.432748537,0,0.210526315,0.21216925103308049,-2.007622384837853,0.18516436376069723,9.341039044360668,5352
2018,"Kendrys Morales","TOR",16,0,0,0,0.375,0.375,0.6875,1.0625,0.3125,0.333333333,3.606057875617343,1.736759655936557,0.4477481506764889,188.52938683347594,8610
2018,"Justin Smoak","TOR",12,0,0,0,0.333333333,0.333333333,0.666666666,0.999999999,0.333333333,0.272727272,2.430592325832969,1.0286186610723793,0.4197637339433034,169.43269599372627,9054
2018,"Kevin Pillar","TOR",19,0,0,0,0.368421052,0.368421052,0.526315789,0.894736841,0.157894737,0.368421052,3.2646922283222053,1.0449005924512713,0.3821025020197818,143.73250329202423,12434
2018,"Teoscar Hernandez","TOR",20,0,0,0,0.35,0.35,0.95,1.3,0.6,0.235294117,5.912437739118188,3.5758149645172055,0.5338533163070679,247.2879360442828,13066
2018,"Luke Maile","TOR",8,0,0,0,0,0,0,0,0,0,-1.1190994979171096,-2.0537486077575027,0,-100,13355
2018,"Devon Travis","TOR",25,0,0,0,0.36,0.36,0.48,0.84,0.12,0.36,3.8303828481953115,0.9096043799440833,0.3592893815040588,128.16472806438875,13862
2018,"Gio Urshela","TOR",1,0,0,0,0,0,0,0,0,0,-0.1398874372396387,-0.25671857596968783,0,-100,10681
2018,"Randal Grichuk","TOR",11,0,0,0,0.454545454,0.454545454,0.545454545,0.999999999,0.090909091,0.454545454,2.348776408046565,1.0636338820160247,0.4332179806449197,178.61393397314086,10243
2018,"Lourdes Gurriel Jr.","TOR",21,0,0,0,0.476190476,0.476190476,0.714285714,1.19047619,0.238095238,0.45,5.776651248005366,3.323197334674333,0.5086711105846223,230.10348650118254,19238
2018,"Aledmys Diaz","TOR",12,0,0,0,0.083333333,0.083333333,0.083333333,0.166666666,0,0.083333333,-0.9611416072291108,-2.3631152719897006,0.07329422732194264,-66.99964120423311,15937
2018,"Aaron Hicks","NYY",10,0,0,0,0.2,0.2,0.5,0.7,0.3,0.111111111,0.9753519015693177,-0.19295948573117372,0.291035920381546,81.58826166071925,5297
2018,"Luke Voit","NYY",10,0,0,0,0.3,0.3,0.9,1.2,0.6,0.125,2.6320705358884684,1.463759148587977,0.49411876797676085,220.17290297585586,14811
2018,"Gleyber Torres","NYY",10,0,0,0,0.222222222,0.2,0.666666666,0.866666666,0.444444444,0.111111111,1.2753519210191386,0.10704053371864716,0.32781033515930175,106.68328638534508,16997
2018,"Tommy Pham","TBR",5,0,0,0,0,0,0,0,0,0,-0.6994371861981935,-1.283592879848439,0,-100,2967
2018,"Willy Adames","TBR",5,0,0,0,0,0,0,0,0,0,-0.6994371861981935,-1.283592879848439,0,-100,15986
2018,"Danny Jansen","TOR",4,0,0,0,0.25,0.25,0.25,0.5,0,0.25,0.15795789068799915,-0.3093666642321974,0.21988268196582794,33.03297429392425,16535
2018,"Jonathan Davis","TOR",2,0,0,0,0.5,0.5,0.5,1,0,0.5,0.43773276516727655,0.20407048770717828,0.4397653639316559,183.08189754116026,15104
2018,"Jonathan Villar","BAL",5,0,0,0,0.2,0.2,0.2,0.4,0,0.2,0.01807045344836042,-0.5660852402018852,0.17590614557266235,3.0231896444770423,10071
2018,"Renato Nunez","BAL",9,0,0,0,0.625,0.555555555,1,1.555555555,0.375,0.5,3.267762257748619,2.2162820091781765,0.6165501541561551,303.72062716970413,14503
2018,"John Andreoli","BAL",3,0,0,0,0.333333333,0.333333333,0.666666666,0.999999999,0.333333333,0.333333333,0.5978453473774589,0.24735193118731147,0.41575829188028973,166.69936445842242,13012
2018,"Austin Wynns","BAL",3,0,0,0,0.333333333,0.333333333,0.333333333,0.666666666,0,0.333333333,0.29784532792763774,-0.052648088262509614,0.29317690928777057,83.04928204300289,15271
2018,"Stevie Wilkerson","BAL",2,0,0,0,0.5,0.5,0.5,1,0,0.5,0.43773276516727655,0.20407048770717828,0.4397653639316559,183.08189754116026,16041
2018,"Cedric Mullins","BAL",3,0,0,0,0,0,0,0,0,0,-0.4196623117189161,-0.7701557279090635,0,-100,17929
2018,"Andrew McCutchen","NYY",7,0,0,0,0.428571428,0.428571428,0.428571428,0.857142856,0,0.428571428,1.173310858262191,0.355492887151847,0.3769417405128479,140.21077661337858,9847
2018,"Kyle Higashioka","NYY",1,0,0,0,0,0,0,0,0,0,-0.1398874372396387,-0.25671857596968783,0,-100,5517
2018,"Adeiny Hechavarria","NYY",2,0,0,0,0,0,0,0,0,0,-0.2797748744792774,-0.5134371519393757,0,-100,10459
2019,"Freddy Galvis","TOR",13,0,0,0,0.23076923,0.23076923,0.23076923,0.46153846,0,0.23076923,0.29548025629672386,-1.3401488909944597,0.2006786007147569,17.783659564714966,6609
2019,"Randal Grichuk","TOR",28,0,0,0,0.285714285,0.285714285,0.464285714,0.749999999,0.178571429,0.259259259,3.317737080568868,-0.20515646744291186,0.31146074405738283,92.70858586676081,10243
2019,"Brandon Drury","TOR",14,0,0,0,0.307692307,0.285714285,0.307692307,0.593406592,0,0.285714285,0.8964391460344975,-0.8650076279713924,0.24845921993255615,50.09897018736342,11615
2019,"Alen Hanson","TOR",1,0,0,0,1,1,1,2,0,1,0.6009588897377738,0.47514126302306736,0.8696072697639465,470.1980082817935,12926
2019,"Teoscar Hernandez","TOR",13,0,0,0,0.416666666,0.384615384,1.166666666,1.55128205,0.75,0.2,4.573453683855211,2.9378245365640283,0.5813709864249597,275.25610126382713,13066
2019,"Richard Urena","TOR",1,0,0,0,0,0,0,0,0,0,-0.15073964129165973,-0.27655726800636615,0,-100,16411
2019,"Danny Jansen","TOR",16,0,0,0,0.25,0.25,0.25,0.5,0,0.25,0.5949598634511779,-1.4181221639841248,0.21740181744098663,29.09401828264192,16535
2019,"Lourdes Gurriel Jr.","TOR",30,0,0,0,0.433333333,0.433333333,0.7,1.133333333,0.266666667,0.413793103,7.644750447980422,3.87022164653923,0.46918007532755535,199.37838765311716,19238
2019,"Jesus Sucre","BAL",7,0,0,0,0.142857142,0.142857142,0.142857142,0.285714284,0,0.142857142,-0.3034789580121847,-1.1842023450151298,0.12422960996627808,-33.92083743152258,5942
2019,"Jonathan Villar","BAL",9,0,0,0,0.111111111,0.111111111,0.111111111,0.222222222,0,0.111111111,-0.6049582405955043,-1.737316881027862,0.09662302997377184,-52.59190579127503,10071
2019,"Hanser Alberto","BAL",26,0,0,0,0.269230769,0.269230769,0.307692307,0.576923076,0.038461538,0.269230769,1.6426590436228807,-1.6285992509594862,0.24747337744786188,49.43221854957738,11902
2019,"Joey Rickard","BAL",4,0,0,0,0,0,0,0,0,0,-0.6029585651666389,-1.1062290720254646,0,-100,13277
2019,"Renato Nunez","BAL",30,0,0,0,0.379310344,0.366666666,0.827586206,1.194252872,0.448275862,0.269230769,7.745929756573471,3.9714009551322773,0.4730817397435506,202.01718764383085,14503
2019,"Trey Mancini","BAL",24,0,0,0,0.541666666,0.541666666,0.916666666,1.458333332,0.375,0.52173913,8.879188300882674,5.859565259729721,0.6023818701505661,289.466323842868,15149
2019,"Richie Martin Jr.","BAL",12,0,0,0,0.5,0.5,0.916666666,1.416666666,0.416666666,0.454545454,4.226174279176557,2.71636275860008,0.5818071911732355,275.551118200953,17736
2019,"Cedric Mullins","BAL",2,0,0,0,0,0,0,0,0,0,-0.30147928258331946,-0.5531145360127323,0,-100,17929
2019,"Pedro Severino","BAL",8,0,0,0,0.125,0.125,0.125,0.25,0,0.125,-0.45421859930384456,-1.460759613021496,0.10870090872049332,-44.42331338388334,14523
2019,"Tommy Pham","TBR",15,0,0,0,0.266666666,0.266666666,0.466666666,0.733333332,0.2,0.266666666,1.6456995047428373,-0.2415648959777589,0.3013066569964091,85.84110522635615,2967
2019,"Avisail Garcia","TBR",23,0,0,0,0.391304347,0.391304347,0.608695652,0.999999999,0.217391305,0.363636363,4.823133818056601,1.9293284036183531,0.416978613190029,164.07314273276293,5760
2019,"Travis d'Arnaud","TBR",12,0,0,0,0.727272727,0.666666666,1.363636363,2.030303029,0.636363636,0.6,6.354430129735299,4.844618609158822,0.7869810611009598,414.3156936063587,7739
2019,"Mike Zunino","TBR",12,0,0,0,0.333333333,0.333333333,0.583333333,0.916666666,0.25,0.272727272,2.1227772171176906,0.6129656965412135,0.3790298253297806,138.4073625998825,13265
2019,"Daniel Robertson","TBR",6,0,0,0,0.166666666,0.166666666,0.666666666,0.833333332,0.5,0,0.7721194717793485,0.017213711491109975,0.3232560157775879,100.68604358407258,14145
2019,"Willy Adames","TBR",19,0,0,0,0.210526315,0.210526315,0.368421052,0.578947367,0.157894737,0.166666666,1.0675997280760723,-1.3229351795033497,0.2393872581030193,43.96335978135421,15986
2019,"Christian Arroyo","TBR",6,0,0,0,0.166666666,0.166666666,0.166666666,0.333333332,0,0.166666666,-0.1527393167205251,-0.9076450770087636,0.14493454496065775,-19.91753616170826,16434
2019,"Yandy Diaz","TBR",22,0,0,0,0.454545454,0.454545454,0.863636363,1.318181817,0.409090909,0.4,6.920430773725273,4.152442986001732,0.5382907011292197,246.11975217847368,16578
2019,"Guillermo Heredia","TBR",16,0,0,0,0.25,0.25,0.5,0.75,0.25,0.2,1.8198186519510515,-0.19326337548425124,0.3059634268283844,88.99060320444855,18721
2019,"Vladimir Guerrero Jr.","TOR",20,0,0,0,0.2,0.2,0.2,0.4,0,0.2,-0.007998701715461465,-2.52435123600959,0.1739214539527893,-0.31291438396819726,19611
2019,"Luke Maile","TOR",3,0,0,0,0,0,0,0,0,0,-0.4522189238749792,-0.8296718040190985,0,-100,13355
2019,"Edwin Encarnacion","NYY",28,0,0,0,0.428571428,0.428571428,0.714285714,1.142857142,0.285714286,0.407407407,7.224531204686603,3.7016376566748224,0.4728750245911734,201.8773806578848,2151
2019,"Aaron Hicks","NYY",8,0,0,0,0.428571428,0.375,0.428571428,0.803571428,0,0.375,1.0491784627550225,0.042637449037371135,0.32610272616147995,102.61134994916716,5297
2019,"Austin Romine","NYY",11,0,0,0,0.545454545,0.545454545,1.272727272,1.818181817,0.727272727,0.444444444,5.301772708968091,3.9177788151063204,0.7319650108164008,377.10686744877546,5491
2019,"DJ LeMahieu","NYY",29,0,0,0,0.379310344,0.379310344,0.48275862,0.862068964,0.103448276,0.379310344,4.797234243865636,1.1485230691391493,0.36575347390668145,129.428211069484,9874
2019,"Gio Urshela","NYY",18,0,0,0,0.555555555,0.555555555,1.166666666,1.722222221,0.611111111,0.5,8.153389344044207,5.8886720631794915,0.6984008318848081,354.4065155963968,10681
2019,"Gary Sanchez","NYY",12,0,0,0,0.166666666,0.166666666,0.25,0.416666666,0.083333334,0.166666666,-0.005478633441050262,-1.5152901540175274,0.17385595540205637,-0.3572128055231738,11442
2019,"Luke Voit","NYY",24,0,0,0,0.583333333,0.583333333,0.875,1.458333333,0.291666667,0.583333333,9.006028043412236,5.986405002259282,0.6084958439071974,293.60136780669046,14811
2019,"Aaron Judge","NYY",31,0,0,0,0.258064516,0.258064516,0.516129032,0.774193548,0.258064516,0.206896551,3.7903769451937626,-0.1099694829621364,0.31583321479059034,95.66580476105683,15640
2019,"Justin Smoak","TOR",5,0,0,0,0.4,0.4,0.4,0.8,0,0.4,0.7496988556005681,0.12061072202703604,0.3478429079055786,117.31481628247222,9054
2019,"Gleyber Torres","NYY",30,0,0,0,0.448275862,0.433333333,0.655172413,1.088505746,0.206896551,0.413793103,7.074750453132717,3.3002216516915244,0.44719980359077455,184.51254203679062,16997
2019,"Kyle Higashioka","NYY",3,0,0,0,0.666666666,0.666666666,1.666666666,2.333333332,1,0.5,1.9760369266837614,1.5985840465396421,0.9363811214764913,515.3589499959544,5517
2019,"Cameron Maybin","NYY",9,0,0,0,0.444444444,0.444444444,0.555555555,0.999999999,0.111111111,0.444444444,1.9501373524927965,0.8177787120604386,0.42505400048361885,169.5347431277058,5223
2019,"Matt Duffy","TBR",11,0,0,0,0.363636363,0.363636363,0.454545454,0.818181817,0.090909091,0.363636363,1.6486580699094768,0.2646641760477062,0.3477714549411427,117.266490731685,13836
2019,"Mike Brosseau","TBR",3,0,0,0,0.333333333,0.333333333,0.333333333,0.666666666,0,0.333333333,0.2994796071544542,-0.07797327298966505,0.2898690899213155,78.10557272699208,19683
2019,"Jesus Aguilar","TBR",3,0,0,0,0.666666666,0.666666666,0.666666666,1.333333332,0,0.666666666,1.0511781381838876,0.6737252580397683,0.579738179842631,274.15179050439275,11342
2019,"Anthony Santander","BAL",3,0,0,0,0,0,0,0,0,0,-0.4522189238749792,-0.8296718040190985,0,-100,14551
2019,"Stevie Wilkerson","BAL",3,0,0,0,0,0,0,0,0,0,-0.4522189238749792,-0.8296718040190985,0,-100,16041
2019,"Austin Hays","BAL",5,0,0,0,0.6,0.6,1,1.6,0.4,0.6,2.1013973866300018,1.4723092530564696,0.6605871319770813,328.83209905860105,19363
2019,"Austin Wynns","BAL",3,0,0,0,0.333333333,0.333333333,0.333333333,0.666666666,0,0.333333333,0.2994796071544542,-0.07797327298966505,0.2898690899213155,78.10557272699208,15271
2019,"Mark Trumbo","BAL",3,0,0,0,0,0,0,0,0,0,-0.4522189238749792,-0.8296718040190985,0,-100,6876
2020,"Jose Iglesias","BAL",15,0,0,0,0.533333333,0.533333333,0.933333333,1.466666666,0.4,0.5,5.61708380582574,3.7351485073829003,0.6149018764495849,303.97479054183367,10231
2020,"Hanser Alberto","BAL",19,0,0,0,0.5,0.47368421,0.611111111,1.084795321,0.111111111,0.47368421,4.559192477932315,2.175407766571383,0.45546763194234746,194.78353796164967,11902
2020,"Renato Nunez","BAL",14,0,0,0,0.357142857,0.357142857,0.714285714,1.071428571,0.357142857,0.307692307,3.227642163198446,1.4711692179851281,0.4443124532699585,187.14372422051443,14503
2020,"Pedro Severino","BAL",11,0,0,0,0.181818181,0.181818181,0.181818181,0.363636362,0,0.181818181,-0.09835361196469891,-1.4784394974894486,0.16045923666520553,-7.257976403972824,14523
2020,"Pat Valaika","BAL",12,0,0,0,0.583333333,0.583333333,0.833333333,1.416666666,0.25,0.545454545,4.405458695105038,2.899910456350765,0.6061894297599792,298.00792332321095,14885
2020,"Austin Hays","BAL",20,0,0,0,0.47368421,0.45,0.842105263,1.292105263,0.368421053,0.388888888,5.965263109428459,3.4560160448380053,0.5245746850967408,242.11267806812793,19363
2020,"Anthony Santander","BAL",3,0,0,0,0,0,0,0,0,0,-0.43296233625136205,-0.8093493959399302,0,-100,14551
2020,"Cedric Mullins","BAL",5,0,0,0,0.25,0.25,0.5,0.75,0.25,0.25,0.5841304401070471,-0.0431813260405665,0.3095255494117737,94.83262186501045,17929
2020,"Bo Bichette","TOR",10,0,0,0,0.4,0.4,0.9,1.3,0.5,0.333333333,3.0603378010551148,1.8057142687598877,0.5337848544120789,248.42041908779134,19612
2020,"Ji Man Choi","TBR",2,0,0,0,0.5,0.5,0.5,1,0,0.5,0.45594591964423964,0.20502121318519423,0.4412629008293152,185.0551863920701,5452
2020,"Willy Adames","TBR",9,0,0,0,0.666666666,0.666666666,1.333333333,1.999999999,0.666666667,0.625,4.963833535101633,3.834672356035929,0.8247687684165107,447.7056990414725,15986
2020,"Yandy Diaz","TBR",15,0,0,0,0.533333333,0.533333333,0.533333333,1.066666666,0,0.533333333,3.7918881359043715,1.9099528374615307,0.47068042755126954,205.20227963736986,16578
2020,"Jose A. Martinez","TBR",7,0,0,0,0,0,0,0,0,0,-1.0102454512531782,-1.8884819238598372,0,-100,7996
2020,"Mike Zunino","TBR",5,0,0,0,0.2,0.2,0.8,1,0.6,0,0.9481792834873294,0.32086751733971586,0.39582366943359376,153.93535634731197,13265
2020,"Manuel Margot","TBR",14,0,0,0,0.714285714,0.714285714,0.928571428,1.642857142,0.214285714,0.714285714,6.325383838772039,4.568910893558721,0.7065705146108355,366.755615665587,14712
2020,"Hunter Renfroe","TBR",10,0,0,0,0.4,0.4,1.2,1.6,0.8,0.25,3.985533501149567,2.73090996885434,0.6434441089630127,323.5224236692611,15464
2020,"Mike Brosseau","TBR",6,0,0,0,0.666666666,0.666666666,1.333333333,1.999999999,0.666666667,0.6,3.337620926114624,2.584846806737488,0.8303786913553873,451.54775012947715,19683
2020,"Jonathan Villar","TOR",5,0,0,0,0,0,0,0,0,0,-0.7216038937522701,-1.3489156598998835,0,-100,10071
2020,"Randal Grichuk","TOR",20,0,0,0,0.35,0.35,0.4,0.75,0.05,0.35,2.625696754949259,0.1164496903588054,0.32666285037994386,106.56939375075896,10243
2020,"Teoscar Hernandez","TOR",16,0,0,0,0.5625,0.5625,1.0625,1.625,0.5,0.5,6.842546214372581,4.835148562700217,0.6779418811202049,347.14880936018847,13066
2020,"Vladimir Guerrero Jr.","TOR",18,0,0,0,0.333333333,0.333333333,0.555555555,0.888888888,0.222222222,0.294117647,3.094946535399472,0.8366241772680632,0.37485131952497697,139.57208600254094,19611
2020,"Lourdes Gurriel Jr.","TOR",24,0,0,0,0.416666666,0.416666666,0.541666666,0.958333332,0.125,0.391304347,4.907371781535032,1.8962753040264873,0.4134104400873184,165.9799551877665,19238
2020,"Santiago Espinal","TOR",1,0,0,0,0,0,0,0,0,0,-0.14432077875045402,-0.2697831319799767,0,-100,19997
2020,"Danny Jansen","TOR",11,0,0,0,0.09090909,0.09090909,0.363636363,0.454545453,0.272727273,0,0.08225461098460497,-1.2978312745401448,0.1799198497425426,6.069955273818544,16535
2020,"Caleb Joseph","TOR",4,0,0,0,0.25,0.25,1,1.25,0.75,0,1.0925000622377834,0.5906506493196926,0.4947795867919922,221.7069985059964,7087
2020,"Giancarlo Stanton","NYY",3,0,0,0,0.333333333,0.333333333,0.666666666,0.999999999,0.333333333,0.333333333,0.6116251308360916,0.2352380711475235,0.41270073254903156,165.49389991582257,4949
2020,"Aaron Hicks","NYY",3,0,0,0,0.666666666,0.666666666,0.666666666,1.333333332,0,0.666666666,1.0562126180389333,0.6798255583503652,0.5883505344390869,285.7906526185688,5297
2020,"DJ LeMahieu","NYY",12,0,0,0,0.25,0.25,0.333333333,0.583333333,0.083333333,0.25,0.8019130763723006,-0.7036351623819719,0.2502628167470296,54.245531989884874,9874
2020,"Gio Urshela","NYY",7,0,0,0,0.4,0.285714285,0.4,0.685714285,0,0.285714285,0.47892950303711723,-0.3993069695695417,0.25215022904532297,55.53815838657181,10681
2020,"Gary Sanchez","NYY",5,0,0,0,0.4,0.4,1.2,1.6,0.8,0.25,1.9927667505747835,1.36545498442717,0.6434441089630127,323.5224236692611,11442
2020,"Luke Voit","NYY",7,0,0,0,0.571428571,0.571428571,1,1.571428571,0.428571429,0.5,2.893300157421864,2.015063684815205,0.6609565360205514,335.5161070340977,14811
2020,"Aaron Judge","NYY",6,0,0,0,0.166666666,0.166666666,0.166666666,0.333333332,0,0.166666666,-0.12133719535757642,-0.8741113147347126,0.14708763360977173,-16.415746060927244,15640
2020,"Clint Frazier","NYY",7,0,0,0,0.571428571,0.571428571,1,1.571428571,0.428571429,0.5,2.893300157421864,2.015063684815205,0.6609565360205514,335.5161070340977,15983
2020,"Gleyber Torres","NYY",5,0,0,0,0.2,0.2,0.2,0.4,0,0.2,0.02298358339287758,-0.604328182754736,0.17650516033172609,3.7313471843724897,16997
2020,"Kyle Higashioka","NYY",2,0,0,0,0.5,0.5,0.5,1,0,0.5,0.45594591964423964,0.20502121318519423,0.4412629008293152,185.0551863920701,5517
2020,"Ryan Mountcastle","BAL",13,0,0,0,0.307692307,0.307692307,0.307692307,0.615384614,0,0.307692307,1.1021797848246881,-0.528830807159107,0.2715464005103478,68.82195613072545,18373
2020,"Ramon Urias","BAL",9,0,0,0,0.666666666,0.666666666,0.888888888,1.555555554,0.222222222,0.666666666,3.768637834001412,2.6394766549357076,0.6673675113254123,339.90677245206956,18795
2020,"Bryan Holaday","BAL",1,0,0,0,0,0,0,0,0,0,-0.14432077875045402,-0.2697831319799767,0,-100,11287
2021,"Maikel Franco","BAL",20,0,0,0,0.2,0.2,0.25,0.45,0.05,0.2,0.4273690505284816,-1.993746735308692,0.19394062459468842,17.453037252003828,12179
2021,"Pedro Severino","BAL",16,0,0,0,0.5625,0.5625,0.625,1.1875,0.0625,0.5625,4.620299830164514,2.683407201494775,0.5171305686235428,235.85664705823777,14523
2021,"Anthony Santander","BAL",2,0,0,0,1,1,1,2,0,1,1.1764347183211847,0.9343231397374675,0.8790553212165833,480.43626317862964,14551
2021,"Trey Mancini","BAL",27,0,0,0,0.23076923,0.222222222,0.423076923,0.645299145,0.192307693,0.192307692,2.1411733634576926,-1.1273329474224918,0.2639621341670001,64.77180671628295,15149
2021,"Ryan Mountcastle","BAL",14,0,0,0,0.428571428,0.428571428,0.714285714,1.142857142,0.285714286,0.384615384,3.6493924216272235,1.9546113715412023,0.4831704582486834,212.90726131056346,18373
2021,"Austin Hays","BAL",22,0,0,0,0.318181818,0.318181818,0.636363636,0.954545454,0.318181818,0.25,4.196791793843591,1.5335644294227007,0.39867750081149017,155.80905250664122,19363
2021,"Freddy Galvis","BAL",1,0,0,0,1,1,1,2,0,1,0.5882173591605924,0.46716156986873375,0.8790553212165833,480.43626317862964,6609
2021,"Pat Valaika","BAL",10,0,0,0,0.1,0.1,0.1,0.2,0,0.1,-0.6636266246724773,-1.874184517591064,0.08790553212165833,-54.20280288199491,14885
2021,"Mike Zunino","TBR",15,0,0,0,0.533333333,0.533333333,1.6,2.133333333,1.066666667,0.363636363,8.633436242817188,6.817599403439307,0.8637600859006246,470.10012906443546,13265
2021,"Manuel Margot","TBR",20,0,0,0,0.315789473,0.3,0.368421052,0.668421052,0.052631579,0.3,1.8819913208125705,-0.5391244650246029,0.2818461567163467,76.85737792540654,14712
2021,"Joseph Odom","TBR",1,0,0,0,0,0,0,0,0,0,-0.13909377598145223,-0.2601495652733109,0,-100,15535
2021,"Willy Adames","TBR",8,0,0,0,0.375,0.375,0.625,1,0.25,0.375,1.6691832567532106,0.7007369424183413,0.42029354721307755,170.4166312728427,15986
2021,"Mike Brosseau","TBR",7,0,0,0,0.285714285,0.285714285,0.428571428,0.714285713,0.142857143,0.285714285,0.7809658680032711,-0.06642465703973963,0.30295740706580027,91.12382825602738,19683
2021,"Randy Arozarena","TBR",18,0,0,0,0.611111111,0.611111111,0.888888888,1.499999999,0.277777777,0.611111111,6.9967346668430865,4.81773045958963,0.637920253806644,317.48326867426357,19290
2021,"Francisco Mejia","TBR",4,0,0,0,0.25,0.25,0.25,0.5,0,0.25,0.1709360312162358,-0.3132871259511989,0.2197638303041458,34.903708128109166,16403
2021,"Yandy Diaz","TBR",17,0,0,0,0.294117647,0.294117647,0.294117647,0.588235294,0,0.294117647,1.2719614840255358,-0.7859869339360617,0.2585456827107598,61.11150548402215,16578
2021,"Kevin Padlo","TBR",1,0,0,0,0,0,0,0,0,0,-0.13909377598145223,-0.2601495652733109,0,-100,16593
2021,"Randal Grichuk","TOR",32,0,0,0,0.40625,0.40625,0.59375,1,0.1875,0.366666666,6.8697208152919895,2.995935557952512,0.4275826793164015,175.34244283701167,10243
2021,"Danny Jansen","TOR",6,0,0,0,0,0,0,0,0,0,-0.8345626558887134,-1.5608973916398654,0,-100,16535
2021,"Marcus Semien","TOR",31,0,0,0,0.4,0.387096774,0.666666666,1.05376344,0.266666666,0.344827586,6.881503515310092,3.128774047262473,0.4364120268052624,181.30909309772855,12533
2021,"Santiago Espinal","TOR",7,0,0,0,0.285714285,0.285714285,0.285714285,0.57142857,0,0.285714285,0.4809658384139238,-0.3664246866290869,0.25115866320473806,56.119544082895864,19997
2021,"Lourdes Gurriel Jr.","TOR",25,0,0,0,0.291666666,0.28,0.5,0.78,0.208333334,0.25,3.1466720505626413,0.12027731826617445,0.3202413177490234,102.80385900737849,19238
2021,"Alejandro Kirk","TOR",5,0,0,0,0.2,0.2,0.2,0.4,0,0.2,0.03184225523478364,-0.5734366912245097,0.17581106424331666,5.20153779140781,22581
2021,"Vladimir Guerrero Jr.","TOR",33,0,0,0,0.515151515,0.515151515,1.06060606,1.575757575,0.545454545,0.428571428,13.338387003424575,9.343545956793239,0.6566372875011328,330.1317677976655,19611
2021,"Riley Adams","TOR",3,0,0,0,0,0,0,0,0,0,-0.4172813279443567,-0.7804486958199327,0,-100,19864
2021,"Bo Bichette","TOR",34,0,0,0,0.470588235,0.470588235,0.882352941,1.352941176,0.411764706,0.4,11.239143617785794,7.123246781862599,0.5676447258276098,269.99283997983076,19612
2021,"Jonathan Davis","TOR",2,0,0,0,0.5,0.5,0.5,1,0,0.5,0.44912358317914025,0.20701200459542288,0.4395276606082916,183.41455981161602,15104
2021,"Teoscar Hernandez","TOR",23,0,0,0,0.434782608,0.434782608,0.826086956,1.260869564,0.391304348,0.38095238,6.839631482466967,4.055348328754217,0.5275327563285828,242.88618305289705,13066
2021,"Gary Sanchez","NYY",11,0,0,0,0.272727272,0.272727272,0.454545454,0.727272726,0.181818182,0.272727272,1.2219018321503199,-0.10971185006012556,0.3023717403411865,90.72804946042345,11442
2021,"Giancarlo Stanton","NYY",21,0,0,0,0.619047619,0.619047619,1.142857142,1.761904761,0.523809523,0.555555555,9.932590855192597,7.390419280063566,0.739775782539731,386.31466508690283,4949
2021,"Luke Voit","NYY",7,0,0,0,0.428571428,0.428571428,0.428571428,0.857142856,0,0.428571428,1.2082769735559684,0.36088644851295787,0.3767379948071071,140.98288790204262,14811
2021,"DJ LeMahieu","NYY",34,0,0,0,0.382352941,0.382352941,0.529411764,0.911764705,0.147058823,0.363636363,6.258694877581839,2.1427980416586445,0.39059896679485545,150.3497830467661,9874
2021,"Aaron Judge","NYY",18,0,0,0,0.277777777,0.277777777,0.555555555,0.833333332,0.277777778,0.235294117,2.665706212148718,0.4867020048952619,0.34710679451624554,120.95887036689955,15640
2021,"Gio Urshela","NYY",21,0,0,0,0.285714285,0.285714285,0.333333333,0.619047618,0.047619048,0.285714285,1.742897544831119,-0.7992740302979131,0.2684249111584255,67.78763880727304,10681
2021,"Miguel Andujar","NYY",8,0,0,0,0.375,0.375,0.375,0.75,0,0.375,1.0691831975745163,0.10073688323964688,0.3296457454562187,109.15913396986258,15878
2021,"Clint Frazier","NYY",3,0,0,0,0.333333333,0.333333333,0.333333333,0.666666666,0,0.333333333,0.3100298071976881,-0.053137560677887954,0.29301844040552777,84.40732535594479,15983
2021,"Kyle Higashioka","NYY",4,0,0,0,0.5,0.5,0.5,1,0,0.5,0.8982471663582805,0.41402400919084575,0.4395276606082916,183.41455981161602,5517
2021,"Gleyber Torres","NYY",29,0,0,0,0.357142857,0.344827586,0.5,0.844827586,0.142857143,0.321428571,4.47223032247362,0.9616124330097187,0.35450371380510004,125.95752179148394,16997
2021,"Greg Allen","NYY",2,0,0,0,0.5,0.5,0.5,1,0,0.5,0.44912358317914025,0.20701200459542288,0.4395276606082916,183.41455981161602,16623
2021,"Chris Gittens","NYY",6,0,0,0,0.166666666,0.166666666,0.166666666,0.333333332,0,0.166666666,-0.1072515207466686,-0.8335862564978207,0.14650922020276388,-14.59990909972644,18482
2021,"Ryan LaMarre","NYY",3,0,0,0,0,0,0,0,0,0,-0.4172813279443567,-0.7804486958199327,0,-100,10700
2021,"George Springer","TOR",8,0,0,0,0.5,0.5,1.125,1.625,0.625,0.428571428,3.329332836821195,2.3608865224863256,0.6711083725094795,339.91096192801757,12856
2021,"Nelson Cruz","TBR",20,0,0,0,0.45,0.45,1,1.45,0.55,0.352941176,7.162440090605873,4.741324304768699,0.6009535074234009,292.5020741722125,2434
2021,"Wander Franco","TBR",7,0,0,0,0.571428571,0.571428571,0.857142857,1.428571428,0.285714286,0.571428571,2.505588071218173,1.6581975461751624,0.6007349235670907,292.35436071718226,23667
2021,"Jorge Mateo","BAL",9,0,0,0,0.444444444,0.444444444,0.666666666,1.11111111,0.222222222,0.444444444,2.2574006159138036,1.167898512287075,0.47126707765791154,204.86325704015243,17273
2021,"Richie Martin Jr.","BAL",11,0,0,0,0.454545454,0.454545454,0.727272727,1.181818181,0.272727273,0.4,3.0393625848401884,1.707748902629743,0.5020672624761408,225.67724482437578,17736
2021,"Austin Wynns","BAL",5,0,0,0,0.4,0.4,1,1.4,0.6,0.25,1.691991835302768,1.0867128888434747,0.5771147847175598,276.3924668396876,15271
2021,"Ryan McKenna","BAL",5,0,0,0,0.25,0.25,0.5,0.75,0.25,0.25,0.5886700760069787,-0.016608870452314597,0.31041163206100464,96.16120543108929,19928
2021,"Ramon Urias","BAL",3,0,0,0,0.333333333,0.333333333,0.333333333,0.666666666,0,0.333333333,0.3100298071976881,-0.053137560677887954,0.29301844040552777,84.40732535594479,18795
2021,"Jordan Luplow","TBR",6,0,0,0,0.833333333,0.833333333,1.5,2.333333333,0.666666667,0.8,4.034831494336797,3.308496758585645,0.9808885157108307,549.2525666761738,16424
2021,"Taylor Walls","TBR",3,0,0,0,0.333333333,0.333333333,0.333333333,0.666666666,0,0.333333333,0.3100298071976881,-0.053137560677887954,0.29301844040552777,84.40732535594479,22458
2021,"Kelvin Gutierrez","BAL",7,0,0,0,0.428571428,0.428571428,0.571428571,0.999999999,0.142857143,0.428571428,1.5082770031453157,0.6608864781023048,0.42853673866816927,175.9871720751741,17468
2022,"Alejandro Kirk","TOR",23,0,0,0,0.5,0.478260869,0.5,0.978260869,0,0.478260869,4.694076557468661,2.0641081601493445,0.4227112583492113,181.3656301619519,22581
2022,"George Springer","TOR",28,0,0,0,0.407407407,0.392857142,0.518518518,0.91137566,0.111111111,0.392857142,4.905441965891586,1.7037413082854618,0.3863383914743151,155.68714966707032,12856
2022,"Anthony Santander","BAL",6,0,0,0,0.333333333,0.333333333,0.833333333,1.166666666,0.5,0.2,1.5578750824080212,0.8717963700638514,0.49264204502105713,230.735297604473,14551
2022,"Matt Chapman","TOR",28,0,0,0,0.535714285,0.535714285,0.857142857,1.392857142,0.321428572,0.518518518,9.558005030837641,6.356304373231518,0.5954966928277697,303.34851988900647,16505
2022,"Trey Mancini","BAL",13,0,0,0,0.615384615,0.615384615,0.846153846,1.461538461,0.230769231,0.615384615,4.77485604642835,3.2883521696826485,0.6281478863496047,326.39957711990394,15149
2022,"Lourdes Gurriel Jr.","TOR",41,0,0,0,0.31707317,0.31707317,0.365853658,0.682926828,0.048780488,0.31707317,4.327318419369943,-0.36088611498188244,0.2986661690037425,93.79240096890516,19238
2022,"Jorge Mateo","BAL",21,0,0,0,0.476190476,0.476190476,0.904761904,1.38095238,0.428571428,0.45,6.969277227049051,4.568001733844457,0.5835549206960768,294.9178794390057,17273
2022,"Vladimir Guerrero Jr.","TOR",29,0,0,0,0.535714285,0.517241379,0.714285714,1.231527093,0.178571429,0.517241379,8.212367936802377,4.896320827138889,0.522272175755994,251.65354792427382,19611
2022,"Ramon Urias","BAL",23,0,0,0,0.434782608,0.434782608,0.826086956,1.260869564,0.391304348,0.38095238,6.749733551743036,4.119765154423718,0.5352141494336335,260.7903096700438,18795
2022,"Bo Bichette","TOR",25,0,0,0,0.44,0.44,0.56,1,0.12,0.44,5.330622655681343,2.471961354247303,0.43420949935913083,189.483146950337,19612
2022,"Robinson Chirinos","BAL",6,0,0,0,0.333333333,0.333333333,1.333333333,1.666666666,1,0,2.5017851952442847,1.8157064829001153,0.6906671524047852,370.5368665855378,3142
2022,"Santiago Espinal","TOR",18,0,0,0,0.235294117,0.222222222,0.235294117,0.457516339,0,0.222222222,0.43756840424911647,-1.6206677327833923,0.1964112917582194,21.60260411052463,19997
2022,"Chris Owings","BAL",4,0,0,0,0,0,0,0,0,0,-0.5269076899295987,-0.9842934981590451,0,-100,10030
2022,"Ryan Mountcastle","BAL",23,0,0,0,0.454545454,0.434782608,0.727272727,1.162055335,0.272727273,0.409090909,5.805823438906771,3.175855041587454,0.4835554257683132,224.32033515324426,18373
2022,"Ryan McKenna","BAL",5,0,0,0,0.8,0.8,1,1.8,0.2,0.8,2.4500183775794726,1.8782861172926646,0.7826058864593506,435.4436829017868,19928
2022,"Austin Hays","BAL",34,0,0,0,0.352941176,0.352941176,0.617647058,0.970588234,0.264705882,0.3125,6.705063908902794,2.8172845389524994,0.41404785478816314,175.24944910515424,19363
2022,"Adley Rutschman","BAL",4,0,0,0,0.25,0.25,0.25,0.5,0,0.25,0.17525556230347894,-0.28213024592596747,0.22096270322799683,38.93538523874551,26288
2022,"Harold Ramirez","TBR",21,0,0,0,0.2,0.19047619,0.2,0.39047619,0,0.19047619,0.04238763680191758,-2.358887856402676,0.1683525357927595,1.793711392557911,14387
2022,"Isaac Paredes","TBR",18,0,0,0,0.277777777,0.277777777,0.611111111,0.888888888,0.333333334,0.1875,3.027551882154722,0.9693157451222132,0.37753085295359295,149.46921235434297,20036
2022,"Yandy Diaz","TBR",25,0,0,0,0.48,0.48,0.76,1.24,0.28,0.458333333,7.276696001809846,4.418034700375805,0.5321946048736572,258.6585745952842,16578
2022,"Wander Franco","TBR",4,0,0,0,0.5,0.5,1.25,1.75,0.75,0.333333333,1.8213289273728204,1.363943119143374,0.7389630675315857,404.6327688643307,23667
2022,"Randy Arozarena","TBR",20,0,0,0,0.45,0.45,0.85,1.3,0.4,0.421052631,6.1288408385817705,3.8419117974345385,0.5515469431877136,272.32091921158997,19290
2022,"Rene Pinto","TBR",4,0,0,0,0.75,0.75,1,1.75,0.25,0.75,1.8795820478287946,1.4221962395993482,0.7572946548461914,417.5744847020561,19859
2022,"Francisco Mejia","TBR",3,0,0,0,0,0,0,0,0,0,-0.395180767447199,-0.7382201236192838,0,-100,16403
2022,"Giancarlo Stanton","NYY",9,0,0,0,0.444444444,0.444444444,0.888888888,1.333333332,0.444444444,0.375,2.8670208004861375,1.8379027319698829,0.5667977862887912,283.087694303817,4949
2022,"Josh Donaldson","NYY",24,0,0,0,0.291666666,0.291666666,0.541666666,0.833333332,0.25,0.227272727,3.641516851726479,0.8972020023498006,0.356802374124527,134.83534142160926,5038
2022,"DJ LeMahieu","NYY",19,0,0,0,0.263157894,0.263157894,0.263157894,0.526315788,0,0.263157894,1.0080047339997946,-1.1645778550900758,0.2325923191873651,47.14564998369226,9874
2022,"Isiah Kiner-Falefa","NYY",25,0,0,0,0.28,0.28,0.4,0.68,0.12,0.25,2.565879816407816,-0.2927814850262245,0.2950042533874512,91.20716541267964,16512
2022,"Aaron Hicks","NYY",3,0,0,0,0.333333333,0.333333333,0.333333333,0.666666666,0,0.333333333,0.30698248478587864,-0.03605687138620618,0.2946169376373291,90.93372862340817,5297
2022,"Jose Trevino","NYY",22,0,0,0,0.454545454,0.454545454,0.59090909,1.045454544,0.136363636,0.454545454,5.023640170895465,2.50801822563351,0.4532448486848311,202.92170399491823,16725
2022,"Marwin Gonzalez","NYY",1,0,0,0,0,0,0,0,0,0,-0.13172692248239967,-0.24607337453976127,0,-100,5497
2022,"Gleyber Torres","NYY",32,0,0,0,0.34375,0.34375,0.4375,0.78125,0.09375,0.34375,4.408534198304546,0.7494477324689744,0.339226171374321,122.42691122974152,16997
2022,"Aaron Judge","NYY",18,0,0,0,0.444444444,0.444444444,1,1.444444444,0.555555556,0.333333333,6.377951732749379,4.31971559571687,0.6118269231584337,314.8773197074309,15640
2022,"Kyle Higashioka","NYY",6,0,0,0,0.166666666,0.166666666,0.166666666,0.333333332,0,0.166666666,-0.08819828266132035,-0.77427699500549,0.14730846881866455,-13.062958145917131,5517
2022,"Teoscar Hernandez","TOR",14,0,0,0,0.571428571,0.571428571,0.928571428,1.499999999,0.357142857,0.538461538,5.3170391780656105,3.716188849262548,0.6438721077782767,337.5005473745205,13066
2022,"Danny Jansen","TOR",13,0,0,0,0.461538461,0.461538461,1.153846153,1.615384614,0.692307692,0.3,5.332259859636062,3.845755982890361,0.6821197546445407,364.502583188979,16535
2022,"Tim Locastro","NYY",3,0,0,0,0,0,0,0,0,0,-0.395180767447199,-0.7382201236192838,0,-100,15124
2022,"Miguel Andujar","NYY",6,0,0,0,0.166666666,0.166666666,0.166666666,0.333333332,0,0.166666666,-0.08819828266132035,-0.77427699500549,0.14730846881866455,-13.062958145917131,15878
2022,"Whit Merrifield","TOR",4,0,0,0,0.25,0.25,0.25,0.5,0,0.25,0.17525556230347894,-0.28213024592596747,0.22096270322799683,38.93538523874551,11281
2022,"Yu Chang","TBR",3,0,0,0,0.333333333,0.333333333,0.333333333,0.666666666,0,0.333333333,0.30698248478587864,-0.03605687138620618,0.2946169376373291,90.93372862340817,14773
2022,"Jose Siri","TBR",13,0,0,0,0.384615384,0.384615384,0.692307692,1.076923076,0.307692308,0.333333333,3.0422763627896168,1.555772486043916,0.4603869915008545,207.96390689917965,17452
2022,"Christian Bethancourt","TBR",9,0,0,0,0.222222222,0.222222222,0.222222222,0.444444444,0,0.222222222,0.21878420212455824,-0.8103338663916961,0.1964112917582194,21.60260411052463,10028
2022,"Manuel Margot","TBR",14,0,0,0,0.23076923,0.214285714,0.461538461,0.675824175,0.230769231,0.153846153,1.2062229547819014,-0.394627374021161,0.2742645059313093,76.56533906577504,14712
2022,"Taylor Walls","TBR",1,0,0,0,1,1,1,2,0,1,0.570436329750678,0.4560898776933164,0.8838508129119873,506.92047570070946,22458
2022,"Jesus Aguilar","BAL",5,0,0,0,0.4,0.4,0.4,0.8,0,0.4,0.7456918920541571,0.17395963176734902,0.35354032516479494,132.5324033311383,11342
2022,"Tyler Nevin","BAL",2,0,0,0,0.5,0.5,0.5,1,0,0.5,0.4387094072682783,0.21001650315355508,0.44192540645599365,194.9304153927335,17893
2022,"Vidal Brujan","TBR",2,0,0,0,0,0,0,0,0,0,-0.26345384496479934,-0.49214674907952255,0,-100,20536
2023,"Jorge Mateo","BAL",9,0,0,0,0.375,0.375,0.375,0.75,0,0.375,1.1906005990751616,0.09400297972043674,0.33095110952854156,110.40557629277797,17273
2023,"Anthony Santander","BAL",3,0,0,0,0.666666666,0.666666666,1,1.666666666,0.333333334,0.666666666,1.3381988000075562,0.9726662602226479,0.7087662220001221,372.27751226709535,14551
2023,"Ryan Mountcastle","BAL",16,0,0,0,0.25,0.25,0.5,0.75,0.25,0.2,1.8821827404739024,-0.06732413837894179,0.3133081868290901,98.17687984565501,18373
2023,"Ryan McKenna","BAL",2,0,0,0,0.5,0.5,0.5,1,0,0.5,0.4478155949191938,0.20412723506258829,0.4412681460380554,186.86873239236067,19928
2023,"Ramon Urias","BAL",13,0,0,0,0.461538461,0.461538461,0.769230769,1.23076923,0.307692308,0.416666666,3.7757869242855446,2.191812585217609,0.5213848902628972,242.39940393397794,18795
2023,"Adley Rutschman","BAL",7,0,0,0,0.166666666,0.142857142,0.166666666,0.309523808,0,0.142857142,-0.2650222579188451,-1.1179315174169644,0.12607661315373012,-31.597427892161274,26288
2023,"Austin Hays","BAL",17,0,0,0,0.470588235,0.470588235,0.823529411,1.294117646,0.352941176,0.4375,5.271418193327054,3.200067134545907,0.5450310777215397,258.7890947742884,19363
2023,"Bo Bichette","TOR",12,0,0,0,0.583333333,0.583333333,0.916666666,1.499999999,0.333333333,0.545454545,4.651305230907562,3.1891750717679286,0.6383783221244812,323.4901159953621,19612
2023,"Whit Merrifield","TOR",23,0,0,0,0.173913043,0.173913043,0.347826086,0.521739129,0.173913043,0.136363636,0.8842097465006482,-1.9182063918503154,0.21795352127241052,32.084471021247396,11281
2023,"Santiago Espinal","TOR",5,0,0,0,0.2,0.2,0.4,0.6,0.2,0.2,0.32011292281793124,-0.2891079768235826,0.24875247478485107,53.43190079853692,19997
2023,"Matt Chapman","TOR",18,0,0,0,0.388888888,0.388888888,0.666666666,1.055555554,0.277777778,0.352941176,4.095899847103476,1.9027046083940262,0.44565366374121773,189.90843084079992,16505
2023,"Jose Siri","TBR",2,0,0,0,0.5,0.5,1,1.5,0.5,0.5,0.7478156345207546,0.5041272746641491,0.6218811869621277,312.05559000529735,17452
2023,"Danny Jansen","TOR",12,0,0,0,0.25,0.25,0.25,0.5,0,0.25,0.4880413613519348,-0.9740887977876984,0.2206340730190277,33.94242019319531,16535
2023,"Randy Arozarena","TBR",10,0,0,0,0.3,0.3,0.3,0.6,0,0.3,0.7731765024871501,-0.4452652967958775,0.26476088762283323,64.52768263302835,19290
2023,"Vladimir Guerrero Jr.","TOR",24,0,0,0,0.375,0.375,0.875,1.25,0.5,0.285714285,6.869317706881066,3.9450573886018,0.5162993371486664,238.8744955976974,19611
2023,"Francisco Mejia","TBR",3,0,0,0,0.666666666,0.666666666,1,1.666666666,0.333333334,0.666666666,1.3381988000075562,0.9726662602226479,0.7087662220001221,372.27751226709535,16403
2023,"Alejandro Kirk","TOR",21,0,0,0,0.142857142,0.142857142,0.19047619,0.333333332,0.047619048,0.142857142,-0.4950667341549744,-3.0537945126493327,0.1432778551464989,-19.674870024262532,22581
2023,"Yandy Diaz","TBR",16,0,0,0,0.4375,0.4375,0.5625,1,0.125,0.4375,3.449574102502263,1.5000672236494186,0.43126288801431656,179.9338687458035,16578
2023,"George Springer","TOR",21,0,0,0,0.45,0.428571428,0.6,1.028571428,0.15,0.428571428,4.502637761374603,1.9439099828802457,0.42983356543949675,178.94317393915247,12856
2023,"Vidal Brujan","TBR",1,0,0,0,0,0,0,0,0,0,-0.14256757056760777,-0.26441175049591054,0,-100,20536
2023,"Christian Bethancourt","TBR",8,0,0,0,0.125,0.125,0.125,0.25,0,0.125,-0.40758982848645275,-1.3823432679128749,0.11031703650951385,-42.52073590638735,10028
2023,"Josh Donaldson","NYY",6,0,0,0,0.333333333,0.333333333,0.833333333,1.166666666,0.5,0.2,1.541956934439601,0.8108918548697841,0.48110538721084595,214.48079746183075,5038
2023,"Harold Ramirez","TBR",16,0,0,0,0.428571428,0.375,0.571428571,0.946428571,0.142857143,0.375,2.716623366447853,0.7671164875950091,0.37610436975955963,141.70229069601214,14387
2023,"Jose Trevino","NYY",4,0,0,0,0.25,0.25,0.25,0.5,0,0.25,0.16268045378397827,-0.3246962659292328,0.2206340730190277,33.94242019319531,16725
2023,"Manuel Margot","TBR",14,0,0,0,0.571428571,0.571428571,0.714285714,1.285714285,0.142857143,0.571428571,4.467659979691889,2.7618414606956496,0.5559101785932269,266.3296380529613,14712
2023,"Aaron Hicks","BAL",4,0,0,0,1,1,2,3,1,1,3.592993587285196,3.105616867571985,1.2532327473163605,749.6591954005302,5297
2023,"Isaac Paredes","TBR",14,0,0,0,0.214285714,0.214285714,0.428571428,0.642857142,0.214285714,0.153846153,1.1343671059531477,-0.571451413043091,0.2692263296672276,67.62277839427753,20036
2023,"Jordan Westburg","BAL",5,0,0,0,0.6,0.6,1.4,2,0.8,0.5,2.7174752806631783,2.108254381021665,0.8260789394378663,453.5895281598978,27815
2023,"Giancarlo Stanton","NYY",10,0,0,0,0.1,0.1,0.1,0.2,0,0.1,-0.6927249696216684,-1.911166768904696,0.08825362920761108,-57.8133671263039,4949
2023,"James McCann","BAL",2,0,0,0,1,1,4,5,3,0,3.0436881024464606,2.799999742589855,2.004096031188965,1270.0989960041734,12859
2023,"Kyle Higashioka","NYY",9,0,0,0,0.555555555,0.555555555,0.666666666,1.222222221,0.111111111,0.555555555,2.6816455847651373,1.5850479654104124,0.5304341713587443,248.67165901727216,5517
2023,"Aaron Judge","NYY",8,0,0,0,0.125,0.125,0.5,0.625,0.375,0,0.5238710572499758,-0.45088238217644633,0.2505120038986206,54.65146899529788,15640
2023,"Gleyber Torres","NYY",24,0,0,0,0.416666666,0.416666666,0.708333333,1.124999999,0.291666667,0.391304347,6.039346711064178,3.115086392784913,0.4746594578027725,210.0129824975128,16997
2023,"Isiah Kiner-Falefa","NYY",5,0,0,0,0.2,0.2,0.2,0.4,0,0.2,0.020112883216370434,-0.5891080164251434,0.17650725841522216,3.3571577533622303,16512
2023,"Anthony Volpe","NYY",12,0,0,0,0.25,0.25,0.333333333,0.583333333,0.083333333,0.25,0.7880414009534956,-0.6740887581861374,0.2507362465063731,54.806896462018095,27647
2023,"Oswaldo Cabrera","NYY",2,0,0,0,0.5,0.5,1,1.5,0.5,0.5,0.7478156345207546,0.5041272746641491,0.6218811869621277,312.05559000529735,21707
2023,"DJ LeMahieu","NYY",9,0,0,0,0.444444444,0.444444444,0.666666666,1.11111111,0.222222222,0.444444444,2.248694888312289,1.1520972689575641,0.47251081466674805,208.52371084274023,9874
2023,"Everson Pereira","NYY",4,0,0,0,0.25,0.25,0.25,0.5,0,0.25,0.16268045378397827,-0.3246962659292328,0.2206340730190277,33.94242019319531,23695
2023,"Paul DeJong","TOR",10,0,0,0,0.2,0.2,0.2,0.4,0,0.2,0.04022576643274087,-1.1782160328502869,0.17650725841522216,3.3571577533622303,18015
2023,"Rene Pinto","TBR",2,0,0,0,0.5,0.5,2,2.5,1.5,0,1.3792764806556224,1.1355881207990168,1.0020480155944824,575.5575519991016,19859
2023,"Davis Schneider","TOR",11,0,0,0,0.818181818,0.818181818,1.363636363,2.181818181,0.545454545,0.777777777,6.891235119718857,5.550949140507527,0.925995100628246,522.8436095937496,23565
2023,"Taylor Walls","TBR",1,0,0,0,0,0,0,0,0,0,-0.14256757056760777,-0.26441175049591054,0,-100,22458
2023,"Oswald Peraza","NYY",10,0,0,0,0.5,0.5,0.9,1.4,0.4,0.444444444,3.4705388999339593,2.252097100650931,0.5895467281341553,289.64386783629624,22823
2023,"Curtis Mead","TBR",4,0,0,0,0.5,0.5,0.5,1,0,0.5,0.8956311898383876,0.40825447012517657,0.4412681460380554,186.86873239236067,23986
2023,"Junior Caminero","TBR",7,0,0,0,0.142857142,0.142857142,0.285714285,0.428571427,0.142857143,0.142857142,0.03497778168271569,-0.8179314778154037,0.17768033913203649,4.170245711534931,28163
2024,"Jorge Mateo","BAL",1,0,0,0,1,1,1,2,0,1,0.5769812877681062,0.46000321613810513,0.8817107081413269,504.2618598656029,17273
2024,"Ryan Mountcastle","BAL",12,0,0,0,0.333333333,0.333333333,0.333333333,0.666666666,0,0.333333333,1.246542928543105,-0.15719393101690776,0.2939035693804423,90.78631446046926,18373
2024,"Ramon Urias","BAL",3,0,0,0,0.333333333,0.333333333,0.333333333,0.666666666,0,0.333333333,0.3116357321357763,-0.03929848275422694,0.2939035693804423,90.78631446046926,18795
2024,"Austin Hays","BAL",1,0,0,0,0,0,0,0,0,0,-0.132672777816165,-0.24965084944616606,0,-100,19363
2024,"Jordan Westburg","BAL",5,0,0,0,0.4,0.4,1.2,1.6,0.8,0.25,1.9959410643283486,1.4110507061783433,0.660811448097229,348.8768092198012,27815
2024,"Adley Rutschman","BAL",1,0,0,0,0,0,0,0,0,0,-0.132672777816165,-0.24965084944616606,0,-100,26288
2024,"Amed Rosario","TBR",8,0,0,0,0.5,0.5,0.875,1.375,0.375,0.5,2.647234034050954,1.7114094610109458,0.5759719461202621,289.19897096527774,15518
2024,"Yandy Diaz","TBR",19,0,0,0,0.263157894,0.263157894,0.315789473,0.578947367,0.052631579,0.263157894,1.3274875590089055,-0.8950958019611148,0.2516467884967202,61.062031833017585,16578
2024,"Alex Jackson","TBR",2,0,0,0,0,0,0,0,0,0,-0.26534555563233,-0.4993016988923321,0,-100,17276
2024,"Jose Siri","TBR",9,0,0,0,0.25,0.222222222,0.25,0.472222222,0,0.222222222,0.22525313082305753,-0.8275495138469521,0.19593571292029488,21.873723559613634,17452
2024,"Harold Ramirez","TBR",1,0,0,0,0,0,0,0,0,0,-0.132672777816165,-0.24965084944616606,0,-100,14387
2024,"Randy Arozarena","TBR",12,0,0,0,0.25,0.25,0.5,0.75,0.25,0.181818181,1.4768856756047808,0.07314881604476786,0.3177527089913686,107.56228630194482,19290
2024,"Giancarlo Stanton","NYY",5,0,0,0,0.8,0.8,0.8,1.6,0,0.8,2.1752523732562596,1.5903620151062545,0.7053685665130616,380.2191962440628,4949
2024,"Jose Caballero","TBR",13,0,0,0,0.384615384,0.384615384,0.461538461,0.846153845,0.076923077,0.384615384,2.123524225905895,0.6028092947158811,0.367791460110591,142.76056571383992,23401
2024,"Jose Trevino","NYY",4,0,0,0,0.5,0.5,2,2.5,1.5,0,2.7686106451957766,2.3006983586757723,1.0248055458068848,604.9176909144564,16725
2024,"Isaac Paredes","TBR",10,0,0,0,0.5,0.5,0.5,1,0,0.5,2.221542549759706,1.0517618334596954,0.44085535407066345,194.15520081175265,20036
2024,"DJ LeMahieu","NYY",6,0,0,0,0.2,0.166666666,0.2,0.366666666,0,0.166666666,-0.08638260131271874,-0.7882510310927251,0.14695178469022116,-12.582571890814172,9874
2024,"Jonny DeLuca","TBR",11,0,0,0,0.272727272,0.272727272,0.272727272,0.545454544,0,0.272727272,0.6695616407749988,-0.617197147155013,0.24046655676581644,53.19762851454801,26365
2024,"Justin Turner","TOR",6,0,0,0,0.333333333,0.333333333,0.333333333,0.666666666,0,0.333333333,0.6232714642715526,-0.07859696550845388,0.2939035693804423,90.78631446046926,5235
2024,"Aaron Judge","NYY",17,0,0,0,0.529411764,0.529411764,1.176470588,1.705882352,0.647058824,0.428571428,7.551439824510845,5.562812606800827,0.7167393179500804,388.21761501454347,15640
2024,"Isiah Kiner-Falefa","TOR",6,0,0,0,0.5,0.5,0.5,1,0,0.5,1.3329255298558236,0.6310571000758172,0.44085535407066345,194.15520081175268,16512
2024,"Gleyber Torres","NYY",20,0,0,0,0.25,0.25,0.35,0.6,0.1,0.25,1.4948147907874243,-0.8447466418125972,0.2577012211084366,65.32084337369608,16997
2024,"Davis Schneider","TOR",5,0,0,0,0.2,0.2,0.2,0.4,0,0.2,0.046290176503446315,-0.538600181646559,0.1763421416282654,8.09120537944252,23565
2024,"Anthony Volpe","NYY",21,0,0,0,0.285714285,0.285714285,0.428571428,0.714285713,0.142857143,0.25,2.41179287201211,-0.04474663221791284,0.3075316491581145,100.37258408416957,27647
2024,"Danny Jansen","TOR",3,0,0,0,0.333333333,0.333333333,0.666666666,0.999999999,0.333333333,0.333333333,0.6116357417304602,0.26070152684045705,0.4181487162907918,178.18288809003104,16535
2024,"George Springer","TOR",22,0,0,0,0.272727272,0.272727272,0.681818181,0.954545453,0.409090909,0.157894736,4.159113719487839,1.5855961436278154,0.39972569996660406,165.22376217892176,12856
2024,"Bo Bichette","TOR",2,0,0,0,0,0,0,0,0,0,-0.26534555563233,-0.4993016988923321,0,-100,19612
2024,"Vladimir Guerrero Jr.","TOR",24,0,0,0,0.541666666,0.541666666,0.916666666,1.458333332,0.375,0.52173913,8.781353055221617,5.973879336101592,0.6194396764039993,319.7750601303035,19611
2024,"Brian Serven","TOR",7,0,0,0,0.428571428,0.428571428,0.714285714,1.142857142,0.285714286,0.428571428,1.8002527712290266,0.9814062698190191,0.4843718579837254,224.76559834368416,19422
2024,"Alejandro Kirk","TOR",15,0,0,0,0.133333333,0.133333333,0.133333333,0.266666666,0,0.133333333,-0.5707835360739324,-2.3254546105239484,0.11756142775217691,-33.25634916107085,22581
2024,"Leo Jimenez","TOR",9,0,0,0,0.111111111,0.111111111,0.222222222,0.333333333,0.111111111,0.111111111,-0.18440092516652964,-1.2372035698365393,0.13938290543026394,-17.906676131388032,23782
2024,"Oswaldo Cabrera","NYY",4,0,0,0,0,0,0,0,0,0,-0.53069111126466,-0.9986033977846642,0,-100,21707
2024,"Austin Slater","BAL",5,0,0,0,0.2,0.2,0.2,0.4,0,0.2,0.046290176503446315,-0.538600181646559,0.1763421416282654,8.09120537944252,16153
2024,"Ernie Clement","TOR",14,0,0,0,0.214285714,0.214285714,0.357142857,0.571428571,0.142857143,0.214285714,0.8715433265158717,-0.7661496763041432,0.2421859289918627,54.40707005079329,20352
2024,"Eloy Jimenez","BAL",1,0,0,0,0,0,0,0,0,0,-0.132672777816165,-0.24965084944616606,0,-100,17484
2024,"Emmanuel Rivera","BAL",5,0,0,0,0.6,0.6,1.4,2,0.8,0.5,2.7055951299126195,2.120704771762614,0.8371535897254944,472.9194728413413,19890
2024,"Coby Mayo","BAL",6,0,0,0,0.166666666,0.166666666,0.166666666,0.333333332,0,0.166666666,-0.08638260131271874,-0.7882510310927251,0.14695178469022116,-12.582571890814172,28312
2024,"James McCann","BAL",2,0,0,0,0.5,0.5,0.5,1,0,0.5,0.4443085099519412,0.21035236669193907,0.44085535407066345,194.15520081175265,12859
2024,"Christopher Morel","TBR",8,0,0,0,0.375,0.375,0.375,0.75,0,0.375,1.0675799742234937,0.13175540118348508,0.3306415155529976,116.62853604829012,21897
2024,"Junior Caminero","TBR",11,0,0,0,0.363636363,0.363636363,0.636363636,0.999999999,0.272727273,0.3,2.3192125190052173,1.0324537310752053,0.42679483782161365,184.2647465430124,28163
2025,"Tyler Heineman","TOR",6,0,0,0,0.666666666,0.666666666,0.666666666,1.333333332,0,0.666666666,2.0496388749899594,1.340692632061454,0.5882705450057983,289.8367988343523,13897
2025,"George Springer","TOR",24,0,0,0,0.478260869,0.458333333,0.652173913,1.110507246,0.173913044,0.434782608,5.85414882702656,3.01836385531254,0.4679564411441485,206.95691526800886,12856
2025,"Anthony Santander","TOR",3,0,0,0,0,0,0,0,0,0,-0.40803978986914957,-0.762512911333402,0,-100,14551
2025,"Vladimir Guerrero Jr.","TOR",25,0,0,0,0.32,0.32,0.44,0.76,0.12,0.291666666,3.2688467130119885,0.31490403414321816,0.32856942892074587,110.9384189076797,19611
2025,"Davis Schneider","TOR",1,0,0,0,0,0,0,0,0,0,-0.13601326328971652,-0.25417097044446735,0,-100,23565
2025,"Bo Bichette","TOR",27,0,0,0,0.346153846,0.333333333,0.423076923,0.756410256,0.076923077,0.333333333,3.375508433673556,0.18525034049528413,0.3215057474595529,106.07251309728021,19612
2025,"Adley Rutschman","BAL",3,0,0,0,0.333333333,0.333333333,0.333333333,0.666666666,0,0.333333333,0.308389823812915,-0.04608329765133747,0.29413527250289917,87.21801720067693,26288
2025,"Alejandro Kirk","TOR",15,0,0,0,0.333333333,0.333333333,0.4,0.733333333,0.066666667,0.333333333,1.8419491287432355,0.06958352142197312,0.3187686999638875,104.18706350761985,22581
2025,"Dylan Carlson","BAL",1,0,0,0,0,0,0,0,0,0,-0.13601326328971652,-0.25417097044446735,0,-100,20126
2025,"Myles Straw","TOR",11,0,0,0,0.2,0.181818181,0.2,0.381818181,0,0.181818181,-0.06328666882275238,-1.3630214475250115,0.16043742136521774,-4.881428996448206,17620
2025,"Maverick Handley","BAL",1,0,0,0,0,0,0,0,0,0,-0.13601326328971652,-0.25417097044446735,0,-100,26106
2025,"Ernie Clement","TOR",18,0,0,0,0.222222222,0.222222222,0.222222222,0.444444444,0,0.222222222,0.41747971551336116,-1.7093590132721537,0.19609018166859946,19.678423322785164,20352
2025,"DJ LeMahieu","NYY",6,0,0,0,0.166666666,0.166666666,0.166666666,0.333333332,0,0.166666666,-0.09964996605623455,-0.8085962089847395,0.14706763625144958,-14.091373616160736,9874
2025,"Jorge Mateo","BAL",9,0,0,0,0.333333333,0.333333333,0.444444444,0.777777777,0.111111111,0.333333333,1.2251694811174059,0.16175011672464848,0.3351909849378798,115.49976104558186,17273
2025,"Oswald Peraza","NYY",2,0,0,0,0,0,0,0,0,0,-0.27202652657943305,-0.5083419408889347,0,-100,22823
2025,"Ryan Mountcastle","BAL",12,0,0,0,0.454545454,0.416666666,0.454545454,0.87121212,0,0.416666666,1.9499889089337243,0.5320964230767147,0.36766909062862396,137.87271260909571,18373
2025,"Jasson Dominguez","NYY",3,0,0,0,0,0,0,0,0,0,-0.40803978986914957,-0.762512911333402,0,-100,28080
2025,"Ramon Urias","BAL",15,0,0,0,0.357142857,0.333333333,0.5,0.833333333,0.142857143,0.333333333,2.141949138421897,0.3695835311006343,0.3434021274248759,121.15610981456287,18795
2025,"Jonatan Clase","TOR",2,0,0,0,0,0,0,0,0,0,-0.27202652657943305,-0.5083419408889347,0,-100,26599
2025,"Emmanuel Rivera","BAL",11,0,0,0,0.272727272,0.272727272,0.272727272,0.545454544,0,0.272727272,0.653142944859312,-0.646591833842947,0.2406561320478266,50.378238721826854,19890
2025,"Ha-Seong Kim","TBR",7,0,0,0,0.142857142,0.142857142,0.571428571,0.714285713,0.428571429,0,0.7020781564524341,-0.12502579363082167,0.2910564286368234,85.09711688268314,27506
2025,"Danny Jansen","TBR",7,0,0,0,0.285714285,0.285714285,0.428571428,0.714285713,0.142857143,0.285714285,0.7807663940147741,-0.046337556068481695,0.30490186384746004,94.63471905360106,16535
2025,"Curtis Mead","TBR",2,0,0,0,0.5,0.5,0.5,1,0,0.5,0.4444030871026315,0.20808767279312984,0.44120290875434875,188.52740801751455,23986
2025,"Yandy Diaz","TBR",26,0,0,0,0.346153846,0.346153846,0.461538461,0.807692307,0.115384615,0.32,3.849263063404337,0.7771626773808156,0.34987082848182094,125.61215589077,16578
2025,"Jeremiah Jackson","BAL",4,0,0,0,0.5,0.5,0.5,1,0,0.5,0.888806174205263,0.4161753455862597,0.44120290875434875,188.52740801751455,22239
2025,"Christopher Morel","TBR",10,0,0,0,0,0,0,0,0,0,-1.3601326328971652,-2.5417097044446733,0,-100,21897
2025,"Jordan Westburg","BAL",1,0,0,0,0,0,0,0,0,0,-0.13601326328971652,-0.25417097044446735,0,-100,27815
2025,"Taylor Walls","TBR",8,0,0,0,0.428571428,0.375,0.428571428,0.803571428,0,0.375,1.0611827347284615,0.11592107749045491,0.33090218156576157,112.54536490488634,22458
2025,"Alex Jackson","BAL",3,0,0,0,0,0,0,0,0,0,-0.40803978986914957,-0.762512911333402,0,-100,17276
2025,"Jose Caballero","TBR",6,0,0,0,0.2,0.2,0.2,0.4,0,0.2,0.04363595668017842,-0.6653102862483266,0.1764811635017395,6.170504547206804,23401
2025,"Coby Mayo","BAL",2,0,0,0,0.5,0.5,0.5,1,0,0.5,0.4444030871026315,0.20808767279312984,0.44120290875434875,188.52740801751455,28312
2025,"Jake Mangum","TBR",7,0,0,0,0.285714285,0.285714285,0.285714285,0.57142857,0,0.285714285,0.4807663843361136,-0.3463375657471422,0.2521159478596279,58.272476967294736,26202
2025,"Giancarlo Stanton","NYY",2,0,0,0,1,1,1,2,0,1,1.1608327007846961,0.9245172864751944,0.8824058175086975,492.4555804680276,4949
2025,"Junior Caminero","TBR",19,0,0,0,0.157894736,0.157894736,0.315789473,0.473684209,0.157894737,0.111111111,0.5027782243399648,-1.7422182116003009,0.20011613870921888,22.451754462360682,28163
2025,"Amed Rosario","NYY",2,0,0,0,0.5,0.5,2,2.5,1.5,0,1.3821444729010164,1.1458290585915147,1.0186975002288818,586.3418201718869,15518
2025,"Paul Goldschmidt","NYY",12,0,0,0,0.25,0.25,0.333333333,0.583333333,0.083333333,0.25,0.8171296912482563,-0.6007627946087535,0.25139323870340985,57.77462967593679,9218
2025,"Austin Slater","NYY",1,0,0,0,0,0,0,0,0,0,-0.13601326328971652,-0.25417097044446735,0,-100,16153
2025,"Aaron Judge","NYY",10,0,0,0,0.6,0.6,1.5,2.1,0.9,0.428571428,5.751669206590377,4.570092135042868,0.8759402453899383,488.0016898002406,15640
2025,"Anthony Volpe","NYY",9,0,0,0,0.333333333,0.333333333,0.333333333,0.666666666,0,0.333333333,0.9251694714387451,-0.1382498929540124,0.29413527250289917,87.21801720067693,27647
2025,"Luis Vazquez","BAL",8,0,0,0,0.125,0.125,0.25,0.375,0.125,0.125,-0.0716764829570069,-1.0169381401950135,0.15648840367794037,-7.601759494852107,23442
2025,"Jose Caballero","NYY",7,0,0,0,0.428571428,0.428571428,1.142857142,1.57142857,0.714285714,0.333333333,2.734937403173885,1.907833453090629,0.6487442084721157,331.494842455589,23401