Season,Name,Tm,G,PA,AB,H,1B,2B,3B,HR,R,RBI,BB,IBB,SO,HBP,SF,SH,GDP,SB,CS,AVG,playerId
2002,"Jose Cruz Jr.","TOR",6,19,19,5,2,2,0,1,3,4,0,0,0,0,0,0,0,0,0,0.263157894,1296
2002,"Carlos Delgado","TOR",10,28,28,8,7,1,0,0,7,1,0,0,0,0,0,0,0,0,0,0.285714285,1297
2002,"Darrin Fletcher","TOR",3,9,7,3,2,1,0,0,0,4,0,0,0,0,1,1,1,0,0,0.428571428,1302
2002,"Eric Hinske","TOR",8,28,26,7,6,1,0,0,4,6,0,0,0,0,2,0,2,0,0,0.269230769,1305
2002,"Felipe Lopez","TOR",5,11,11,4,1,2,1,0,2,0,0,0,0,0,0,0,0,0,0,0.363636363,1311
2002,"Raul Mondesi","TOR",1,4,3,1,1,0,0,0,1,2,0,0,0,0,1,0,0,0,0,0.333333333,1314
2002,"Shannon Stewart","TOR",8,24,24,11,9,2,0,0,6,1,0,0,0,0,0,0,2,0,0,0.458333333,1322
2002,"Vernon Wells","TOR",10,33,33,10,7,2,0,1,6,4,0,0,0,0,0,0,0,0,0,0.303030303,1326
2002,"Homer Bush","TOR",1,3,3,1,0,1,0,0,1,0,0,0,0,0,0,0,0,0,0,0.333333333,1425
2002,"Alberto Castillo","NYY",1,3,3,0,0,0,0,0,0,0,0,0,0,0,0,0,1,0,0,0,812
2002,"Ron Coomer","NYY",4,9,9,4,2,1,0,1,1,2,0,0,0,0,0,0,0,0,0,0.444444444,816
2002,"Jason Giambi","NYY",10,25,24,10,4,4,0,2,8,6,0,0,0,0,1,0,1,0,0,0.416666666,818
2002,"Derek Jeter","NYY",10,35,35,14,12,1,0,1,6,8,0,0,0,0,0,0,2,0,0,0.4,826
2002,"Nick Johnson","NYY",8,23,23,7,6,0,0,1,2,3,0,0,0,0,0,0,1,0,0,0.304347826,828
2002,"Jorge Posada","NYY",10,27,25,8,5,1,1,1,3,8,0,0,0,0,2,0,2,0,0,0.32,841
2002,"Alfonso Soriano","NYY",9,28,28,15,6,5,0,4,11,7,0,0,0,0,0,0,0,0,0,0.535714285,847
2002,"Shane Spencer","NYY",7,18,18,4,2,2,0,0,5,2,0,0,0,0,0,0,1,0,0,0.222222222,848
2002,"Robin Ventura","NYY",10,20,20,9,5,2,0,2,5,5,0,0,0,0,0,0,0,0,0,0.45,854
2002,"Rondell White","NYY",8,25,23,7,6,0,0,1,4,5,0,0,0,0,2,0,0,0,0,0.304347826,856
2002,"Bernie Williams","NYY",10,33,33,9,7,1,0,1,7,6,0,0,0,0,0,0,2,0,0,0.272727272,857
2002,"John Vander Wal","NYY",5,9,9,3,2,1,0,0,1,0,0,0,0,0,0,0,0,0,0,0.333333333,853
2002,"Enrique Wilson","NYY",2,5,5,2,2,0,0,0,1,1,0,0,0,0,0,0,0,0,0,0.4,858
2002,"Brent Abernathy","TBD",7,23,23,6,4,2,0,0,4,3,0,0,0,0,0,0,0,0,0,0.260869565,1192
2002,"Steve Cox","TBD",6,18,18,4,2,0,0,2,2,4,0,0,0,0,0,0,1,0,0,0.222222222,1200
2002,"John Flaherty","TBD",4,14,14,3,3,0,0,0,2,0,0,0,0,0,0,0,0,0,0,0.214285714,1206
2002,"Chris Gomez","TBD",4,10,10,1,1,0,0,0,2,1,0,0,0,0,0,0,0,0,0,0.1,1208
2002,"Russ Johnson","TBD",2,4,4,0,0,0,0,0,0,0,0,0,0,0,0,0,0,0,0,0,1216
2002,"Jason Tyner","TBD",2,5,5,2,2,0,0,0,0,0,0,0,0,0,0,0,0,0,0,0.4,1232
2002,"Greg Vaughn","TBD",2,5,5,0,0,0,0,0,0,0,0,0,0,0,0,0,0,0,0,0,1233
2002,"Randy Winn","TBD",9,26,25,10,5,3,0,2,4,7,0,0,0,0,0,1,0,0,0,0.4,1235
2002,"Jason Conti","TBD",2,4,4,2,2,0,0,0,1,0,0,0,0,0,0,0,0,0,0,0.5,1199
2002,"Felix Escalona","TBD",4,11,11,1,0,1,0,0,1,0,0,0,0,0,0,0,0,0,0,0.09090909,1204
2002,"Ben Grieve","TBD",7,18,18,5,2,2,0,1,5,2,0,0,0,0,0,0,0,0,0,0.277777777,1209
2002,"Toby Hall","TBD",5,19,19,7,3,3,0,1,4,2,0,0,0,0,0,0,0,0,0,0.368421052,1210
2002,"Tony Batista","BAL",9,28,28,12,5,4,0,3,10,4,0,0,0,0,0,0,1,0,0,0.428571428,124
2002,"Mike Bordick","BAL",4,13,13,4,1,3,0,0,1,2,0,0,0,0,0,0,0,0,0,0.307692307,129
2002,"Jeff Conine","BAL",6,19,19,6,4,2,0,0,2,2,0,0,0,0,0,0,0,0,0,0.315789473,131
2002,"Marty Cordova","BAL",8,19,19,4,3,1,0,0,2,2,0,0,0,0,0,0,1,0,0,0.210526315,132
2002,"Brook Fordyce","BAL",4,10,10,1,1,0,0,0,0,0,0,0,0,0,0,0,1,0,0,0.1,138
2002,"Jay Gibbons","BAL",9,34,33,11,8,3,0,0,3,3,0,0,0,0,1,0,0,0,0,0.333333333,141
2002,"Geronimo Gil","BAL",6,17,17,7,2,3,0,2,5,6,0,0,0,0,0,0,0,0,0,0.411764705,142
2002,"Melvin Mora","BAL",5,19,19,8,4,2,0,2,3,5,0,0,0,0,0,0,1,0,0,0.421052631,157
2002,"Mike Moriarty","BAL",1,4,4,0,0,0,0,0,0,1,0,0,0,0,0,0,1,0,0,0,158
2002,"Chris Singleton","BAL",7,20,20,7,3,4,0,0,3,0,0,0,0,0,0,0,0,0,0,0.35,170
2002,"Jerry Hairston Jr.","BAL",8,26,25,12,6,6,0,0,5,3,0,0,0,0,0,1,0,0,0,0.48,144
2002,"Gary Matthews Jr.","BAL",4,10,10,3,3,0,0,0,1,1,0,0,0,0,0,0,0,0,0,0.3,153
2002,"David Segui","BAL",2,6,6,1,0,1,0,0,0,0,0,0,0,0,0,0,0,0,0,0.166666666,169
2002,"Dave Berg","TOR",9,30,30,11,8,3,0,0,3,1,0,0,0,0,0,0,0,0,0,0.366666666,1288
2002,"Joe Lawrence","TOR",3,6,6,0,0,0,0,0,0,1,0,0,0,0,0,0,0,0,0,0,1308
2002,"Pedro Swann","TOR",3,2,2,0,0,0,0,0,1,0,0,0,0,0,0,0,0,0,0,0,1323
2002,"Josh Phelps","TOR",8,20,20,13,9,2,0,2,3,6,0,0,0,0,0,0,1,0,0,0.65,1318
2002,"Tom Wilson","TOR",4,8,8,3,1,1,0,1,1,3,0,0,0,0,0,0,0,0,0,0.375,1328
2002,"Ken Huckaby","TOR",6,17,17,5,5,0,0,0,1,0,0,0,0,0,0,0,1,0,0,0.294117647,1306
2002,"Carl Crawford","TBD",7,22,22,6,4,1,1,0,1,5,0,0,0,0,0,0,0,0,0,0.272727272,1201
2002,"Aubrey Huff","TBD",7,26,26,5,3,2,0,0,3,0,0,0,0,0,0,0,3,0,0,0.192307692,1213
2002,"Jared Sandberg","TBD",6,17,15,9,4,2,1,2,4,7,0,0,0,0,2,0,0,0,0,0.6,1224
2002,"Andy Sheets","TBD",3,6,6,4,1,2,0,1,2,5,0,0,0,0,0,0,0,0,0,0.666666666,1226
2002,"Howie Clark","BAL",3,13,13,2,1,1,0,0,1,3,0,0,0,0,0,0,2,0,0,0.153846153,1533
2002,"Luis Lopez","BAL",2,6,6,2,0,1,0,1,1,3,0,0,0,0,0,0,0,0,0,0.333333333,695
2002,"Raul Mondesi","NYY",2,7,7,3,2,1,0,0,1,0,0,0,0,0,0,0,0,0,0,0.428571428,1314
2002,"Jayson Werth","TOR",4,11,11,3,3,0,0,0,0,2,0,0,0,0,0,0,1,0,0,0.272727272,1327
2002,"Chris Woodward","TOR",4,14,13,4,2,2,0,0,0,3,0,0,0,0,1,0,1,0,0,0.307692307,1329
2002,"Dewayne Wise","TOR",2,4,4,0,0,0,0,0,1,0,0,0,0,0,0,0,0,0,0,0,1554
2002,"Kevin Cash","TOR",1,1,1,0,0,0,0,0,0,0,0,0,0,0,0,0,0,0,0,0,1593
2002,"Brian Lesher","TOR",1,1,1,0,0,0,0,0,0,0,0,0,0,0,0,0,0,0,0,0,1309
2002,"Jose Leon","BAL",1,3,3,1,1,0,0,0,1,2,0,0,0,0,0,0,0,0,0,0.333333333,149
2002,"Luis Matos","BAL",2,6,5,1,1,0,0,0,0,0,0,0,0,0,0,1,0,0,0,0.2,152
2002,"Larry Bigbie","BAL",2,5,5,2,2,0,0,0,1,1,0,0,0,0,0,0,1,0,0,0.4,128
2002,"Chris Richard","BAL",2,5,5,1,1,0,0,0,1,2,0,0,0,0,0,0,0,0,0,0.2,163
2002,"Damian Rolls","TBD",3,11,10,2,1,1,0,0,3,2,0,0,0,0,0,1,1,0,0,0.2,1222
2003,"B.J. Surhoff","BAL",6,24,24,7,5,2,0,0,3,3,0,0,0,0,0,0,0,0,0,0.291666666,117
2003,"Geronimo Gil","BAL",2,6,6,2,2,0,0,0,2,0,0,0,0,0,0,0,0,0,0,0.333333333,142
2003,"Jerry Hairston Jr.","BAL",5,18,17,4,2,2,0,0,2,1,0,0,0,0,0,1,1,0,0,0.235294117,144
2003,"Gary Matthews Jr.","BAL",2,8,8,2,1,1,0,0,1,3,0,0,0,0,0,0,0,0,0,0.25,153
2003,"Melvin Mora","BAL",1,1,1,1,0,1,0,0,0,1,0,0,0,0,0,0,0,0,0,1,157
2003,"David Segui","BAL",2,6,6,4,4,0,0,0,0,1,0,0,0,0,0,0,0,0,0,0.666666666,169
2003,"Marty Cordova","BAL",1,2,2,1,1,0,0,0,0,0,0,0,0,0,0,0,0,0,0,0.5,132
2003,"Terry Shumpert","TBD",1,4,4,1,0,0,0,1,1,1,0,0,0,0,0,0,0,0,0,0.25,449
2003,"Damion Easley","TBD",3,9,9,1,1,0,0,0,1,0,0,0,0,0,0,0,1,0,0,0.111111111,464
2003,"Rey Ordonez","TBD",3,10,10,2,1,0,0,1,1,2,0,0,0,0,0,0,0,0,0,0.2,889
2003,"Marlon Anderson","TBD",9,32,31,10,6,2,2,0,5,4,0,0,0,0,1,0,0,0,0,0.322580645,947
2003,"Carl Crawford","TBD",9,36,36,8,4,4,0,0,6,2,0,0,0,0,0,0,0,0,0,0.222222222,1201
2003,"Ben Grieve","TBD",3,11,11,3,3,0,0,0,0,0,0,0,0,0,0,0,0,0,0,0.272727272,1209
2003,"Toby Hall","TBD",9,30,30,7,5,1,0,1,2,2,0,0,0,0,0,0,1,0,0,0.233333333,1210
2003,"Aubrey Huff","TBD",9,31,31,8,4,2,1,1,3,2,0,0,0,0,0,0,3,0,0,0.258064516,1213
2003,"Damian Rolls","TBD",6,15,14,6,4,1,0,1,4,7,0,0,0,0,1,0,0,0,0,0.428571428,1222
2003,"Rocco Baldelli","TBD",9,29,29,10,6,3,0,1,6,5,0,0,0,0,0,0,0,0,0,0.344827586,1656
2003,"Al Martin","TBD",6,13,13,5,5,0,0,0,0,4,0,0,0,0,0,0,1,0,0,0.384615384,1167
2003,"Mike Bordick","TOR",5,13,13,5,3,1,0,1,4,4,0,0,0,0,0,0,0,0,0,0.384615384,129
2003,"Frank Catalanotto","TOR",8,32,32,14,10,3,0,1,4,3,0,0,0,0,0,0,0,0,0,0.4375,1241
2003,"Carlos Delgado","TOR",10,27,27,7,4,2,0,1,6,5,0,0,0,0,0,0,4,0,0,0.259259259,1297
2003,"Eric Hinske","TOR",10,28,28,11,3,8,0,0,7,8,0,0,0,0,0,0,1,0,0,0.392857142,1305
2003,"Orlando Hudson","TOR",9,33,33,5,2,2,1,0,2,1,0,0,0,0,0,0,1,0,0,0.151515151,1307
2003,"Josh Phelps","TOR",6,14,14,8,5,3,0,0,5,2,0,0,0,0,0,0,1,0,0,0.571428571,1318
2003,"Shannon Stewart","TOR",4,14,14,7,6,1,0,0,2,2,0,0,0,0,0,0,0,0,0,0.5,1322
2003,"Vernon Wells","TOR",9,31,31,10,6,3,0,1,4,2,0,0,0,0,0,0,2,0,0,0.322580645,1326
2003,"Tom Wilson","TOR",5,7,7,3,1,2,0,0,1,3,0,0,0,0,0,0,1,0,0,0.428571428,1328
2003,"Greg Myers","TOR",8,21,21,9,6,2,0,1,5,6,0,0,0,0,0,0,1,0,0,0.428571428,933
2003,"Chris Woodward","TOR",6,11,11,4,1,2,0,1,3,4,0,0,0,0,0,0,0,0,0,0.363636363,1329
2003,"Reed Johnson","TOR",7,18,18,5,4,1,0,0,2,5,0,0,0,0,0,0,2,0,0,0.277777777,1702
2003,"Dave Berg","TOR",1,2,2,1,0,0,0,1,1,1,0,0,0,0,0,0,0,0,0,0.5,1288
2003,"Todd Zeile","NYY",3,9,9,3,2,1,0,0,1,1,0,0,0,0,0,0,0,0,0,0.333333333,457
2003,"Jason Giambi","NYY",8,21,19,4,2,0,0,2,5,6,0,0,0,0,2,0,1,0,0,0.210526315,818
2003,"Derek Jeter","NYY",9,32,31,14,10,4,0,0,8,4,0,0,0,0,1,0,0,0,0,0.451612903,826
2003,"Jorge Posada","NYY",9,25,25,13,7,2,0,4,10,6,0,0,0,0,0,0,1,0,0,0.52,841
2003,"Alfonso Soriano","NYY",8,22,22,7,5,1,0,1,3,2,0,0,0,0,0,0,1,0,0,0.318181818,847
2003,"Robin Ventura","NYY",4,6,6,2,1,1,0,0,1,1,0,0,0,0,0,0,0,0,0,0.333333333,854
2003,"Bernie Williams","NYY",9,34,33,7,6,1,0,0,5,4,0,0,0,0,1,0,2,0,0,0.212121212,857
2003,"Bubba Trammell","NYY",2,4,4,1,1,0,0,0,1,0,0,0,0,0,0,0,0,0,0,0.25,1057
2003,"Raul Mondesi","NYY",6,17,17,4,3,0,1,0,3,5,0,0,0,0,0,0,1,0,0,0.235294117,1314
2003,"Hideki Matsui","NYY",9,32,32,8,7,1,0,0,4,4,0,0,0,0,0,0,1,0,0,0.25,1659
2003,"Bobby Kielty","TOR",4,12,12,6,4,1,0,1,5,3,0,0,0,0,0,0,0,0,0,0.5,736
2003,"Jayson Werth","TOR",1,3,3,1,1,0,0,0,0,0,0,0,0,0,0,0,0,0,0,0.333333333,1327
2003,"Howie Clark","TOR",2,7,7,1,1,0,0,0,1,0,0,0,0,0,0,0,0,0,0,0.142857142,1533
2003,"Travis Lee","TBD",6,20,20,5,3,1,0,1,4,2,0,0,0,0,0,0,0,0,0,0.25,958
2003,"Antonio Perez","TBD",2,7,6,4,3,0,0,1,3,6,0,0,0,0,1,0,0,0,0,0.666666666,1708
2003,"Julio Lugo","TBD",5,15,15,7,7,0,0,0,4,3,0,0,0,0,0,0,0,0,0,0.466666666,565
2003,"Nick Johnson","NYY",6,17,17,8,6,2,0,0,3,7,0,0,0,0,0,0,0,0,0,0.470588235,828
2003,"Enrique Wilson","NYY",4,10,10,5,5,0,0,0,4,2,0,0,0,0,0,0,0,0,0,0.5,858
2003,"Ruben Sierra","NYY",3,3,3,1,1,0,0,0,0,2,0,0,0,0,0,0,0,0,0,0.333333333,1099
2003,"John Flaherty","NYY",1,2,2,1,0,1,0,0,0,0,0,0,0,0,0,0,0,0,0,0.5,1206
2003,"Karim Garcia","NYY",3,8,8,3,3,0,0,0,1,1,0,0,0,0,0,0,0,0,0,0.375,1537
2003,"Tony Batista","BAL",10,38,37,12,8,2,0,2,8,10,0,0,0,0,1,0,2,0,0,0.324324324,124
2003,"Larry Bigbie","BAL",8,26,26,5,4,1,0,0,4,1,0,0,0,0,0,0,0,0,0,0.192307692,128
2003,"Jeff Conine","BAL",3,8,8,1,1,0,0,0,2,0,0,0,0,0,0,0,0,0,0,0.125,131
2003,"Brook Fordyce","BAL",6,19,19,6,4,0,1,1,3,5,0,0,0,0,0,0,0,0,0,0.315789473,138
2003,"Jay Gibbons","BAL",10,39,39,14,11,2,1,0,9,6,0,0,0,0,0,0,0,0,0,0.358974358,141
2003,"Jose Leon","BAL",3,6,6,1,1,0,0,0,1,0,0,0,0,0,0,0,0,0,0,0.166666666,149
2003,"Luis Matos","BAL",8,22,22,10,4,3,1,2,6,8,0,0,0,0,0,0,0,0,0,0.454545454,152
2003,"Brian Roberts","BAL",6,22,21,4,3,1,0,0,3,3,0,0,0,0,1,0,0,0,0,0.19047619,166
2003,"Robert Machado","BAL",3,5,5,1,1,0,0,0,1,0,0,0,0,0,0,0,0,0,0,0.2,289
2003,"Deivi Cruz","BAL",8,29,29,8,5,2,1,0,4,4,0,0,0,0,0,0,0,0,0,0.275862068,1025
2003,"Jack Cust","BAL",7,21,21,10,5,3,0,2,4,6,0,0,0,0,0,0,0,0,0,0.476190476,1564
2003,"Jose Morban","BAL",1,3,3,0,0,0,0,0,1,0,0,0,0,0,0,0,0,0,0,0,1682
2003,"Kevin Cash","TOR",1,2,2,0,0,0,0,0,0,0,0,0,0,0,0,0,0,0,0,0,1593
2003,"Aaron Boone","NYY",3,11,11,5,2,3,0,0,2,5,0,0,0,0,0,0,0,0,0,0.454545454,311
2003,"Juan Rivera","NYY",2,4,4,1,1,0,0,0,0,0,0,0,0,0,0,0,0,0,0,0.25,843
2003,"Jared Sandberg","TBD",2,4,4,2,2,0,0,0,1,0,0,0,0,0,0,0,0,0,0,0.5,1224
2003,"Pete Laforest","TBD",3,4,4,3,2,1,0,0,0,1,0,0,0,0,0,0,0,0,0,0.75,1821
2003,"Tim Raines Jr.","BAL",2,2,2,1,1,0,0,0,0,0,0,0,0,0,0,0,0,0,0,0.5,1807
2003,"Pedro Swann","BAL",1,1,1,1,1,0,0,0,0,1,0,0,0,0,0,0,0,0,0,1,1323
2004,"Chris Gomez","TOR",6,11,11,4,4,0,0,0,2,0,0,0,0,0,0,0,0,0,0,0.363636363,1208
2004,"Frank Catalanotto","TOR",6,19,19,6,4,1,1,0,1,1,0,0,0,0,0,0,0,0,0,0.315789473,1241
2004,"Carlos Delgado","TOR",9,26,25,4,3,0,0,1,4,4,0,0,0,0,1,0,0,0,0,0.16,1297
2004,"Eric Hinske","TOR",9,32,32,9,6,1,0,2,6,5,0,0,0,0,0,0,3,0,0,0.28125,1305
2004,"Orlando Hudson","TOR",9,21,21,9,5,3,0,1,8,2,0,0,0,0,0,0,0,0,0,0.428571428,1307
2004,"Josh Phelps","TOR",6,20,20,6,4,1,0,1,3,2,0,0,0,0,0,0,2,0,0,0.3,1318
2004,"Vernon Wells","TOR",9,37,37,11,5,4,0,2,3,7,0,0,0,0,0,0,1,0,0,0.297297297,1326
2004,"Chris Woodward","TOR",4,10,10,0,0,0,0,0,0,0,0,0,0,0,0,0,0,0,0,0,1329
2004,"Kevin Cash","TOR",7,13,13,4,2,2,0,0,1,4,0,0,0,0,0,0,1,0,0,0.307692307,1593
2004,"Reed Johnson","TOR",7,21,21,4,4,0,0,0,2,3,0,0,0,0,0,0,0,0,0,0.19047619,1702
2004,"Greg Myers","TOR",1,2,2,0,0,0,0,0,0,0,0,0,0,0,0,0,0,0,0,0,933
2004,"Jay Gibbons","BAL",5,15,15,4,3,0,1,0,4,1,0,0,0,0,0,0,2,0,0,0.266666666,141
2004,"David Segui","BAL",1,4,4,3,2,0,0,1,1,3,0,0,0,0,0,0,1,0,0,0.75,169
2004,"Gary Sheffield","NYY",10,34,34,9,4,4,0,1,7,4,0,0,0,0,0,0,2,0,0,0.264705882,114
2004,"Kenny Lofton","NYY",5,20,20,5,2,3,0,0,3,2,0,0,0,0,0,0,0,0,0,0.25,246
2004,"Jason Giambi","NYY",6,13,13,2,1,0,0,1,3,1,0,0,0,0,0,0,1,0,0,0.153846153,818
2004,"Derek Jeter","NYY",10,37,36,6,6,0,0,0,1,3,0,0,0,0,0,1,2,0,0,0.166666666,826
2004,"Jorge Posada","NYY",9,28,28,11,5,5,0,1,7,9,0,0,0,0,0,0,1,0,0,0.392857142,841
2004,"Bernie Williams","NYY",10,32,32,11,4,7,0,0,4,4,0,0,0,0,0,0,1,0,0,0.34375,857
2004,"Enrique Wilson","NYY",7,21,20,5,5,0,0,0,2,3,0,0,0,0,0,1,1,0,0,0.25,858
2004,"Alex Rodriguez","NYY",10,27,27,8,8,0,0,0,7,2,0,0,0,0,0,0,1,0,0,0.296296296,1274
2004,"Hideki Matsui","NYY",10,31,30,16,9,4,0,3,11,12,0,0,0,0,1,0,0,0,0,0.533333333,1659
2004,"Tony Clark","NYY",2,5,5,1,0,0,0,1,1,2,0,0,0,0,0,0,0,0,0,0.2,182
2004,"Ruben Sierra","NYY",6,11,10,5,4,0,0,1,2,4,0,0,0,0,1,0,0,0,0,0.5,1099
2004,"Travis Lee","NYY",2,7,7,2,1,1,0,0,1,2,0,0,0,0,0,0,1,0,0,0.285714285,958
2004,"John Flaherty","NYY",1,1,1,1,1,0,0,0,0,1,0,0,0,0,0,0,0,0,0,1,1206
2004,"Rey Sanchez","TBD",4,11,11,2,2,0,0,0,0,0,0,0,0,0,0,0,0,0,0,0.181818181,213
2004,"Toby Hall","TBD",8,25,24,9,5,3,0,1,4,3,0,0,0,0,1,0,2,0,0,0.375,1210
2004,"Eduardo Perez","TBD",1,1,1,0,0,0,0,0,0,0,0,0,0,0,0,0,0,0,0,0,1409
2004,"Brook Fordyce","TBD",2,5,5,2,2,0,0,0,0,1,0,0,0,0,0,0,0,0,0,0.4,138
2004,"Robert Fick","TBD",6,17,17,3,2,1,0,0,0,2,0,0,0,0,0,0,1,0,0,0.176470588,466
2004,"Geoff Blum","TBD",7,23,23,7,5,2,0,0,2,2,0,0,0,0,0,0,0,0,0,0.304347826,550
2004,"Julio Lugo","TBD",10,27,25,13,7,4,1,1,6,3,0,0,0,0,0,2,1,0,0,0.52,565
2004,"Tino Martinez","TBD",8,25,25,6,5,0,0,1,2,2,0,0,0,0,0,0,0,0,0,0.24,1168
2004,"Carl Crawford","TBD",10,32,32,10,5,4,0,1,6,3,0,0,0,0,0,0,0,0,0,0.3125,1201
2004,"Aubrey Huff","TBD",10,35,35,11,6,4,0,1,5,6,0,0,0,0,0,0,1,0,0,0.314285714,1213
2004,"Jose Cruz Jr.","TBD",9,18,16,4,4,0,0,0,1,3,0,0,0,0,2,0,1,0,0,0.25,1296
2004,"Rocco Baldelli","TBD",10,33,33,8,4,1,1,2,4,7,0,0,0,0,0,0,0,0,0,0.242424242,1656
2004,"Simon Pond","TOR",3,8,8,3,1,1,0,1,1,3,0,0,0,0,0,0,0,0,0,0.375,1898
2004,"Gregg Zaun","TOR",3,6,6,2,2,0,0,0,0,0,0,0,0,0,0,0,0,0,0,0.333333333,580
2004,"Frank Menechino","TOR",3,8,8,2,1,0,1,0,2,1,0,0,0,0,0,0,0,0,0,0.25,931
2004,"Javy Lopez","BAL",9,31,29,9,5,2,1,1,7,6,0,0,0,0,2,0,1,0,0,0.310344827,103
2004,"B.J. Surhoff","BAL",5,23,22,11,8,1,0,2,4,7,0,0,0,0,0,1,0,0,0,0.5,117
2004,"Larry Bigbie","BAL",9,27,26,9,6,3,0,0,4,4,0,0,0,0,0,1,0,0,0,0.346153846,128
2004,"Jerry Hairston Jr.","BAL",2,7,7,4,2,2,0,0,2,2,0,0,0,0,0,0,0,0,0,0.571428571,144
2004,"Luis Matos","BAL",3,10,9,1,0,1,0,0,4,2,0,0,0,0,0,1,0,0,0,0.111111111,152
2004,"Melvin Mora","BAL",9,37,36,17,7,6,0,4,8,13,0,0,0,0,0,1,1,0,0,0.472222222,157
2004,"Brian Roberts","BAL",9,34,32,11,6,3,1,1,8,5,0,0,0,0,0,2,0,0,0,0.34375,166
2004,"Luis Lopez","BAL",3,4,4,1,1,0,0,0,0,0,0,0,0,0,0,0,0,0,0,0.25,695
2004,"Miguel Tejada","BAL",9,33,33,14,9,1,1,3,10,11,0,0,0,0,0,0,2,0,0,0.424242424,941
2004,"Rafael Palmeiro","BAL",7,24,23,7,5,1,0,1,4,2,0,0,0,0,1,0,1,0,0,0.304347826,1266
2004,"Robert Machado","BAL",1,3,3,1,1,0,0,0,0,0,0,0,0,0,0,0,0,0,0,0.333333333,289
2004,"Karim Garcia","BAL",3,9,9,2,2,0,0,0,1,0,0,0,0,0,0,0,0,0,0,0.222222222,1537
2004,"David Newhan","BAL",7,24,24,10,6,2,0,2,7,4,0,0,0,0,0,0,0,0,0,0.416666666,2009
2004,"Miguel Cairo","NYY",5,12,12,2,2,0,0,0,2,1,0,0,0,0,0,0,0,0,0,0.166666666,1412
2004,"B.J. Upton","TBD",4,10,10,3,3,0,0,0,1,0,0,0,0,0,0,0,0,0,0,0.3,5015
2004,"Damian Rolls","TBD",1,3,3,1,1,0,0,0,0,0,0,0,0,0,0,0,0,0,0,0.333333333,1222
2004,"Alex Rios","TOR",2,6,6,2,1,0,1,0,1,1,0,0,0,0,0,0,0,0,0,0.333333333,2090
2004,"Gabe Gross","TOR",3,9,9,4,4,0,0,0,1,1,0,0,0,0,0,0,0,0,0,0.444444444,2184
2004,"Jorge Cantu","TBD",3,7,7,4,3,0,0,1,3,2,0,0,0,0,0,0,0,0,0,0.571428571,2521
2004,"Matt Diaz","TBD",1,1,1,0,0,0,0,0,0,0,0,0,0,0,0,0,0,0,0,0,1771
2004,"Midre Cummings","TBD",1,1,1,1,1,0,0,0,0,0,0,0,0,0,0,0,0,0,0,1,1927
2004,"Geronimo Gil","BAL",1,3,3,1,1,0,0,0,0,1,0,0,0,0,0,0,0,0,0,0.333333333,142
2004,"Jose Leon","BAL",1,2,2,1,1,0,0,0,0,2,0,0,0,0,0,0,0,0,0,0.5,149
2004,"John Olerud","NYY",3,10,10,1,1,0,0,0,0,0,0,0,0,0,0,0,0,0,0,0.1,1093
2004,"Felix Escalona","NYY",1,1,1,0,0,0,0,0,1,0,0,0,0,0,0,0,0,0,0,0,1204
2004,"Bubba Crosby","NYY",1,1,1,0,0,0,0,0,0,0,0,0,0,0,0,0,0,0,0,0,1722
2004,"Andy Phillips","NYY",1,1,1,1,0,0,0,1,1,2,0,0,0,0,0,0,0,0,0,1,2075
2004,"Dioner Navarro","NYY",1,1,1,0,0,0,0,0,0,0,0,0,0,0,0,0,0,0,0,0,3179
2005,"Tony Womack","NYY",6,14,14,3,1,2,0,0,2,0,0,0,0,0,0,0,1,0,0,0.214285714,78
2005,"Gary Sheffield","NYY",10,37,36,16,8,5,0,3,6,8,0,0,0,0,1,0,1,0,0,0.444444444,114
2005,"Jason Giambi","NYY",9,25,25,7,4,1,0,2,5,4,0,0,0,0,0,0,0,0,0,0.28,818
2005,"Derek Jeter","NYY",10,34,33,9,7,1,0,1,4,5,0,0,0,0,1,0,0,0,0,0.272727272,826
2005,"Jorge Posada","NYY",8,24,24,7,4,2,0,1,2,3,0,0,0,0,0,0,0,0,0,0.291666666,841
2005,"Bernie Williams","NYY",9,29,29,7,3,2,0,2,4,3,0,0,0,0,0,0,0,0,0,0.24137931,857
2005,"Tino Martinez","NYY",8,18,18,3,2,1,0,0,3,0,0,0,0,0,0,0,0,0,0,0.166666666,1168
2005,"Alex Rodriguez","NYY",10,31,31,10,5,1,0,4,7,7,0,0,0,0,0,0,1,0,0,0.322580645,1274
2005,"Hideki Matsui","NYY",10,31,31,13,7,5,0,1,4,5,0,0,0,0,0,0,0,0,0,0.419354838,1659
2005,"Ruben Sierra","NYY",5,9,9,1,0,1,0,0,0,1,0,0,0,0,0,0,0,0,0,0.111111111,1099
2005,"Alex Gonzalez","TBD",7,20,19,8,6,2,0,0,1,1,0,0,0,0,1,0,4,0,0,0.421052631,281
2005,"Julio Lugo","TBD",10,33,33,13,8,3,1,1,5,2,0,0,0,0,0,0,0,0,0,0.393939393,565
2005,"Travis Lee","TBD",8,26,26,8,4,2,0,2,5,6,0,0,0,0,0,0,0,0,0,0.307692307,958
2005,"Carl Crawford","TBD",9,35,34,13,8,4,0,1,3,6,0,0,0,0,0,1,0,0,0,0.382352941,1201
2005,"Toby Hall","TBD",8,23,22,6,6,0,0,0,0,3,0,0,0,0,1,0,1,0,0,0.272727272,1210
2005,"Aubrey Huff","TBD",10,28,28,9,6,2,0,1,5,2,0,0,0,0,0,0,2,0,0,0.321428571,1213
2005,"Josh Phelps","TBD",3,8,8,1,1,0,0,0,0,0,0,0,0,0,0,0,0,0,0,0.125,1318
2005,"Eduardo Perez","TBD",3,8,8,2,0,0,0,2,2,3,0,0,0,0,0,0,0,0,0,0.25,1409
2005,"Jorge Cantu","TBD",10,39,39,11,7,4,0,0,2,4,0,0,0,0,0,0,1,0,0,0.282051282,2521
2005,"Chris Singleton","TBD",1,1,1,1,1,0,0,0,1,0,0,0,0,0,0,0,0,0,0,1,170
2005,"Alex Sanchez","TBD",2,5,5,1,0,0,1,0,0,0,0,0,0,0,0,0,1,0,0,0.2,708
2005,"Charles Johnson","TBD",1,1,1,0,0,0,0,0,0,0,0,0,0,0,0,0,0,0,0,0,523
2005,"Shea Hillenbrand","TOR",7,21,21,10,9,1,0,0,3,0,0,0,0,0,0,0,1,0,0,0.476190476,196
2005,"John McDonald","TOR",2,4,4,2,2,0,0,0,0,3,0,0,0,0,0,0,0,0,0,0.5,395
2005,"Gregg Zaun","TOR",8,28,27,4,3,0,0,1,5,3,0,0,0,0,1,0,0,0,0,0.148148148,580
2005,"Corey Koskie","TOR",6,14,14,6,5,0,0,1,3,2,0,0,0,0,0,0,1,0,0,0.428571428,738
2005,"Greg Myers","TOR",1,1,1,0,0,0,0,0,0,0,0,0,0,0,0,0,1,0,0,0,933
2005,"Frank Catalanotto","TOR",9,27,27,12,4,5,1,2,5,11,0,0,0,0,0,0,0,0,0,0.444444444,1241
2005,"Eric Hinske","TOR",8,31,31,13,5,7,0,1,5,4,0,0,0,0,0,0,0,0,0,0.419354838,1305
2005,"Orlando Hudson","TOR",5,19,19,10,7,2,1,0,6,4,0,0,0,0,0,0,0,0,0,0.526315789,1307
2005,"Vernon Wells","TOR",9,34,33,9,5,2,0,2,4,7,0,0,0,0,1,0,2,0,0,0.272727272,1326
2005,"Reed Johnson","TOR",7,15,15,5,3,0,1,1,1,8,0,0,0,0,0,0,0,0,0,0.333333333,1702
2005,"Alex Rios","TOR",7,21,21,8,7,1,0,0,4,0,0,0,0,0,0,0,1,0,0,0.38095238,2090
2005,"Russ Adams","TOR",7,27,26,9,8,1,0,0,7,7,0,0,0,0,1,0,0,0,0,0.346153846,4519
2005,"Javy Lopez","BAL",5,18,18,5,3,1,0,1,3,3,0,0,0,0,0,0,0,0,0,0.277777777,103
2005,"B.J. Surhoff","BAL",7,26,25,11,8,2,0,1,5,5,0,0,0,0,1,0,1,0,0,0.44,117
2005,"Geronimo Gil","BAL",3,9,9,2,1,0,0,1,1,4,0,0,0,0,0,0,0,0,0,0.222222222,142
2005,"Luis Matos","BAL",5,14,14,6,4,2,0,0,6,4,0,0,0,0,0,0,0,0,0,0.428571428,152
2005,"Melvin Mora","BAL",9,32,29,11,8,3,0,0,5,3,0,0,0,0,1,2,0,0,0,0.379310344,157
2005,"Brian Roberts","BAL",7,27,25,10,5,5,0,0,3,6,0,0,0,0,1,1,1,0,0,0.4,166
2005,"Sammy Sosa","BAL",6,17,17,5,4,0,0,1,3,3,0,0,0,0,0,0,2,0,0,0.294117647,302
2005,"Miguel Tejada","BAL",9,35,35,18,8,7,1,2,7,7,0,0,0,0,0,0,1,0,0,0.514285714,941
2005,"Chris Gomez","BAL",4,12,11,4,3,1,0,0,3,1,0,0,0,0,0,1,1,0,0,0.363636363,1208
2005,"Larry Bigbie","BAL",1,5,5,2,1,1,0,0,0,2,0,0,0,0,0,0,0,0,0,0.4,128
2005,"Jay Gibbons","BAL",8,32,32,12,6,3,1,2,9,4,0,0,0,0,0,0,0,0,0,0.375,141
2005,"Rafael Palmeiro","BAL",5,22,21,6,5,1,0,0,3,4,0,0,0,0,1,0,0,0,0,0.285714285,1266
2005,"Sal Fasano","BAL",3,5,5,1,0,1,0,0,0,1,0,0,0,0,0,0,0,0,0,0.2,1205
2005,"David Newhan","BAL",4,14,14,5,4,0,0,1,3,5,0,0,0,0,0,0,0,0,0,0.357142857,2009
2005,"Ken Huckaby","TOR",1,1,1,1,1,0,0,0,0,0,0,0,0,0,0,0,0,0,0,1,1306
2005,"Aaron Hill","TOR",7,25,23,9,6,3,0,0,6,3,0,0,0,0,1,1,0,0,0,0.391304347,6104
2005,"Frank Menechino","TOR",2,3,3,1,1,0,0,0,1,0,0,0,0,0,0,0,0,0,0,0.333333333,931
2005,"Gabe Gross","TOR",4,11,11,2,2,0,0,0,2,0,0,0,0,0,0,0,0,0,0,0.181818181,2184
2005,"Robinson Cano","NYY",7,27,27,13,11,2,0,0,4,1,0,0,0,0,0,0,0,0,0,0.481481481,3269
2005,"Melky Cabrera","NYY",2,6,6,1,1,0,0,0,0,0,0,0,0,0,0,0,0,0,0,0.166666666,4022
2005,"Russ Johnson","NYY",1,1,1,0,0,0,0,0,0,0,0,0,0,0,0,0,0,0,0,0,1216
2005,"John Flaherty","NYY",2,6,5,1,0,1,0,0,0,3,0,0,0,0,1,0,0,0,0,0.2,1206
2005,"Nick Green","TBD",4,7,7,1,1,0,0,0,0,0,0,0,0,0,0,0,0,0,0,0.142857142,1502
2005,"Jonny Gomes","TBD",7,17,17,9,5,3,0,1,6,2,0,0,0,0,0,0,0,0,0,0.529411764,1845
2005,"Damon Hollins","TBD",3,7,7,1,0,0,1,0,2,0,0,0,0,0,0,0,1,0,0,0.142857142,1919
2005,"Joey Gathright","TBD",6,17,17,4,4,0,0,0,2,3,0,0,0,0,0,0,0,0,0,0.235294117,3913
2005,"Kevin Cash","TBD",1,2,2,0,0,0,0,0,0,0,0,0,0,0,0,0,1,0,0,0,1593
2005,"Fernando Cortez","TBD",2,5,5,0,0,0,0,0,0,1,0,0,0,0,0,0,0,0,0,0,3634
2005,"Pete Laforest","TBD",1,1,1,0,0,0,0,0,0,0,0,0,0,0,0,0,0,0,0,0,1821
2005,"Eric Byrnes","BAL",3,8,8,1,1,0,0,0,1,0,0,0,0,0,0,0,1,0,0,0.125,905
2005,"Bernie Castro","BAL",2,6,6,0,0,0,0,0,0,0,0,0,0,0,0,0,0,0,0,0,2096
2005,"Alejandro Freire","BAL",1,2,2,1,0,0,0,1,2,1,0,0,0,0,0,0,0,0,0,0.5,8588
2005,"Guillermo Quiroz","TOR",1,1,1,1,1,0,0,0,0,0,0,0,0,0,0,0,0,0,0,1,7989
2005,"Mark Bellhorn","NYY",1,3,3,1,1,0,0,0,0,0,0,0,0,0,0,0,0,0,0,0.333333333,264
2005,"Matt Lawton III","NYY",1,1,1,0,0,0,0,0,0,0,0,0,0,0,0,0,0,0,0,0,390
2005,"Wil Nieves","NYY",1,1,1,0,0,0,0,0,0,0,0,0,0,0,0,0,0,0,0,0,1556
2005,"Bubba Crosby","NYY",1,1,1,1,1,0,0,0,0,0,0,0,0,0,0,0,0,0,0,1,1722
2006,"Troy Glaus","TOR",7,15,15,4,3,0,0,1,4,2,0,0,0,0,0,0,0,0,0,0.266666666,15
2006,"Bengie Molina","TOR",5,20,20,9,6,2,0,1,2,2,0,0,0,0,0,0,2,0,0,0.45,24
2006,"Shea Hillenbrand","TOR",4,14,14,2,1,0,0,1,2,2,0,0,0,0,0,0,1,0,0,0.142857142,196
2006,"Frank Catalanotto","TOR",8,26,26,9,3,4,1,1,7,4,0,0,0,0,0,0,2,0,0,0.346153846,1241
2006,"Eric Hinske","TOR",4,11,11,5,3,1,0,1,2,2,0,0,0,0,0,0,0,0,0,0.454545454,1305
2006,"Vernon Wells","TOR",9,36,36,11,6,3,0,2,7,7,0,0,0,0,0,0,1,0,0,0.305555555,1326
2006,"Lyle Overbay","TOR",8,24,24,10,6,4,0,0,3,6,0,0,0,0,0,0,1,0,0,0.416666666,1617
2006,"Russ Adams","TOR",6,17,17,4,2,2,0,0,4,2,0,0,0,0,0,0,0,0,0,0.235294117,4519
2006,"Aaron Hill","TOR",9,30,30,10,5,4,0,1,3,5,0,0,0,0,0,0,1,0,0,0.333333333,6104
2006,"John McDonald","TOR",6,11,11,3,1,2,0,0,2,0,0,0,0,0,0,0,2,0,0,0.272727272,395
2006,"Reed Johnson","TOR",6,15,15,4,4,0,0,0,2,0,0,0,0,0,0,0,0,0,0,0.266666666,1702
2006,"Alex Rios","TOR",6,21,19,12,6,4,1,1,4,7,0,0,0,0,2,0,0,0,0,0.631578947,2090
2006,"Gregg Zaun","TOR",5,22,21,6,2,4,0,0,1,3,0,0,0,0,1,0,4,0,0,0.285714285,580
2006,"Russell Branyan","TBD",4,10,10,1,0,1,0,0,0,2,0,0,0,0,0,0,0,0,0,0.1,370
2006,"Travis Lee","TBD",6,16,15,5,3,2,0,0,2,2,0,0,0,0,1,0,0,0,0,0.333333333,958
2006,"Tomas Perez","TBD",5,16,16,2,1,1,0,0,1,1,0,0,0,0,0,0,0,0,0,0.125,965
2006,"Carl Crawford","TBD",8,31,31,12,9,0,1,2,5,4,0,0,0,0,0,0,0,0,0,0.387096774,1201
2006,"Toby Hall","TBD",6,23,23,7,3,4,0,0,3,0,0,0,0,0,0,0,0,0,0,0.304347826,1210
2006,"Ty Wigginton","TBD",9,24,24,8,2,5,0,1,3,5,0,0,0,0,0,0,0,0,0,0.333333333,1491
2006,"Jonny Gomes","TBD",6,14,14,5,2,1,0,2,3,3,0,0,0,0,0,0,0,0,0,0.357142857,1845
2006,"Damon Hollins","TBD",5,14,14,4,2,2,0,0,1,1,0,0,0,0,0,0,0,0,0,0.285714285,1919
2006,"Jorge Cantu","TBD",4,8,8,3,3,0,0,0,1,0,0,0,0,0,0,0,0,0,0,0.375,2521
2006,"Joey Gathright","TBD",6,17,17,7,4,3,0,0,0,3,0,0,0,0,0,0,0,0,0,0.411764705,3913
2006,"Sean Burroughs","TBD",1,3,3,0,0,0,0,0,0,0,0,0,0,0,0,0,0,0,0,0,1021
2006,"Nick Green","TBD",1,1,1,0,0,0,0,0,0,0,0,0,0,0,0,0,0,0,0,0,1502
2006,"Johnny Damon","NYY",7,32,32,13,5,4,1,3,6,10,0,0,0,0,0,0,0,0,0,0.40625,185
2006,"Jason Giambi","NYY",7,21,20,8,4,2,0,2,7,7,0,0,0,0,1,0,1,0,0,0.4,818
2006,"Derek Jeter","NYY",9,32,31,12,10,2,0,0,6,8,0,0,0,0,0,1,1,0,0,0.387096774,826
2006,"Jorge Posada","NYY",7,21,21,6,1,2,1,2,4,7,0,0,0,0,0,0,0,0,0,0.285714285,841
2006,"Alex Rodriguez","NYY",9,27,27,11,6,3,0,2,9,8,0,0,0,0,0,0,2,0,0,0.407407407,1274
2006,"Miguel Cairo","NYY",1,3,3,0,0,0,0,0,0,0,0,0,0,0,0,0,0,0,0,0,1412
2006,"Hideki Matsui","NYY",1,3,3,0,0,0,0,0,0,1,0,0,0,0,0,0,0,0,0,0,1659
2006,"Bubba Crosby","NYY",1,2,2,1,1,0,0,0,0,0,0,0,0,0,0,0,0,0,0,0.5,1722
2006,"Robinson Cano","NYY",9,34,34,12,7,4,0,1,6,11,0,0,0,0,0,0,3,0,0,0.352941176,3269
2006,"Jeff Conine","BAL",5,16,16,5,4,1,0,0,4,1,0,0,0,0,0,0,1,0,0,0.3125,131
2006,"Jay Gibbons","BAL",7,22,22,4,3,1,0,0,2,1,0,0,0,0,0,0,3,0,0,0.181818181,141
2006,"Melvin Mora","BAL",9,36,34,11,8,3,0,0,3,4,0,0,0,0,1,1,1,0,0,0.323529411,157
2006,"Corey Patterson","BAL",6,17,17,5,3,0,0,2,4,3,0,0,0,0,0,0,0,0,0,0.294117647,300
2006,"Kevin Millar","BAL",7,19,19,9,5,2,0,2,6,5,0,0,0,0,0,0,1,0,0,0.47368421,529
2006,"Ramon Hernandez","BAL",7,19,19,6,6,0,0,0,1,0,0,0,0,0,0,0,0,0,0,0.315789473,918
2006,"Miguel Tejada","BAL",8,26,25,8,7,1,0,0,0,1,0,0,0,0,1,0,1,0,0,0.32,941
2006,"Brandon Fahey","BAL",5,13,13,3,2,1,0,0,2,1,0,0,0,0,0,0,0,0,0,0.23076923,4746
2006,"Nick Markakis","BAL",8,29,29,8,4,3,1,0,5,2,0,0,0,0,0,0,3,0,0,0.275862068,5930
2006,"Luis Matos","BAL",2,6,6,0,0,0,0,0,0,0,0,0,0,0,0,0,0,0,0,0,152
2006,"Chris Gomez","BAL",4,12,12,6,3,2,0,1,1,4,0,0,0,0,0,0,1,0,0,0.5,1208
2006,"Terrence Long","NYY",3,11,11,2,2,0,0,0,2,1,0,0,0,0,0,0,0,0,0,0.181818181,927
2006,"Andy Phillips","NYY",2,4,4,1,1,0,0,0,1,0,0,0,0,0,0,0,0,0,0,0.25,2075
2006,"Kevin Reese","NYY",1,1,1,1,1,0,0,0,1,0,0,0,0,0,0,0,0,0,0,1,2977
2006,"Gary Sheffield","NYY",2,5,5,1,1,0,0,0,1,0,0,0,0,0,0,0,0,0,0,0.2,114
2006,"Kelly Stinnett","NYY",1,2,2,0,0,0,0,0,1,0,0,0,0,0,0,0,0,0,0,0,356
2006,"Julio Lugo","TBD",4,14,14,5,3,2,0,0,1,0,0,0,0,0,0,0,1,0,0,0.357142857,565
2006,"Aubrey Huff","TBD",3,9,9,1,1,0,0,0,1,0,0,0,0,0,0,0,0,0,0,0.111111111,1213
2006,"Greg Norton","TBD",5,12,12,8,4,3,0,1,5,5,0,0,0,0,0,0,0,0,0,0.666666666,1388
2006,"Josh Paul","TBD",2,7,7,3,1,2,0,0,1,1,0,0,0,0,0,0,0,0,0,0.428571428,251
2006,"Brian Roberts","BAL",5,18,18,7,4,2,0,1,3,4,0,0,0,0,0,0,1,0,0,0.388888888,166
2006,"Fernando Tatis","BAL",3,2,2,0,0,0,0,0,0,0,0,0,0,0,0,0,0,0,0,0,798
2006,"Chris Widger","BAL",1,1,1,1,1,0,0,0,0,2,0,0,0,0,0,0,0,0,0,1,1541
2006,"Bernie Williams","NYY",7,20,20,8,5,2,0,1,5,3,0,0,0,0,0,0,0,0,0,0.4,857
2006,"Bobby Abreu","NYY",5,13,13,10,6,4,0,0,5,3,0,0,0,0,0,0,0,0,0,0.769230769,945
2006,"Craig Wilson","NYY",4,8,8,1,1,0,0,0,2,0,0,0,0,0,0,0,0,0,0,0.125,1015
2006,"Sal Fasano","NYY",2,4,4,0,0,0,0,0,1,0,0,0,0,0,0,0,0,0,0,0,1205
2006,"Melky Cabrera","NYY",7,24,23,8,6,2,0,0,8,6,0,0,0,0,0,1,1,0,0,0.347826086,4022
2006,"Nick Green","NYY",1,2,2,1,0,1,0,0,0,0,0,0,0,0,0,0,0,0,0,0.5,1502
2006,"Kevin Barker","TOR",2,3,3,2,1,0,0,1,1,1,0,0,0,0,0,0,0,0,0,0.666666666,1019
2006,"John Hattig","TOR",2,3,3,1,1,0,0,0,0,0,0,0,0,0,0,0,0,0,0,0.333333333,2563
2006,"Adam Lind","TOR",1,5,5,1,0,1,0,0,0,0,0,0,0,0,0,0,0,0,0,0.2,8027
2006,"Jason Phillips","TOR",1,1,0,0,0,0,0,0,0,1,0,0,0,0,1,0,0,0,0,0,892
2006,"Kevin Witt","TBD",1,2,2,0,0,0,0,0,0,0,0,0,0,0,0,0,0,0,0,0,362
2006,"Rocco Baldelli","TBD",2,6,6,2,1,0,0,1,2,3,0,0,0,0,0,0,0,0,0,0.333333333,1656
2006,"Delmon Young","TBD",2,4,4,1,1,0,0,0,1,0,0,0,0,0,0,0,0,0,0,0.25,2140
2006,"Shawn Riggans","TBD",2,7,7,1,1,0,0,0,1,1,0,0,0,0,0,0,0,0,0,0.142857142,3393
2006,"B.J. Upton","TBD",2,5,5,3,2,1,0,0,0,0,0,0,0,0,0,0,0,0,0,0.6,5015
2006,"Ben Zobrist","TBD",1,3,3,1,1,0,0,0,0,0,0,0,0,0,0,0,0,0,0,0.333333333,7435
2006,"David Newhan","BAL",3,8,7,2,2,0,0,0,0,1,0,0,0,0,1,0,0,0,0,0.285714285,2009
2006,"Jeff Fiorentino","BAL",1,4,4,1,0,1,0,0,1,0,0,0,0,0,0,0,0,0,0,0.25,8024
2006,"Raul Chavez","BAL",1,1,1,0,0,0,0,0,0,0,0,0,0,0,0,0,0,0,0,0,553
2007,"Johnny Damon","NYY",9,27,27,5,3,2,0,0,2,2,0,0,0,0,0,0,0,0,0,0.185185185,185
2007,"Doug Mientkiewicz","NYY",5,15,14,6,5,1,0,0,1,1,0,0,0,0,0,1,0,0,0,0.428571428,741
2007,"Jason Giambi","NYY",6,11,11,7,5,1,0,1,1,6,0,0,0,0,0,0,0,0,0,0.636363636,818
2007,"Derek Jeter","NYY",9,38,38,12,7,1,0,4,8,7,0,0,0,0,0,0,4,0,0,0.315789473,826
2007,"Jorge Posada","NYY",7,21,21,9,2,6,0,1,4,7,0,0,0,0,0,0,1,0,0,0.428571428,841
2007,"Bobby Abreu","NYY",9,22,22,10,5,5,0,0,6,2,0,0,0,0,0,0,0,0,0,0.454545454,945
2007,"Alex Rodriguez","NYY",9,23,23,10,5,2,0,3,9,8,0,0,0,0,0,0,0,0,0,0.434782608,1274
2007,"Wil Nieves","NYY",4,11,11,0,0,0,0,0,1,0,0,0,0,0,0,0,1,0,0,0,1556
2007,"Robinson Cano","NYY",9,31,31,12,7,1,1,3,5,6,0,0,0,0,0,0,0,0,0,0.387096774,3269
2007,"Melky Cabrera","NYY",9,27,27,8,5,2,0,1,5,4,0,0,0,0,0,0,2,0,0,0.296296296,4022
2007,"Kevin Thompson","NYY",2,2,2,1,0,1,0,0,1,0,0,0,0,0,0,0,0,0,0,0.5,7044
2007,"Josh Phelps","NYY",4,7,7,2,2,0,0,0,0,1,0,0,0,0,0,0,1,0,0,0.285714285,1318
2007,"Miguel Cairo","NYY",1,0,0,0,0,0,0,0,0,0,0,0,0,0,0,0,0,0,0,0,1412
2007,"Royce Clayton","TOR",3,13,12,4,4,0,0,0,1,1,0,0,0,0,0,1,1,0,0,0.333333333,226
2007,"Frank Thomas","TOR",8,29,28,12,8,3,0,1,4,8,0,0,0,0,1,0,0,0,0,0.428571428,255
2007,"John McDonald","TOR",8,26,24,6,4,2,0,0,2,1,0,0,0,0,1,1,0,0,0,0.25,395
2007,"Gregg Zaun","TOR",8,21,21,5,1,4,0,0,2,1,0,0,0,0,0,0,1,0,0,0.238095238,580
2007,"Jason Phillips","TOR",3,9,9,4,3,1,0,0,0,1,0,0,0,0,0,0,0,0,0,0.444444444,892
2007,"Vernon Wells","TOR",9,34,34,13,8,2,1,2,11,5,0,0,0,0,0,0,1,0,0,0.382352941,1326
2007,"Matt Stairs","TOR",6,21,21,8,4,2,0,2,5,7,0,0,0,0,0,0,1,0,0,0.38095238,1384
2007,"Alex Rios","TOR",9,30,30,12,7,4,0,1,4,5,0,0,0,0,0,0,1,0,0,0.4,2090
2007,"Aaron Hill","TOR",9,33,33,14,8,4,0,2,7,6,0,0,0,0,0,0,2,0,0,0.424242424,6104
2007,"Adam Lind","TOR",3,5,4,3,3,0,0,0,4,2,0,0,0,0,1,0,0,0,0,0.75,8027
2007,"Lyle Overbay","TOR",8,25,25,8,6,2,0,0,2,4,0,0,0,0,0,0,2,0,0,0.32,1617
2007,"Jay Gibbons","BAL",6,21,21,6,4,2,0,0,2,2,0,0,0,0,0,0,1,0,0,0.285714285,141
2007,"Melvin Mora","BAL",4,14,14,7,5,2,0,0,3,3,0,0,0,0,0,0,0,0,0,0.5,157
2007,"Brian Roberts","BAL",9,31,31,9,4,4,0,1,5,4,0,0,0,0,0,0,2,0,0,0.29032258,166
2007,"Corey Patterson","BAL",8,31,30,7,7,0,0,0,1,5,0,0,0,0,1,0,1,0,0,0.233333333,300
2007,"Kevin Millar","BAL",8,21,20,7,6,1,0,0,1,3,0,0,0,0,1,0,0,0,0,0.35,529
2007,"Ramon Hernandez","BAL",7,20,20,6,3,2,0,1,3,5,0,0,0,0,0,0,1,0,0,0.3,918
2007,"Miguel Tejada","BAL",9,29,29,9,6,1,0,2,6,4,0,0,0,0,0,0,3,0,0,0.310344827,941
2007,"Aubrey Huff","BAL",8,22,22,10,8,1,1,0,6,2,0,0,0,0,0,0,0,0,0,0.454545454,1213
2007,"Nick Markakis","BAL",9,27,27,10,4,4,0,2,6,4,0,0,0,0,0,0,2,0,0,0.37037037,5930
2007,"Paul Bako","BAL",2,3,3,2,2,0,0,0,1,0,0,0,0,0,0,0,0,0,0,0.666666666,676
2007,"Jay Payton","BAL",8,27,25,7,5,2,0,0,2,3,0,0,0,0,2,0,0,0,0,0.28,890
2007,"Freddie Bynum Jr.","BAL",2,4,4,0,0,0,0,0,0,0,0,0,0,0,0,0,0,0,0,0,2099
2007,"Chris Gomez","BAL",2,2,2,1,0,1,0,0,1,1,0,0,0,0,0,0,1,0,0,0.5,1208
2007,"Hideki Matsui","NYY",5,15,15,5,4,0,1,0,3,1,0,0,0,0,0,0,0,0,0,0.333333333,1659
2007,"Carlos Pena","TBD",9,22,21,8,5,1,0,2,4,11,0,0,0,0,1,0,0,0,0,0.38095238,934
2007,"Carl Crawford","TBD",9,28,28,10,8,2,0,0,3,3,0,0,0,0,0,0,1,0,0,0.357142857,1201
2007,"Greg Norton","TBD",6,11,11,2,1,1,0,0,1,0,0,0,0,0,0,0,1,0,0,0.181818181,1388
2007,"Ty Wigginton","TBD",3,7,7,2,2,0,0,0,1,0,0,0,0,0,0,0,0,0,0,0.285714285,1491
2007,"Jonny Gomes","TBD",7,13,13,7,6,1,0,0,2,1,0,0,0,0,0,0,0,0,0,0.538461538,1845
2007,"Delmon Young","TBD",9,27,27,10,9,1,0,0,1,2,0,0,0,0,0,0,1,0,0,0.37037037,2140
2007,"Brendan Harris","TBD",9,31,30,10,4,4,1,1,4,4,0,0,0,0,0,1,0,0,0,0.333333333,2178
2007,"Dioner Navarro","TBD",7,18,15,5,4,1,0,0,3,4,0,0,0,0,1,2,0,0,0,0.333333333,3179
2007,"Akinori Iwamura","TBD",9,27,27,10,7,3,0,0,6,3,0,0,0,0,0,0,0,0,0,0.37037037,7781
2007,"Raul Casanova","TBD",2,4,4,2,1,0,0,1,2,1,0,0,0,0,0,0,0,0,0,0.5,680
2007,"Dustan Mohr","TBD",2,3,3,0,0,0,0,0,0,0,0,0,0,0,0,0,0,0,0,0,744
2007,"Josh Wilson","TBD",6,16,15,4,3,1,0,0,2,1,0,0,0,0,1,0,0,0,0,0.266666666,2102
2007,"Jorge Cantu","TBD",1,1,1,0,0,0,0,0,1,0,0,0,0,0,0,0,1,0,0,0,2521
2007,"Troy Glaus","TOR",7,22,22,12,8,1,0,3,6,7,0,0,0,0,0,0,0,0,0,0.545454545,15
2007,"Reed Johnson","TOR",4,12,12,3,2,1,0,0,1,1,0,0,0,0,0,0,0,0,0,0.25,1702
2007,"B.J. Upton","TBD",6,14,14,4,2,1,0,1,2,2,0,0,0,0,0,0,0,0,0,0.285714285,5015
2007,"Josh Paul","TBD",1,3,2,0,0,0,0,0,0,0,0,0,0,0,0,1,0,0,0,0,251
2007,"Ben Zobrist","TBD",1,4,4,0,0,0,0,0,0,0,0,0,0,0,0,0,0,0,0,0,7435
2007,"J.R. House","BAL",1,1,1,0,0,0,0,0,0,0,0,0,0,0,0,0,0,0,0,0,992
2007,"Scott Moore","BAL",1,1,1,0,0,0,0,0,0,0,0,0,0,0,0,0,0,0,0,0,4390
2007,"Tike Redman","BAL",1,3,3,0,0,0,0,0,0,0,0,0,0,0,0,0,0,0,0,0,1003
2007,"Ray Olmedo","TOR",1,1,1,0,0,0,0,0,0,0,0,0,0,0,0,0,0,0,0,0,1718
2007,"Russ Adams","TOR",2,1,1,0,0,0,0,0,1,0,0,0,0,0,0,0,0,0,0,0,4519
2007,"Bronson Sardinha","NYY",2,1,1,0,0,0,0,0,1,0,0,0,0,0,0,0,1,0,0,0,3585
2007,"Alberto Gonzalez","NYY",1,1,1,0,0,0,0,0,0,0,0,0,0,0,0,0,0,0,0,0,4906
2007,"Jose Molina","NYY",1,2,1,0,0,0,0,0,0,0,0,0,0,0,0,1,0,0,0,0,25
2008,"Jose Molina","NYY",7,20,19,8,5,3,0,0,4,3,0,0,0,0,1,0,1,0,0,0.421052631,25
2008,"Jason Giambi","NYY",8,17,17,4,2,0,0,2,5,4,0,0,0,0,0,0,1,0,0,0.235294117,818
2008,"Jorge Posada","NYY",3,8,8,3,3,0,0,0,1,0,0,0,0,0,0,0,0,0,0,0.375,841
2008,"Bobby Abreu","NYY",8,24,23,9,6,3,0,0,7,5,0,0,0,0,1,0,0,0,0,0.391304347,945
2008,"Alex Rodriguez","NYY",8,25,25,11,9,2,0,0,2,3,0,0,0,0,0,0,1,0,0,0.44,1274
2008,"Hideki Matsui","NYY",2,6,6,3,1,2,0,0,2,0,0,0,0,0,0,0,0,0,0,0.5,1659
2008,"Robinson Cano","NYY",9,37,36,14,8,5,0,1,4,10,0,0,0,0,1,0,0,0,0,0.388888888,3269
2008,"Melky Cabrera","NYY",9,22,19,9,8,1,0,0,4,3,0,0,0,0,2,1,0,0,0,0.47368421,4022
2008,"Alberto Gonzalez","NYY",3,7,6,3,2,1,0,0,1,1,0,0,0,0,0,1,0,0,0,0.5,4906
2008,"Johnny Damon","NYY",8,23,21,5,4,0,0,1,4,5,0,0,0,0,1,1,1,0,0,0.238095238,185
2008,"David Eckstein","TOR",3,9,9,1,0,1,0,0,0,0,0,0,0,0,0,0,1,0,0,0.111111111,10
2008,"Gregg Zaun","TOR",4,9,9,1,0,1,0,0,1,0,0,0,0,0,0,0,0,0,0,0.111111111,580
2008,"Scott Rolen","TOR",7,22,22,8,4,4,0,0,4,2,0,0,0,0,0,0,3,0,0,0.363636363,970
2008,"Shannon Stewart","TOR",2,6,6,1,1,0,0,0,0,0,0,0,0,0,0,0,1,0,0,0.166666666,1322
2008,"Vernon Wells","TOR",9,29,28,6,2,4,0,0,2,4,0,0,0,0,1,0,0,0,0,0.214285714,1326
2008,"Lyle Overbay","TOR",9,25,25,12,10,2,0,0,4,2,0,0,0,0,0,0,0,0,0,0.48,1617
2008,"Alex Rios","TOR",9,35,34,12,4,5,1,2,7,7,0,0,0,0,1,0,2,0,0,0.352941176,2090
2008,"Aaron Hill","TOR",3,6,6,1,0,1,0,0,0,0,0,0,0,0,0,0,0,0,0,0.166666666,6104
2008,"Adam Lind","TOR",7,21,21,9,5,2,0,2,5,7,0,0,0,0,0,0,1,0,0,0.428571428,8027
2008,"Matt Stairs","TOR",2,7,7,3,3,0,0,0,0,0,0,0,0,0,0,0,0,0,0,0.428571428,1384
2008,"Rod Barajas","TOR",5,13,13,2,2,0,0,0,4,0,0,0,0,0,0,0,0,0,0,0.153846153,45
2008,"Marco Scutaro","TOR",7,25,24,7,6,1,0,0,3,1,0,0,0,0,1,0,0,0,0,0.291666666,1555
2008,"Carlos Pena","TBR",7,19,19,10,4,3,0,3,3,7,0,0,0,0,0,0,0,0,0,0.526315789,934
2008,"Carl Crawford","TBR",6,15,15,4,3,1,0,0,0,2,0,0,0,0,0,0,0,0,0,0.266666666,1201
2008,"Eric Hinske","TBR",8,18,18,5,3,2,0,0,1,1,0,0,0,0,0,0,1,0,0,0.277777777,1305
2008,"Jonny Gomes","TBR",4,5,5,1,1,0,0,0,0,1,0,0,0,0,0,0,0,0,0,0.2,1845
2008,"Gabe Gross","TBR",7,18,18,5,3,1,0,1,2,2,0,0,0,0,0,0,0,0,0,0.277777777,2184
2008,"Dioner Navarro","TBR",9,28,28,7,6,1,0,0,1,1,0,0,0,0,0,0,0,0,0,0.25,3179
2008,"Justin Ruggiano","TBR",2,5,5,2,2,0,0,0,1,0,0,0,0,0,0,0,0,0,0,0.4,7620
2008,"Akinori Iwamura","TBR",9,38,37,14,9,2,1,2,4,4,0,0,0,0,1,0,0,0,0,0.378378378,7781
2008,"Jason Bartlett","TBR",9,30,30,9,6,3,0,0,2,1,0,0,0,0,0,0,0,0,0,0.3,8219
2008,"Evan Longoria","TBR",6,16,16,5,4,1,0,0,1,1,0,0,0,0,0,0,0,0,0,0.3125,9368
2008,"Nathan Haynes","TBR",1,3,3,0,0,0,0,0,0,0,0,0,0,0,0,0,0,0,0,0,17
2008,"Andy Cannizaro","TBR",1,1,1,0,0,0,0,0,0,0,0,0,0,0,0,0,0,0,0,0,7068
2008,"Shawn Riggans","TBR",1,2,2,0,0,0,0,0,0,0,0,0,0,0,0,0,0,0,0,0,3393
2008,"B.J. Upton","TBR",5,12,12,2,1,1,0,0,2,0,0,0,0,0,0,0,0,0,0,0.166666666,5015
2008,"Cliff Floyd","TBR",4,6,6,2,2,0,0,0,1,0,0,0,0,0,0,0,0,0,0,0.333333333,518
2008,"Willy Aybar","TBR",5,17,16,7,4,2,1,0,1,2,0,0,0,0,1,0,1,0,0,0.4375,2192
2008,"Melvin Mora","BAL",6,18,17,2,1,1,0,0,3,2,0,0,0,0,1,0,1,0,0,0.117647058,157
2008,"Brian Roberts","BAL",9,27,26,8,3,4,1,0,6,3,0,0,0,0,0,1,0,0,0,0.307692307,166
2008,"Kevin Millar","BAL",7,20,18,6,3,2,0,1,3,4,0,0,0,0,2,0,2,0,0,0.333333333,529
2008,"Jay Payton","BAL",6,14,14,4,4,0,0,0,1,1,0,0,0,0,0,0,0,0,0,0.285714285,890
2008,"Ramon Hernandez","BAL",7,22,22,6,4,1,0,1,2,3,0,0,0,0,0,0,0,0,0,0.272727272,918
2008,"Aubrey Huff","BAL",9,31,30,14,10,4,0,0,4,5,0,0,0,0,1,0,0,0,0,0.466666666,1213
2008,"Freddie Bynum Jr.","BAL",2,3,3,1,0,1,0,0,1,2,0,0,0,0,0,0,0,0,0,0.333333333,2099
2008,"Luke Scott","BAL",8,18,18,5,2,2,0,1,3,2,0,0,0,0,0,0,1,0,0,0.277777777,3469
2008,"Nick Markakis","BAL",9,20,20,7,4,3,0,0,3,1,0,0,0,0,0,0,0,0,0,0.35,5930
2008,"Adam Jones","BAL",9,26,25,7,4,2,0,1,2,2,0,0,0,0,1,0,1,0,0,0.28,6368
2008,"Oscar Salazar","BAL",5,9,9,2,1,1,0,0,2,1,0,0,0,0,0,0,0,0,0,0.222222222,495
2008,"Alex Cintron","BAL",3,7,7,1,0,1,0,0,0,1,0,0,0,0,0,0,0,0,0,0.142857142,50
2008,"Brandon Fahey","BAL",2,7,7,2,2,0,0,0,1,2,0,0,0,0,0,0,0,0,0,0.285714285,4746
2008,"Guillermo Quiroz","BAL",3,3,3,1,1,0,0,0,0,1,0,0,0,0,0,0,0,0,0,0.333333333,7989
2008,"Derek Jeter","NYY",4,13,13,4,3,1,0,0,1,2,0,0,0,0,0,0,1,0,0,0.307692307,826
2008,"Brett Gardner","NYY",4,15,15,4,4,0,0,0,1,4,0,0,0,0,0,0,0,0,0,0.266666666,9927
2008,"Xavier Nady","NYY",5,18,18,5,3,1,0,1,6,4,0,0,0,0,0,0,1,0,0,0.277777777,1658
2008,"Justin Christian","NYY",1,1,1,0,0,0,0,0,0,0,0,0,0,0,0,0,0,0,0,0,8297
2008,"Chad Moeller","NYY",2,6,5,2,1,1,0,0,1,1,0,0,0,0,1,0,1,0,0,0.4,66
2008,"Richie Sexson","NYY",1,2,2,1,1,0,0,0,0,0,0,0,0,0,0,0,0,0,0,0.5,709
2008,"John McDonald","TOR",4,13,13,3,1,2,0,0,1,3,0,0,0,0,0,0,1,0,0,0.23076923,395
2008,"Brad Wilkerson","TOR",3,11,11,1,0,0,1,0,0,1,0,0,0,0,0,0,0,0,0,0.09090909,804
2008,"Juan Castro","BAL",2,5,5,2,1,0,0,1,2,1,0,0,0,0,0,0,0,0,0,0.4,315
2008,"Luis Montanez","BAL",2,5,5,2,2,0,0,0,1,1,0,0,0,0,0,0,0,0,0,0.4,2923
2008,"Ben Zobrist","TBR",3,5,5,2,1,1,0,0,1,0,0,0,0,0,0,0,0,0,0,0.4,7435
2008,"Fernando Perez","TBR",3,6,6,1,0,1,0,0,1,0,0,0,0,0,0,0,2,0,0,0.166666666,7755
2008,"Dan Johnson","TBR",2,2,2,1,0,0,0,1,1,1,0,0,0,0,0,0,0,0,0,0.5,2167
2008,"Rocco Baldelli","TBR",1,3,3,1,1,0,0,0,1,0,0,0,0,0,0,0,0,0,0,0.333333333,1656
2008,"Kevin Mench","TOR",2,4,4,1,0,1,0,0,0,0,0,0,0,0,0,0,0,0,0,0.25,1261
2008,"Travis Snider","TOR",2,5,5,2,0,1,0,1,3,5,0,0,0,0,0,0,0,0,0,0.4,2830
2008,"Joe Inglett","TOR",4,18,18,7,6,1,0,0,3,4,0,0,0,0,0,0,0,0,0,0.388888888,7254
2008,"Jose Bautista","TOR",1,3,3,1,0,0,0,1,1,1,0,0,0,0,0,0,0,0,0,0.333333333,1887
2008,"Cody Ransom","NYY",3,8,8,5,2,1,0,2,4,2,0,0,0,0,0,0,0,0,0,0.625,1126
2008,"Wilson Betemit","NYY",2,8,8,3,1,2,0,0,2,1,0,0,0,0,0,0,0,0,0,0.375,1861
2008,"Juan Miranda","NYY",2,3,2,2,2,0,0,0,1,1,0,0,0,0,1,0,0,0,0,1,7783
2008,"Ivan Rodriguez","NYY",1,3,3,0,0,0,0,0,0,0,0,0,0,0,0,0,1,0,0,0,1275
2009,"Pat Burrell","TBR",8,22,22,5,5,0,0,0,1,4,0,0,0,0,0,0,0,0,0,0.227272727,949
2009,"Carl Crawford","TBR",9,33,32,13,8,4,1,0,6,4,0,0,0,0,1,0,0,0,0,0.40625,1201
2009,"Gabe Gross","TBR",4,8,7,2,2,0,0,0,2,0,0,0,0,0,0,1,1,0,0,0.285714285,2184
2009,"Dioner Navarro","TBR",6,16,15,3,3,0,0,0,1,0,0,0,0,0,0,1,0,0,0,0.2,3179
2009,"Matt Joyce","TBR",2,5,5,1,0,0,0,1,1,1,0,0,0,0,0,0,0,0,0,0.2,3353
2009,"Akinori Iwamura","TBR",8,21,20,9,6,3,0,0,6,2,0,0,0,0,1,0,0,0,0,0.45,7781
2009,"Jason Bartlett","TBR",9,25,24,11,8,3,0,0,3,5,0,0,0,0,1,0,0,0,0,0.458333333,8219
2009,"Evan Longoria","TBR",9,30,28,10,2,5,0,3,5,11,0,0,0,0,2,0,2,0,0,0.357142857,9368
2009,"Carlos Pena","TBR",4,10,10,3,1,1,0,1,2,4,0,0,0,0,0,0,1,0,0,0.3,934
2009,"Gabe Kapler","TBR",4,7,7,3,2,1,0,0,1,0,0,0,0,0,0,0,1,0,0,0.428571428,1256
2009,"Ben Zobrist","TBR",7,14,14,3,3,0,0,0,0,2,0,0,0,0,0,0,0,0,0,0.214285714,7435
2009,"Willy Aybar","TBR",5,7,7,4,1,3,0,0,1,0,0,0,0,0,0,0,0,0,0,0.571428571,2192
2009,"Shawn Riggans","TBR",1,4,4,1,0,0,0,1,1,1,0,0,0,0,0,0,0,0,0,0.25,3393
2009,"Brian Roberts","BAL",9,26,26,10,5,5,0,0,5,1,0,0,0,0,0,0,0,0,0,0.384615384,166
2009,"Gregg Zaun","BAL",4,11,11,1,0,1,0,0,0,0,0,0,0,0,0,0,0,0,0,0.09090909,580
2009,"Cesar Izturis","BAL",7,22,22,4,4,0,0,0,0,2,0,0,0,0,0,0,2,0,0,0.181818181,656
2009,"Ryan Freel","BAL",3,5,5,1,1,0,0,0,1,0,0,0,0,0,0,0,0,0,0,0.2,1207
2009,"Aubrey Huff","BAL",6,16,16,3,2,1,0,0,0,2,0,0,0,0,0,0,0,0,0,0.1875,1213
2009,"Ty Wigginton","BAL",9,30,30,9,9,0,0,0,2,2,0,0,0,0,0,0,2,0,0,0.3,1491
2009,"Luke Scott","BAL",7,20,19,5,4,1,0,0,1,1,0,0,0,0,1,0,0,0,0,0.263157894,3469
2009,"Nick Markakis","BAL",9,28,27,14,9,3,0,2,5,8,0,0,0,0,1,0,0,0,0,0.518518518,5930
2009,"Adam Jones","BAL",6,15,15,3,3,0,0,0,3,0,0,0,0,0,0,0,0,0,0,0.2,6368
2009,"Felix Pie","BAL",6,18,17,3,2,1,0,0,1,2,0,0,0,0,0,1,0,0,0,0.176470588,3751
2009,"Chad Moeller","BAL",1,2,2,0,0,0,0,0,0,0,0,0,0,0,0,0,0,0,0,0,66
2009,"Robert Andino","BAL",4,8,8,3,3,0,0,0,1,0,0,0,0,0,0,0,0,0,0,0.375,4900
2009,"Jose Molina","NYY",3,7,7,4,4,0,0,0,1,0,0,0,0,0,0,0,0,0,0,0.571428571,25
2009,"Johnny Damon","NYY",7,24,24,7,5,0,0,2,7,3,0,0,0,0,0,0,1,0,0,0.291666666,185
2009,"Derek Jeter","NYY",9,38,38,12,9,2,0,1,8,4,0,0,0,0,0,0,0,0,0,0.315789473,826
2009,"Jorge Posada","NYY",6,16,16,7,5,1,0,1,3,4,0,0,0,0,0,0,0,0,0,0.4375,841
2009,"Cody Ransom","NYY",1,2,2,1,0,1,0,0,0,1,0,0,0,0,0,0,1,0,0,0.5,1126
2009,"Mark Teixeira","NYY",9,29,29,12,8,3,0,1,8,6,0,0,0,0,0,0,0,0,0,0.413793103,1281
2009,"Robinson Cano","NYY",9,37,36,13,7,3,0,3,5,9,0,0,0,0,1,0,2,0,0,0.361111111,3269
2009,"Melky Cabrera","NYY",9,30,29,10,9,1,0,0,4,3,0,0,0,0,0,1,2,0,0,0.344827586,4022
2009,"Nick Swisher","NYY",9,25,25,10,4,5,0,1,2,3,0,0,0,0,0,0,0,0,0,0.4,4599
2009,"Ramiro Pena","NYY",1,1,0,0,0,0,0,0,0,0,0,0,0,0,0,1,0,0,0,0,8841
2009,"Brett Gardner","NYY",4,11,10,2,2,0,0,0,1,1,0,0,0,0,1,0,0,0,0,0.2,9927
2009,"Angel Berroa","NYY",2,7,6,1,1,0,0,0,1,0,0,0,0,0,0,1,0,0,0,0.166666666,591
2009,"Hideki Matsui","NYY",7,26,26,12,6,2,0,4,6,9,0,0,0,0,0,0,0,0,0,0.461538461,1659
2009,"Michel Hernandez","TBR",1,4,4,1,1,0,0,0,0,0,0,0,0,0,0,0,0,0,0,0.25,1835
2009,"B.J. Upton","TBR",4,13,13,3,2,1,0,0,4,0,0,0,0,0,0,0,0,0,0,0.23076923,5015
2009,"Rod Barajas","TOR",8,25,25,6,4,0,0,2,4,6,0,0,0,0,0,0,0,0,0,0.24,45
2009,"Kevin Millar","TOR",7,20,20,8,5,1,0,2,3,2,0,0,0,0,0,0,0,0,0,0.4,529
2009,"Scott Rolen","TOR",3,9,9,2,1,1,0,0,0,0,0,0,0,0,0,0,0,0,0,0.222222222,970
2009,"Vernon Wells","TOR",9,33,33,11,7,4,0,0,3,0,0,0,0,0,0,0,0,0,0,0.333333333,1326
2009,"Marco Scutaro","TOR",5,18,18,5,5,0,0,0,1,0,0,0,0,0,0,0,1,0,0,0.277777777,1555
2009,"Lyle Overbay","TOR",8,25,25,10,5,3,1,1,5,7,0,0,0,0,0,0,0,0,0,0.4,1617
2009,"Alex Rios","TOR",3,12,12,5,4,1,0,0,0,0,0,0,0,0,0,0,0,0,0,0.416666666,2090
2009,"Aaron Hill","TOR",9,38,38,14,10,1,0,3,4,8,0,0,0,0,0,0,0,0,0,0.368421052,6104
2009,"Adam Lind","TOR",8,25,25,9,3,3,0,3,5,5,0,0,0,0,0,0,0,0,0,0.36,8027
2009,"Travis Snider","TOR",7,12,12,4,3,0,1,0,3,1,0,0,0,0,0,0,1,0,0,0.333333333,2830
2009,"Jose Bautista","TOR",7,21,20,6,3,0,0,3,6,7,0,0,0,0,1,0,1,0,0,0.3,1887
2009,"Alex Rodriguez","NYY",6,17,17,7,4,1,1,1,3,6,0,0,0,0,0,0,0,0,0,0.411764705,1274
2009,"Francisco Cervelli","NYY",1,3,3,1,0,1,0,0,1,1,0,0,0,0,0,0,0,0,0,0.333333333,5275
2009,"Melvin Mora","BAL",5,14,13,2,1,1,0,0,0,1,0,0,0,0,1,0,0,0,0,0.153846153,157
2009,"Nolan Reimold","BAL",5,16,15,8,5,3,0,0,3,2,0,0,0,0,1,0,0,0,0,0.533333333,3441
2009,"Matt Wieters","BAL",4,12,12,7,6,1,0,0,1,1,0,0,0,0,0,0,0,0,0,0.583333333,4298
2009,"Jerry Hairston Jr.","NYY",2,1,1,1,1,0,0,0,1,0,0,0,0,0,0,0,0,0,0,1,144
2009,"Eric Hinske","NYY",2,7,7,3,1,2,0,0,2,1,0,0,0,0,0,0,0,0,0,0.428571428,1305
2009,"John McDonald","TOR",6,18,16,6,4,2,0,0,2,3,0,0,0,0,1,1,0,0,0,0.375,395
2009,"Raul Chavez","TOR",1,2,2,0,0,0,0,0,0,0,0,0,0,0,0,0,0,0,0,0,553
2009,"Justin Turner","BAL",1,1,1,0,0,0,0,0,0,0,0,0,0,0,0,0,0,0,0,0,5235
2009,"Jeff Fiorentino","BAL",1,2,2,1,1,0,0,0,0,0,0,0,0,0,0,0,0,0,0,0.5,8024
2009,"Chris Richard","TBR",1,2,2,0,0,0,0,0,0,0,0,0,0,0,0,0,0,0,0,0,163
2009,"Gregg Zaun","TBR",1,2,2,1,1,0,0,0,1,0,0,0,0,0,0,0,0,0,0,0.5,580
2009,"Fernando Perez","TBR",1,1,1,0,0,0,0,0,0,0,0,0,0,0,0,0,0,0,0,0,7755
2009,"Edwin Encarnacion","TOR",1,3,3,2,2,0,0,0,3,1,0,0,0,0,0,0,0,0,0,0.666666666,2151
2009,"Randy Ruiz","TOR",1,5,5,4,1,1,0,2,4,2,0,0,0,0,0,0,0,0,0,0.8,2761
2010,"Derek Jeter","NYY",8,28,28,10,9,1,0,0,5,2,0,0,0,0,0,0,2,0,0,0.357142857,826
2010,"Nick Johnson","NYY",4,7,7,0,0,0,0,0,0,0,0,0,0,0,0,0,0,0,0,0,828
2010,"Jorge Posada","NYY",7,17,17,5,2,2,0,1,2,2,0,0,0,0,0,0,1,0,0,0.294117647,841
2010,"Randy Winn","NYY",3,6,6,2,2,0,0,0,2,1,0,0,0,0,0,0,0,0,0,0.333333333,1235
2010,"Alex Rodriguez","NYY",9,34,33,10,6,3,0,1,7,6,0,0,0,0,1,0,2,0,0,0.303030303,1274
2010,"Mark Teixeira","NYY",9,29,29,7,3,1,0,3,8,9,0,0,0,0,0,0,1,0,0,0.24137931,1281
2010,"Robinson Cano","NYY",8,30,29,15,10,3,0,2,7,7,0,0,0,0,1,0,2,0,0,0.517241379,3269
2010,"Nick Swisher","NYY",9,23,23,11,5,3,0,3,6,10,0,0,0,0,0,0,2,0,0,0.478260869,4599
2010,"Curtis Granderson","NYY",5,14,13,5,2,0,1,2,5,4,0,0,0,0,1,0,0,0,0,0.384615384,4747
2010,"Brett Gardner","NYY",9,28,27,10,9,1,0,0,4,2,0,0,0,0,0,1,0,0,0,0.37037037,9927
2010,"Marcus Thames","NYY",5,10,9,2,2,0,0,0,0,2,0,0,0,0,1,0,0,0,0,0.222222222,1523
2010,"Carlos Pena","TBR",8,27,27,5,3,1,0,1,5,3,0,0,0,0,0,0,0,0,0,0.185185185,934
2010,"Pat Burrell","TBR",3,8,8,5,2,2,0,1,1,5,0,0,0,0,0,0,0,0,0,0.625,949
2010,"Carl Crawford","TBR",9,32,29,12,8,4,0,0,5,4,0,0,0,0,1,2,0,0,0,0.413793103,1201
2010,"Dioner Navarro","TBR",4,7,7,0,0,0,0,0,0,0,0,0,0,0,0,0,1,0,0,0,3179
2010,"B.J. Upton","TBR",8,21,20,7,2,0,1,4,9,9,0,0,0,0,0,1,0,0,0,0.35,5015
2010,"Ben Zobrist","TBR",8,24,24,7,6,0,0,1,3,10,0,0,0,0,0,0,0,0,0,0.291666666,7435
2010,"Jason Bartlett","TBR",9,32,32,7,2,2,1,2,8,7,0,0,0,0,0,0,0,0,0,0.21875,8219
2010,"Reid Brignac","TBR",5,14,14,3,1,2,0,0,1,0,0,0,0,0,0,0,1,0,0,0.214285714,8380
2010,"Evan Longoria","TBR",9,27,26,8,4,2,0,2,7,8,0,0,0,0,1,0,1,0,0,0.307692307,9368
2010,"John Jaso","TBR",5,16,16,6,3,3,0,0,6,1,0,0,0,0,0,0,0,0,0,0.375,5887
2010,"Gabe Kapler","TBR",1,2,2,1,1,0,0,0,1,1,0,0,0,0,0,0,0,0,0,0.5,1256
2010,"Willy Aybar","TBR",4,5,5,3,1,1,0,1,2,2,0,0,0,0,0,0,0,0,0,0.6,2192
2010,"Julio Lugo","BAL",5,7,7,2,1,0,1,0,3,1,0,0,0,0,0,0,0,0,0,0.285714285,565
2010,"Cesar Izturis","BAL",9,26,26,10,9,1,0,0,1,0,0,0,0,0,0,0,1,0,0,0.384615384,656
2010,"Miguel Tejada","BAL",6,24,24,8,6,1,0,1,3,2,0,0,0,0,0,0,0,0,0,0.333333333,941
2010,"Ty Wigginton","BAL",9,27,26,10,7,1,0,2,3,7,0,0,0,0,1,0,0,0,0,0.384615384,1491
2010,"Garrett Atkins","BAL",2,4,4,0,0,0,0,0,0,0,0,0,0,0,0,0,1,0,0,0,1790
2010,"Luis Montanez","BAL",3,9,9,1,1,0,0,0,1,0,0,0,0,0,0,0,1,0,0,0.111111111,2923
2010,"Nolan Reimold","BAL",2,3,3,2,1,1,0,0,1,0,0,0,0,0,0,0,0,0,0,0.666666666,3441
2010,"Luke Scott","BAL",6,19,18,9,6,3,0,0,3,5,0,0,0,0,1,0,0,0,0,0.5,3469
2010,"Matt Wieters","BAL",8,23,23,7,4,3,0,0,3,3,0,0,0,0,0,0,0,0,0,0.304347826,4298
2010,"Nick Markakis","BAL",9,30,30,15,8,6,0,1,8,3,0,0,0,0,0,0,1,0,0,0.5,5930
2010,"Adam Jones","BAL",9,29,27,9,6,1,0,2,5,4,0,0,0,0,1,1,1,0,0,0.333333333,6368
2010,"Rhyne Hughes","BAL",2,7,7,4,3,1,0,0,1,2,0,0,0,0,0,0,0,0,0,0.571428571,9955
2010,"Craig Tatum","BAL",2,4,4,1,1,0,0,0,0,1,0,0,0,0,0,0,0,0,0,0.25,7468
2010,"Francisco Cervelli","NYY",4,14,13,7,6,1,0,0,2,7,0,0,0,0,1,0,0,0,0,0.538461538,5275
2010,"Ramiro Pena","NYY",5,12,11,4,3,1,0,0,3,0,0,0,0,0,0,1,0,0,0,0.363636363,8841
2010,"Kevin Russo","NYY",1,1,1,0,0,0,0,0,0,0,0,0,0,0,0,0,0,0,0,0,3630
2010,"Alex Gonzalez","TOR",3,10,10,2,1,1,0,0,2,0,0,0,0,0,0,0,0,0,0,0.2,520
2010,"Vernon Wells","TOR",9,30,30,5,4,1,0,0,3,0,0,0,0,0,0,0,3,0,0,0.166666666,1326
2010,"Lyle Overbay","TOR",9,28,28,11,5,3,0,3,9,11,0,0,0,0,0,0,0,0,0,0.392857142,1617
2010,"Jose Bautista","TOR",9,30,29,9,5,0,0,4,8,7,0,0,0,0,1,0,1,0,0,0.310344827,1887
2010,"John Buck","TOR",6,21,20,11,8,3,0,0,6,6,0,0,0,0,1,0,0,0,0,0.55,2041
2010,"Travis Snider","TOR",6,17,17,8,6,1,0,1,1,4,0,0,0,0,0,0,1,0,0,0.470588235,2830
2010,"Fred Lewis","TOR",8,24,24,11,9,2,0,0,3,2,0,0,0,0,0,0,0,0,0,0.458333333,4693
2010,"Aaron Hill","TOR",5,11,11,0,0,0,0,0,3,0,0,0,0,0,0,0,0,0,0,0,6104
2010,"Adam Lind","TOR",5,16,16,5,1,4,0,0,1,3,0,0,0,0,0,0,0,0,0,0.3125,8027
2010,"Jose Molina","TOR",3,9,8,3,3,0,0,0,0,1,0,0,0,0,0,1,0,0,0,0.375,25
2010,"John McDonald","TOR",7,21,20,8,5,2,0,1,3,6,0,0,0,0,1,0,0,0,0,0.4,395
2010,"Randy Ruiz","TOR",1,4,4,1,0,1,0,0,0,0,0,0,0,0,0,0,0,0,0,0.25,2761
2010,"Matt Joyce","TBR",5,14,14,5,3,2,0,0,3,0,0,0,0,0,0,0,1,0,0,0.357142857,3353
2010,"Sean Rodriguez","TBR",4,12,12,5,5,0,0,0,1,3,0,0,0,0,0,0,0,0,0,0.416666666,6589
2010,"Kelly Shoppach","TBR",3,4,3,2,1,1,0,0,1,2,0,0,0,0,0,1,0,0,0,0.666666666,3867
2010,"Corey Patterson","BAL",3,10,10,4,4,0,0,0,0,2,0,0,0,0,0,0,0,0,0,0.4,300
2010,"Josh Bell","BAL",2,5,5,2,2,0,0,0,1,0,0,0,0,0,0,0,0,0,0,0.4,2510
2010,"Jake Fox","BAL",2,4,4,1,0,0,0,1,1,2,0,0,0,0,0,0,0,0,0,0.25,6267
2010,"Scott Moore","BAL",1,3,3,1,1,0,0,0,0,1,0,0,0,0,0,0,0,0,0,0.333333333,4390
2010,"Yunel Escobar","TOR",6,23,23,7,6,1,0,0,3,3,0,0,0,0,0,0,2,0,0,0.304347826,4191
2010,"Rocco Baldelli","TBR",2,4,4,0,0,0,0,0,0,0,0,0,0,0,0,0,0,0,0,0,1656
2010,"Brad Hawpe","TBR",3,5,5,1,1,0,0,0,2,0,0,0,0,0,0,0,1,0,0,0.2,1885
2010,"Desmond Jennings","TBR",1,1,1,0,0,0,0,0,0,0,0,0,0,0,0,0,0,0,0,0,1965
2010,"Dan Johnson","TBR",2,5,5,3,2,0,0,1,2,1,0,0,0,0,0,0,0,0,0,0.6,2167
2010,"Edwin Encarnacion","TOR",2,7,7,1,1,0,0,0,1,0,0,0,0,0,0,0,1,0,0,0.142857142,2151
2010,"J.P. Arencibia","TOR",1,1,1,0,0,0,0,0,0,0,0,0,0,0,0,0,0,0,0,0,697
2010,"Mike McCoy","TOR",1,2,2,1,1,0,0,0,0,0,0,0,0,0,0,0,0,0,0,0.5,4583
2010,"Brian Roberts","BAL",3,8,8,3,3,0,0,0,3,0,0,0,0,0,0,0,0,0,0,0.375,166
2010,"Felix Pie","BAL",3,12,12,2,1,0,1,0,0,1,0,0,0,0,0,0,0,0,0,0.166666666,3751
2010,"Robert Andino","BAL",2,5,4,1,1,0,0,0,0,1,0,0,0,0,1,0,0,0,0,0.25,4900
2010,"Austin Kearns","NYY",1,1,1,0,0,0,0,0,0,0,0,0,0,0,0,0,0,0,0,0,332
2010,"Lance Berkman","NYY",1,1,1,0,0,0,0,0,0,0,0,0,0,0,0,0,0,0,0,0,548
2010,"Eduardo Nunez","NYY",1,3,3,0,0,0,0,0,1,0,0,0,0,0,0,0,0,0,0,0,6848
2010,"Juan Miranda","NYY",1,1,1,0,0,0,0,0,0,0,0,0,0,0,0,0,0,0,0,0,7783
2011,"Derek Jeter","NYY",9,31,30,8,8,0,0,0,1,3,0,0,0,0,0,1,2,0,0,0.266666666,826
2011,"Jorge Posada","NYY",4,11,11,0,0,0,0,0,0,0,0,0,0,0,0,0,2,0,0,0,841
2011,"Alex Rodriguez","NYY",2,6,6,3,2,0,0,1,4,1,0,0,0,0,0,0,0,0,0,0.5,1274
2011,"Mark Teixeira","NYY",8,21,21,3,2,0,0,1,3,1,0,0,0,0,0,0,0,0,0,0.142857142,1281
2011,"Robinson Cano","NYY",9,30,30,12,4,7,0,1,5,6,0,0,0,0,0,0,1,0,0,0.4,3269
2011,"Nick Swisher","NYY",9,24,23,8,7,1,0,0,1,3,0,0,0,0,0,1,1,0,0,0.347826086,4599
2011,"Russell Martin","NYY",6,20,20,7,4,1,0,2,3,6,0,0,0,0,0,0,0,0,0,0.35,4616
2011,"Curtis Granderson","NYY",9,17,17,6,4,1,0,1,7,3,0,0,0,0,0,0,1,0,0,0.352941176,4747
2011,"Brett Gardner","NYY",8,23,23,8,5,1,1,1,3,2,0,0,0,0,0,0,1,0,0,0.347826086,9927
2011,"Eric Chavez","NYY",7,19,19,10,7,3,0,0,2,6,0,0,0,0,0,0,0,0,0,0.526315789,906
2011,"Johnny Damon","TBR",8,26,26,13,9,3,0,1,5,6,0,0,0,0,0,0,0,0,0,0.5,185
2011,"Felipe Lopez","TBR",2,5,5,2,2,0,0,0,1,0,0,0,0,0,0,0,0,0,0,0.4,1311
2011,"Casey Kotchman","TBR",8,21,21,6,5,0,0,1,3,5,0,0,0,0,0,0,2,0,0,0.285714285,1930
2011,"Dan Johnson","TBR",2,7,7,2,2,0,0,0,1,0,0,0,0,0,0,0,0,0,0,0.285714285,2167
2011,"Matt Joyce","TBR",6,19,19,4,3,1,0,0,3,4,0,0,0,0,0,0,0,0,0,0.210526315,3353
2011,"B.J. Upton","TBR",9,26,25,11,8,1,0,2,8,5,0,0,0,0,0,1,1,0,0,0.44,5015
2011,"John Jaso","TBR",2,7,7,3,0,3,0,0,2,3,0,0,0,0,0,0,1,0,0,0.428571428,5887
2011,"Ben Zobrist","TBR",9,28,28,11,5,5,0,1,6,6,0,0,0,0,0,0,0,0,0,0.392857142,7435
2011,"Sam Fuld","TBR",3,13,13,5,1,2,1,1,2,4,0,0,0,0,0,0,0,0,0,0.384615384,8254
2011,"Reid Brignac","TBR",5,15,15,2,2,0,0,0,2,3,0,0,0,0,0,0,0,0,0,0.133333333,8380
2011,"Kelly Shoppach","TBR",4,8,7,1,1,0,0,0,2,0,0,0,0,0,0,1,0,0,0,0.142857142,3867
2011,"Elliot Johnson","TBR",3,5,5,1,1,0,0,0,1,0,0,0,0,0,0,0,1,0,0,0.2,4751
2011,"Sean Rodriguez","TBR",5,8,7,0,0,0,0,0,0,1,0,0,0,0,1,0,1,0,0,0,6589
2011,"Corey Patterson","TOR",5,15,15,3,1,1,1,0,1,2,0,0,0,0,0,0,0,0,0,0.2,300
2011,"J.P. Arencibia","TOR",6,16,16,4,3,0,0,1,1,4,0,0,0,0,0,0,1,0,0,0.25,697
2011,"Juan Rivera","TOR",2,6,6,0,0,0,0,0,1,0,0,0,0,0,0,0,0,0,0,0,843
2011,"Jose Bautista","TOR",9,28,27,10,7,1,0,2,4,7,0,0,0,0,1,0,0,0,0,0.37037037,1887
2011,"Travis Snider","TOR",7,22,22,7,2,5,0,0,1,4,0,0,0,0,0,0,1,0,0,0.318181818,2830
2011,"Jayson Nix","TOR",3,5,5,1,1,0,0,0,2,0,0,0,0,0,0,0,0,0,0,0.2,3790
2011,"Yunel Escobar","TOR",5,17,17,6,4,1,0,1,4,2,0,0,0,0,0,0,1,0,0,0.352941176,4191
2011,"Aaron Hill","TOR",7,19,19,9,7,1,0,1,3,3,0,0,0,0,0,0,0,0,0,0.47368421,6104
2011,"Adam Lind","TOR",8,23,23,5,5,0,0,0,4,3,0,0,0,0,0,0,0,0,0,0.217391304,8027
2011,"Jose Molina","TOR",2,4,3,1,1,0,0,0,0,0,0,0,0,0,0,1,0,0,0,0.333333333,25
2011,"John McDonald","TOR",3,10,10,5,5,0,0,0,1,1,0,0,0,0,0,0,0,0,0,0.5,395
2011,"Edwin Encarnacion","TOR",6,17,17,4,4,0,0,0,1,1,0,0,0,0,0,0,0,0,0,0.235294117,2151
2011,"Brian Roberts","BAL",1,4,4,1,1,0,0,0,1,0,0,0,0,0,0,0,0,0,0,0.25,166
2011,"Derrek Lee","BAL",5,11,11,5,1,2,0,2,2,5,0,0,0,0,0,0,1,0,0,0.454545454,525
2011,"Vladimir Guerrero","BAL",9,31,30,11,7,4,0,0,5,6,0,0,0,0,1,0,2,0,0,0.366666666,778
2011,"Luke Scott","BAL",1,1,1,0,0,0,0,0,1,0,0,0,0,0,0,0,0,0,0,0,3469
2011,"J.J. Hardy","BAL",9,32,30,6,5,0,0,1,4,4,0,0,0,0,2,0,2,0,0,0.2,3797
2011,"Matt Wieters","BAL",8,21,21,6,4,2,0,0,4,1,0,0,0,0,0,0,1,0,0,0.285714285,4298
2011,"Nick Markakis","BAL",9,28,28,11,8,2,1,0,7,5,0,0,0,0,0,0,0,0,0,0.392857142,5930
2011,"Jake Fox","BAL",2,3,3,0,0,0,0,0,0,0,0,0,0,0,0,0,0,0,0,0,6267
2011,"Adam Jones","BAL",7,22,22,10,9,0,1,0,1,4,0,0,0,0,0,0,1,0,0,0.454545454,6368
2011,"Mark Reynolds","BAL",7,18,18,8,4,1,0,3,6,7,0,0,0,0,0,0,0,0,0,0.444444444,7619
2011,"Rajai Davis","TOR",3,9,9,3,1,2,0,0,1,1,0,0,0,0,0,0,0,0,0,0.333333333,3708
2011,"Eric Thames","TOR",5,15,15,4,3,1,0,0,4,0,0,0,0,0,0,0,0,0,0,0.266666666,3711
2011,"Mike McCoy","TOR",4,11,11,0,0,0,0,0,1,0,0,0,0,0,0,0,0,0,0,0,4583
2011,"Felix Pie","BAL",2,3,3,0,0,0,0,0,1,0,0,0,0,0,0,0,0,0,0,0,3751
2011,"Blake Davis","BAL",1,2,2,0,0,0,0,0,0,0,0,0,0,0,0,0,0,0,0,0,5812
2011,"Andruw Jones","NYY",1,1,1,0,0,0,0,0,0,0,0,0,0,0,0,0,0,0,0,0,96
2011,"Eduardo Nunez","NYY",5,10,9,3,1,1,0,1,3,2,0,0,0,0,1,0,1,0,0,0.333333333,6848
2011,"Francisco Cervelli","NYY",3,11,11,4,2,1,0,1,3,1,0,0,0,0,0,0,0,0,0,0.363636363,5275
2011,"Desmond Jennings","TBR",7,21,20,9,6,2,0,1,7,2,0,0,0,0,0,1,0,0,0,0.45,1965
2011,"Robinson Chirinos","TBR",1,3,3,0,0,0,0,0,0,0,0,0,0,0,0,0,0,0,0,0,3142
2011,"Evan Longoria","TBR",7,24,24,8,5,0,0,3,6,9,0,0,0,0,0,0,0,0,0,0.333333333,9368
2011,"Jesus Montero","NYY",1,3,3,0,0,0,0,0,1,0,0,0,0,0,0,0,0,0,0,0,5514
2011,"Chris Dickerson","NYY",1,1,1,0,0,0,0,0,1,0,0,0,0,0,0,0,0,0,0,0,7095
2011,"Chris Woodward","TOR",1,2,2,0,0,0,0,0,0,0,0,0,0,0,0,0,0,0,0,0,1329
2011,"Adam Loewen","TOR",2,5,5,2,2,0,0,0,0,2,0,0,0,0,0,0,0,0,0,0.4,2134
2011,"Mark Teahen","TOR",2,2,1,0,0,0,0,0,1,0,0,0,0,0,0,1,0,0,0,0,4511
2011,"Brett Lawrie","TOR",2,5,5,1,1,0,0,0,1,0,0,0,0,0,0,0,0,0,0,0.2,5247
2011,"David Cooper","TOR",1,4,4,3,1,2,0,0,1,1,0,0,0,0,0,0,0,0,0,0.75,7752
2011,"Kelly Johnson","TOR",1,2,2,1,1,0,0,0,1,1,0,0,0,0,0,0,0,0,0,0.5,2234
2011,"Brandon Guyer","TBR",1,3,3,1,1,0,0,0,1,0,0,0,0,0,0,0,0,0,0,0.333333333,2636
2011,"Jose Lobaton","TBR",1,1,1,0,0,0,0,0,0,0,0,0,0,0,0,0,0,0,0,0,4243
2011,"Josh Bell","BAL",1,2,2,0,0,0,0,0,1,0,0,0,0,0,0,0,0,0,0,0,2510
2011,"Nolan Reimold","BAL",6,18,17,6,5,0,0,1,4,4,0,0,0,0,1,0,1,0,0,0.352941176,3441
2011,"Robert Andino","BAL",8,25,24,10,8,1,0,1,6,6,0,0,0,0,0,1,0,0,0,0.416666666,4900
2011,"Ryan Adams","BAL",1,3,3,2,2,0,0,0,0,1,0,0,0,0,0,0,0,0,0,0.666666666,6343
2011,"Craig Tatum","BAL",1,3,3,0,0,0,0,0,0,0,0,0,0,0,0,0,2,0,0,0,7468
2011,"Matt Angle","BAL",3,9,9,3,2,1,0,0,2,2,0,0,0,0,0,0,0,0,0,0.333333333,8136
2011,"Pedro Florimon","BAL",1,1,1,0,0,0,0,0,0,0,0,0,0,0,0,0,0,0,0,0,8385
2011,"Chris Davis","BAL",4,11,11,4,3,1,0,0,3,1,0,0,0,0,0,0,0,0,0,0.363636363,9272
2012,"Jose Molina","TBR",6,13,13,6,6,0,0,0,0,1,0,0,0,0,0,0,0,0,0,0.461538461,25
2012,"Carlos Pena","TBR",9,25,25,8,3,3,0,2,5,6,0,0,0,0,0,0,1,0,0,0.32,934
2012,"Desmond Jennings","TBR",6,19,19,4,2,2,0,0,2,0,0,0,0,0,0,0,0,0,0,0.210526315,1965
2012,"Matt Joyce","TBR",8,22,22,10,8,1,0,1,4,4,0,0,0,0,0,0,1,0,0,0.454545454,3353
2012,"Luke Scott","TBR",8,21,21,6,3,1,0,2,3,6,0,0,0,0,0,0,0,0,0,0.285714285,3469
2012,"Jeff Keppinger","TBR",6,21,21,7,4,2,0,1,4,4,0,0,0,0,0,0,1,0,0,0.333333333,3856
2012,"Stephen Vogt","TBR",1,3,3,0,0,0,0,0,0,0,0,0,0,0,0,0,0,0,0,0,5000
2012,"Ben Zobrist","TBR",9,25,24,7,4,2,0,1,5,3,0,0,0,0,1,0,2,0,0,0.291666666,7435
2012,"Reid Brignac","TBR",1,2,2,0,0,0,0,0,0,0,0,0,0,0,0,0,0,0,0,0,8380
2012,"Evan Longoria","TBR",6,17,17,3,2,1,0,0,1,1,0,0,0,0,0,0,0,0,0,0.176470588,9368
2012,"Sean Rodriguez","TBR",6,19,18,6,4,1,0,1,2,2,0,0,0,0,0,1,1,0,0,0.333333333,6589
2012,"Chris Gimenez","TBR",3,7,7,2,2,0,0,0,2,0,0,0,0,0,0,0,1,0,0,0.285714285,7324
2012,"Raul Ibanez","NYY",5,11,11,3,2,1,0,0,1,1,0,0,0,0,0,0,1,0,0,0.272727272,607
2012,"Derek Jeter","NYY",9,38,38,16,15,1,0,0,8,4,0,0,0,0,0,0,2,0,0,0.421052631,826
2012,"Eric Chavez","NYY",4,9,8,7,2,2,0,3,3,5,0,0,0,0,1,0,0,0,0,0.875,906
2012,"Alex Rodriguez","NYY",8,29,29,10,8,0,1,1,8,4,0,0,0,0,0,0,0,0,0,0.344827586,1274
2012,"Mark Teixeira","NYY",6,20,20,8,2,2,1,3,7,14,0,0,0,0,0,0,0,0,0,0.4,1281
2012,"Robinson Cano","NYY",9,28,28,7,2,4,0,1,5,3,0,0,0,0,0,0,0,0,0,0.25,3269
2012,"Nick Swisher","NYY",9,29,28,14,5,6,0,3,5,12,0,0,0,0,1,0,1,0,0,0.5,4599
2012,"Russell Martin","NYY",6,14,14,5,1,3,0,1,3,3,0,0,0,0,0,0,0,0,0,0.357142857,4616
2012,"Curtis Granderson","NYY",8,21,21,9,6,0,1,2,8,3,0,0,0,0,0,0,0,0,0,0.428571428,4747
2012,"Andruw Jones","NYY",7,17,16,6,2,0,0,4,5,7,0,0,0,0,1,0,0,0,0,0.375,96
2012,"Eduardo Nunez","NYY",2,7,7,5,4,1,0,0,2,0,0,0,0,0,0,0,0,0,0,0.714285714,6848
2012,"Endy Chavez","BAL",8,25,25,8,8,0,0,0,3,3,0,0,0,0,0,0,0,0,0,0.32,768
2012,"Wilson Betemit","BAL",5,11,11,5,5,0,0,0,3,2,0,0,0,0,0,0,1,0,0,0.454545454,1861
2012,"Ronny Paulino","BAL",3,9,9,1,1,0,0,0,1,1,0,0,0,0,0,0,2,0,0,0.111111111,2129
2012,"J.J. Hardy","BAL",9,39,39,9,5,1,1,2,5,3,0,0,0,0,0,0,5,0,0,0.23076923,3797
2012,"Matt Wieters","BAL",9,34,34,12,5,6,1,0,6,5,0,0,0,0,0,0,0,0,0,0.352941176,4298
2012,"Luis Exposito","BAL",1,1,1,0,0,0,0,0,0,0,0,0,0,0,0,0,0,0,0,0,4398
2012,"Robert Andino","BAL",7,25,24,7,6,0,0,1,3,4,0,0,0,0,0,1,2,0,0,0.291666666,4900
2012,"Nick Markakis","BAL",3,10,10,1,1,0,0,0,2,1,0,0,0,0,0,0,1,0,0,0.1,5930
2012,"Adam Jones","BAL",9,34,34,9,3,3,0,3,9,8,0,0,0,0,0,0,3,0,0,0.264705882,6368
2012,"Mark Reynolds","BAL",9,23,22,12,6,3,0,3,6,9,0,0,0,0,1,0,0,0,0,0.545454545,7619
2012,"Chris Davis","BAL",7,24,24,10,8,2,0,0,3,1,0,0,0,0,0,0,1,0,0,0.416666666,9272
2012,"Nick Johnson","BAL",1,1,1,1,1,0,0,0,0,0,0,0,0,0,0,0,0,0,0,1,828
2012,"Ryan Flaherty","BAL",5,11,11,6,4,1,1,0,1,2,0,0,0,0,0,0,0,0,0,0.545454545,7888
2012,"Elliot Johnson","TBR",2,7,7,1,0,0,0,1,1,2,0,0,0,0,0,0,0,0,0,0.142857142,4751
2012,"B.J. Upton","TBR",5,15,15,5,5,0,0,0,2,0,0,0,0,0,0,0,0,0,0,0.333333333,5015
2012,"Drew Sutton","TBR",3,8,8,2,2,0,0,0,0,0,0,0,0,0,0,0,0,0,0,0.25,7430
2012,"Will Rhymes","TBR",1,3,3,3,3,0,0,0,0,1,0,0,0,0,0,0,0,0,0,1,9802
2012,"Steve Tolleson","BAL",1,3,3,0,0,0,0,0,0,0,0,0,0,0,0,0,0,0,0,0,4450
2012,"Steve Pearce","BAL",1,4,2,1,1,0,0,0,0,2,0,0,0,0,1,1,0,0,0,0.5,9957
2012,"J.P. Arencibia","TOR",7,18,18,5,2,0,0,3,5,8,0,0,0,0,0,0,2,0,0,0.277777777,697
2012,"Jose Bautista","TOR",3,11,11,3,0,1,0,2,4,3,0,0,0,0,0,0,1,0,0,0.272727272,1887
2012,"Edwin Encarnacion","TOR",9,27,25,9,4,2,0,3,8,11,0,0,0,0,2,0,0,0,0,0.36,2151
2012,"Kelly Johnson","TOR",7,19,19,2,1,1,0,0,3,0,0,0,0,0,0,0,2,0,0,0.105263157,2234
2012,"Rajai Davis","TOR",8,21,20,9,6,2,0,1,7,4,0,0,0,0,1,0,0,0,0,0.45,3708
2012,"Yunel Escobar","TOR",8,30,29,11,8,2,0,1,5,2,0,0,0,0,0,1,1,0,0,0.379310344,4191
2012,"Ben Francisco","TOR",2,6,6,3,1,2,0,0,2,0,0,0,0,0,0,0,0,0,0,0.5,4677
2012,"Brett Lawrie","TOR",7,31,29,9,5,3,0,1,8,4,0,0,0,0,1,1,2,0,0,0.310344827,5247
2012,"Adam Lind","TOR",8,22,22,7,7,0,0,0,0,2,0,0,0,0,0,0,1,0,0,0.318181818,8027
2012,"Colby Rasmus","TOR",9,32,31,12,7,1,2,2,9,11,0,0,0,0,0,1,0,0,0,0.387096774,9893
2012,"Jeff Mathis","TOR",3,6,4,2,2,0,0,0,1,2,0,0,0,0,0,2,0,0,0,0.5,3448
2012,"Omar Vizquel","TOR",3,12,10,3,3,0,0,0,1,2,0,0,0,0,2,0,0,0,0,0.3,411
2012,"Dewayne Wise","NYY",1,2,2,0,0,0,0,0,0,0,0,0,0,0,0,0,0,0,0,0,1554
2012,"Darnell McDonald","NYY",1,2,2,0,0,0,0,0,0,0,0,0,0,0,0,0,0,0,0,0,1867
2012,"Jayson Nix","NYY",5,14,13,3,0,2,0,1,2,1,0,0,0,0,0,1,1,0,0,0.23076923,3790
2012,"Chris Stewart","NYY",3,10,9,1,1,0,0,0,0,1,0,0,0,0,1,0,0,0,0,0.111111111,3878
2012,"Travis Snider","TOR",3,7,6,4,2,1,0,1,2,3,0,0,0,0,1,0,0,0,0,0.666666666,2830
2012,"Anthony Gose","TOR",5,9,9,4,3,0,0,1,4,5,0,0,0,0,0,0,0,0,0,0.444444444,5097
2012,"Yan Gomes","TOR",1,2,2,1,0,1,0,0,0,1,0,0,0,0,0,0,0,0,0,0.5,9627
2012,"Moises Sierra","TOR",1,1,1,1,0,0,0,1,1,2,0,0,0,0,0,0,0,0,0,1,6050
2012,"Adeiny Hechavarria","TOR",2,5,5,2,1,1,0,0,2,2,0,0,0,0,0,0,0,0,0,0.4,10459
2012,"Chris Dickerson","NYY",1,0,0,0,0,0,0,0,0,0,0,0,0,0,0,0,0,0,0,0,7095
2012,"Ichiro Suzuki","NYY",1,4,3,0,0,0,0,0,0,0,0,0,0,0,0,1,0,0,0,0,1101
2012,"Steve Pearce","NYY",1,3,3,0,0,0,0,0,1,0,0,0,0,0,0,0,0,0,0,0,9957
2012,"Lew Ford","BAL",2,5,5,1,1,0,0,0,1,0,0,0,0,0,0,0,0,0,0,0.2,1724
2012,"Nate McLouth","BAL",3,11,11,1,1,0,0,0,1,0,0,0,0,0,0,0,1,0,0,0.09090909,3190
2012,"Manny Machado","BAL",3,12,12,4,3,1,0,0,1,3,0,0,0,0,0,0,1,0,0,0.333333333,11493
2012,"Jim Thome","BAL",2,5,5,2,0,2,0,0,0,1,0,0,0,0,0,0,1,0,0,0.4,409
2012,"Xavier Avery","BAL",1,0,0,0,0,0,0,0,1,0,0,0,0,0,0,0,0,0,0,0,8471
2012,"Jose Lobaton","TBR",2,3,3,1,0,1,0,0,0,1,0,0,0,0,0,0,0,0,0,0.333333333,4243
2012,"Ben Francisco","TBR",1,2,2,1,0,0,0,1,1,1,0,0,0,0,0,0,0,0,0,0.5,4677
2012,"Ryan Roberts","TBR",1,2,2,0,0,0,0,0,0,0,0,0,0,0,0,0,0,0,0,0,5653
2013,"Nate McLouth","BAL",8,22,22,3,3,0,0,0,3,0,0,0,0,0,0,0,0,0,0,0.136363636,3190
2013,"J.J. Hardy","BAL",9,26,26,7,5,2,0,0,1,0,0,0,0,0,0,0,1,0,0,0.269230769,3797
2013,"Matt Wieters","BAL",9,25,24,3,1,2,0,0,1,3,0,0,0,0,1,0,0,0,0,0.125,4298
2013,"Nick Markakis","BAL",9,26,26,5,3,1,0,1,2,2,0,0,0,0,0,0,1,0,0,0.192307692,5930
2013,"Adam Jones","BAL",9,21,21,7,4,1,0,2,3,4,0,0,0,0,0,0,0,0,0,0.333333333,6368
2013,"Ryan Flaherty","BAL",2,4,4,1,1,0,0,0,0,0,0,0,0,0,0,0,0,0,0,0.25,7888
2013,"Chris Davis","BAL",9,22,22,7,1,2,0,4,4,8,0,0,0,0,0,0,0,0,0,0.318181818,9272
2013,"Steve Pearce","BAL",2,3,3,0,0,0,0,0,0,0,0,0,0,0,0,0,0,0,0,0,9957
2013,"Manny Machado","BAL",9,34,33,11,6,3,0,2,5,7,0,0,0,0,1,0,0,0,0,0.333333333,11493
2013,"Nolan Reimold","BAL",1,2,2,0,0,0,0,0,0,0,0,0,0,0,0,0,0,0,0,0,3441
2013,"Chris Dickerson","BAL",2,2,2,1,1,0,0,0,1,0,0,0,0,0,0,0,0,0,0,0.5,7095
2013,"Alexi Casilla","BAL",3,3,3,0,0,0,0,0,1,0,0,0,0,0,0,0,0,0,0,0,5248
2013,"Shelley Duncan","TBR",2,4,4,0,0,0,0,0,0,0,0,0,0,0,0,0,1,0,0,0,3620
2013,"Ryan Roberts","TBR",2,6,6,1,1,0,0,0,0,0,0,0,0,0,0,0,1,0,0,0.166666666,5653
2013,"Sean Rodriguez","TBR",6,13,13,5,3,2,0,0,1,2,0,0,0,0,0,0,1,0,0,0.384615384,6589
2013,"Sam Fuld","TBR",3,4,4,0,0,0,0,0,0,0,0,0,0,0,0,0,1,0,0,0,8254
2013,"Kelly Johnson","TBR",4,8,8,3,2,0,0,1,1,1,0,0,0,0,0,0,0,0,0,0.375,2234
2013,"Jose Lobaton","TBR",2,3,3,0,0,0,0,0,0,0,0,0,0,0,0,0,0,0,0,0,4243
2013,"J.P. Arencibia","TOR",9,25,25,1,1,0,0,0,1,1,0,0,0,0,0,0,2,0,0,0.04,697
2013,"Mark DeRosa","TOR",6,13,13,2,2,0,0,0,1,0,0,0,0,0,0,0,1,0,0,0.153846153,1392
2013,"Jose Bautista","TOR",7,23,23,11,5,1,0,5,7,10,0,0,0,0,0,0,0,0,0,0.478260869,1887
2013,"Edwin Encarnacion","TOR",7,25,25,7,5,0,0,2,4,4,0,0,0,0,0,0,3,0,0,0.28,2151
2013,"Maicer Izturis","TOR",5,13,12,4,2,2,0,0,2,4,0,0,0,0,1,0,0,0,0,0.333333333,2437
2013,"Rajai Davis","TOR",8,23,23,11,9,2,0,0,7,1,0,0,0,0,0,0,0,0,0,0.478260869,3708
2013,"Melky Cabrera","TOR",4,12,11,3,2,1,0,0,2,2,0,0,0,0,1,0,0,0,0,0.272727272,4022
2013,"Brett Lawrie","TOR",6,20,20,5,4,0,0,1,2,2,0,0,0,0,0,0,2,0,0,0.25,5247
2013,"Colby Rasmus","TOR",6,16,16,4,4,0,0,0,2,2,0,0,0,0,0,0,0,0,0,0.25,9893
2013,"Emilio Bonifacio","TOR",6,12,12,3,1,1,0,1,3,2,0,0,0,0,0,0,1,0,0,0.25,4054
2013,"Adam Lind","TOR",9,22,21,10,6,1,1,2,5,6,0,0,0,0,1,0,0,0,0,0.476190476,8027
2013,"Munenori Kawasaki","TOR",4,11,11,2,2,0,0,0,1,2,0,0,0,0,0,0,0,0,0,0.181818181,13047
2013,"Jose Molina","TBR",7,17,17,10,8,2,0,0,1,1,0,0,0,0,0,0,1,0,0,0.588235294,25
2013,"Desmond Jennings","TBR",10,30,28,9,7,1,0,1,5,2,0,0,0,0,1,1,0,0,0,0.321428571,1965
2013,"Matt Joyce","TBR",9,20,20,4,3,1,0,0,1,0,0,0,0,0,0,0,1,0,0,0.2,3353
2013,"Luke Scott","TBR",5,14,13,2,1,1,0,0,1,2,0,0,0,0,1,0,0,0,0,0.153846153,3469
2013,"Yunel Escobar","TBR",10,30,30,6,6,0,0,0,2,0,0,0,0,0,0,0,2,0,0,0.2,4191
2013,"James Loney","TBR",9,23,21,6,5,1,0,0,1,4,0,0,0,0,2,0,2,0,0,0.285714285,4556
2013,"Ben Zobrist","TBR",10,30,29,10,9,1,0,0,3,2,0,0,0,0,0,1,0,0,0,0.344827586,7435
2013,"Evan Longoria","TBR",10,26,26,10,7,1,0,2,6,3,0,0,0,0,0,0,0,0,0,0.384615384,9368
2013,"Wil Myers","TBR",6,21,21,7,4,2,0,1,1,6,0,0,0,0,0,0,1,0,0,0.333333333,10047
2013,"Jose Reyes","TOR",7,23,22,6,5,0,0,1,4,3,0,0,0,0,1,0,1,0,0,0.272727272,1736
2013,"Josh Thole","TOR",2,3,3,1,1,0,0,0,0,0,0,0,0,0,0,0,0,0,0,0.333333333,9689
2013,"Ichiro Suzuki","NYY",9,38,38,7,7,0,0,0,4,3,0,0,0,0,0,0,0,0,0,0.184210526,1101
2013,"Vernon Wells","NYY",8,16,16,4,4,0,0,0,1,1,0,0,0,0,0,0,0,0,0,0.25,1326
2013,"Lyle Overbay","NYY",7,23,21,8,4,4,0,0,3,3,0,0,0,0,2,0,4,0,0,0.38095238,1617
2013,"Luis Alfonso Cruz","NYY",3,8,8,1,1,0,0,0,3,2,0,0,0,0,0,0,0,0,0,0.125,3188
2013,"Robinson Cano","NYY",9,32,31,13,8,5,0,0,2,8,0,0,0,0,1,0,1,0,0,0.419354838,3269
2013,"Brent Lillibridge","NYY",2,4,4,1,1,0,0,0,0,0,0,0,0,0,0,0,0,0,0,0.25,3501
2013,"Chris Stewart","NYY",8,27,26,7,5,2,0,0,4,3,0,0,0,0,0,1,1,0,0,0.269230769,3878
2013,"Alberto Gonzalez","NYY",1,1,1,0,0,0,0,0,0,0,0,0,0,0,0,0,0,0,0,0,4906
2013,"Zoilo Almonte","NYY",1,2,2,0,0,0,0,0,0,0,0,0,0,0,0,0,1,0,0,0,6732
2013,"Eduardo Nunez","NYY",8,27,26,11,8,2,1,0,5,1,0,0,0,0,0,1,1,0,0,0.423076923,6848
2013,"Brett Gardner","NYY",6,21,21,10,9,0,1,0,1,5,0,0,0,0,0,0,0,0,0,0.476190476,9927
2013,"Travis Hafner","NYY",2,3,3,0,0,0,0,0,0,0,0,0,0,0,0,0,0,0,0,0,1573
2013,"Alfonso Soriano","NYY",5,15,15,7,6,0,0,1,2,4,0,0,0,0,0,0,0,0,0,0.466666666,847
2013,"Alex Rodriguez","NYY",6,16,16,6,5,0,0,1,3,3,0,0,0,0,0,0,0,0,0,0.375,1274
2013,"Curtis Granderson","NYY",6,15,15,4,1,2,1,0,4,0,0,0,0,0,0,0,0,0,0,0.266666666,4747
2013,"Mark Reynolds","NYY",4,12,12,3,2,0,0,1,2,4,0,0,0,0,0,0,0,0,0,0.25,7619
2013,"Jayson Nix","NYY",1,0,0,0,0,0,0,0,2,0,0,0,0,0,0,0,0,0,0,0,3790
2013,"Brian Roberts","BAL",6,17,17,4,3,1,0,0,2,2,0,0,0,0,0,0,0,0,0,0.235294117,166
2013,"Wilson Betemit","BAL",3,4,4,0,0,0,0,0,0,0,0,0,0,0,0,0,0,0,0,0,1861
2013,"Taylor Teagarden","BAL",1,1,1,0,0,0,0,0,0,0,0,0,0,0,0,0,0,0,0,0,5199
2013,"Danny Valencia","BAL",5,14,14,7,4,2,1,0,3,0,0,0,0,0,0,0,1,0,0,0.5,6364
2013,"Brendan Ryan","NYY",3,9,9,4,3,0,0,1,2,1,0,0,0,0,0,0,0,0,0,0.444444444,6073
2013,"John Ryan Murphy","NYY",1,1,1,0,0,0,0,0,0,0,0,0,0,0,0,0,0,0,0,0,10346
2013,"Anthony Gose","TOR",2,7,6,2,2,0,0,0,0,0,0,0,0,0,0,1,1,0,0,0.333333333,5097
2013,"Moises Sierra","TOR",3,8,8,3,3,0,0,0,0,0,0,0,0,0,0,0,0,0,0,0.375,6050
2013,"Ryan Goins","TOR",3,10,10,3,3,0,0,0,0,0,0,0,0,0,0,0,0,0,0,0.3,9807
2013,"Kevin Pillar","TOR",2,5,5,2,1,0,0,1,1,2,0,0,0,0,0,0,0,0,0,0.4,12434
2014,"Delmon Young","BAL",4,10,10,1,1,0,0,0,3,0,0,0,0,0,0,0,1,0,0,0.1,2140
2014,"Nelson Cruz","BAL",10,37,37,18,11,5,0,2,9,9,0,0,0,0,0,0,2,0,0,0.486486486,2434
2014,"J.J. Hardy","BAL",6,21,19,6,6,0,0,0,2,6,0,0,0,0,1,1,1,0,0,0.315789473,3797
2014,"Matt Wieters","BAL",3,10,10,3,3,0,0,0,1,2,0,0,0,0,0,0,0,0,0,0.3,4298
2014,"Steve Lombardozzi Jr.","BAL",4,11,11,4,4,0,0,0,2,0,0,0,0,0,0,0,0,0,0,0.363636363,5422
2014,"Nick Markakis","BAL",10,33,33,10,7,3,0,0,6,2,0,0,0,0,0,0,0,0,0,0.303030303,5930
2014,"Adam Jones","BAL",10,38,37,17,12,4,0,1,6,7,0,0,0,0,1,0,0,0,0,0.459459459,6368
2014,"Chris Davis","BAL",9,14,14,4,4,0,0,0,3,1,0,0,0,0,0,0,0,0,0,0.285714285,9272
2014,"Jonathan Schoop","BAL",10,31,31,9,7,2,0,0,2,3,0,0,0,0,0,0,0,0,0,0.29032258,11265
2014,"David Lough","BAL",4,9,9,3,1,1,1,0,3,1,0,0,0,0,0,0,0,0,0,0.333333333,7215
2014,"Ryan Flaherty","BAL",6,24,24,11,8,3,0,0,2,5,0,0,0,0,0,0,1,0,0,0.458333333,7888
2014,"Steve Clevenger","BAL",1,4,4,1,0,1,0,0,2,1,0,0,0,0,0,0,1,0,0,0.25,9542
2014,"Brian Roberts","NYY",3,13,13,6,6,0,0,0,4,1,0,0,0,0,0,0,0,0,0,0.461538461,166
2014,"Carlos Beltran","NYY",6,22,22,11,5,4,0,2,7,5,0,0,0,0,0,0,1,0,0,0.5,589
2014,"Derek Jeter","NYY",8,27,27,10,8,1,0,1,3,8,0,0,0,0,0,0,1,0,0,0.37037037,826
2014,"Alfonso Soriano","NYY",3,10,9,4,1,3,0,0,1,2,0,0,0,0,1,0,0,0,0,0.444444444,847
2014,"Ichiro Suzuki","NYY",4,13,13,6,4,1,1,0,1,2,0,0,0,0,0,0,0,0,0,0.461538461,1101
2014,"Mark Teixeira","NYY",6,21,20,5,1,2,0,2,5,4,0,0,0,0,1,0,0,0,0,0.25,1281
2014,"Jacoby Ellsbury","NYY",6,23,23,6,1,4,1,0,4,5,0,0,0,0,0,0,2,0,0,0.260869565,4727
2014,"Brian McCann","NYY",7,19,19,6,4,2,0,0,5,1,0,0,0,0,0,0,1,0,0,0.315789473,4810
2014,"Yangervis Solarte","NYY",2,7,7,2,1,1,0,0,1,4,0,0,0,0,0,0,0,0,0,0.285714285,5352
2014,"Kelly Johnson","NYY",2,3,3,1,0,1,0,0,0,0,0,0,0,0,0,0,0,0,0,0.333333333,2234
2014,"Brett Gardner","NYY",6,16,15,5,2,2,0,1,5,3,0,0,0,0,0,1,0,0,0,0.333333333,9927
2014,"David DeJesus","TBR",6,18,18,6,3,2,0,1,3,3,0,0,0,0,0,0,1,0,0,0.333333333,1825
2014,"Desmond Jennings","TBR",6,17,17,5,2,2,0,1,2,1,0,0,0,0,0,0,1,0,0,0.294117647,1965
2014,"Matt Joyce","TBR",7,20,20,4,3,0,0,1,1,1,0,0,0,0,0,0,0,0,0,0.2,3353
2014,"Yunel Escobar","TBR",6,15,15,5,2,2,0,1,2,2,0,0,0,0,0,0,0,0,0,0.333333333,4191
2014,"James Loney","TBR",8,26,26,10,7,3,0,0,1,4,0,0,0,0,0,0,1,0,0,0.384615384,4556
2014,"Ryan Hanigan","TBR",4,11,11,3,3,0,0,0,1,1,0,0,0,0,0,0,0,0,0,0.272727272,4952
2014,"Ben Zobrist","TBR",9,29,29,8,5,3,0,0,2,5,0,0,0,0,0,0,1,0,0,0.275862068,7435
2014,"Evan Longoria","TBR",9,25,24,8,7,1,0,0,3,1,0,0,0,0,1,0,1,0,0,0.333333333,9368
2014,"Wil Myers","TBR",7,19,19,4,2,2,0,0,1,1,0,0,0,0,0,0,1,0,0,0.210526315,10047
2014,"Jose Molina","TBR",5,9,8,0,0,0,0,0,0,0,0,0,0,0,0,1,0,0,0,0,25
2014,"Brandon Guyer","TBR",3,6,6,1,1,0,0,0,2,0,0,0,0,0,0,0,0,0,0,0.166666666,2636
2014,"Sean Rodriguez","TBR",5,10,10,5,1,3,0,1,3,2,0,0,0,0,0,0,1,0,0,0.5,6589
2014,"Logan Forsythe","TBR",4,8,8,0,0,0,0,0,0,0,0,0,0,0,0,0,0,0,0,0,7185
2014,"Jose Reyes","TOR",9,34,32,9,8,1,0,0,7,4,0,0,0,0,1,1,1,0,0,0.28125,1736
2014,"Jose Bautista","TOR",9,30,30,12,8,1,0,3,6,7,0,0,0,0,0,0,0,0,0,0.4,1887
2014,"Edwin Encarnacion","TOR",6,21,21,10,5,0,0,5,6,10,0,0,0,0,0,0,0,0,0,0.476190476,2151
2014,"Dioner Navarro","TOR",7,25,25,9,7,2,0,0,0,6,0,0,0,0,0,0,0,0,0,0.36,3179
2014,"Melky Cabrera","TOR",7,26,26,12,6,2,0,4,10,9,0,0,0,0,0,0,1,0,0,0.461538461,4022
2014,"Erik Kratz","TOR",1,3,3,1,0,0,0,1,1,1,0,0,0,0,0,0,0,0,0,0.333333333,4403
2014,"Steve Tolleson","TOR",5,8,8,3,3,0,0,0,2,0,0,0,0,0,0,0,1,0,0,0.375,4450
2014,"Anthony Gose","TOR",9,24,23,8,6,2,0,0,6,3,0,0,0,0,0,1,3,0,0,0.347826086,5097
2014,"Brett Lawrie","TOR",3,13,13,1,0,1,0,0,0,1,0,0,0,0,0,0,0,0,0,0.076923076,5247
2014,"Kevin Pillar","TOR",5,17,17,6,6,0,0,0,1,0,0,0,0,0,0,0,1,0,0,0.352941176,12434
2014,"Juan Francisco","TOR",5,11,11,3,2,1,0,0,3,2,0,0,0,0,0,0,1,0,0,0.272727272,6978
2014,"Adam Lind","TOR",4,14,14,7,6,0,1,0,2,2,0,0,0,0,0,0,1,0,0,0.5,8027
2014,"Kevin Kiermaier","TBR",4,11,11,5,3,0,1,1,1,1,0,0,0,0,0,0,0,0,0,0.454545454,11038
2014,"Jerry Sands","TBR",1,1,1,0,0,0,0,0,0,0,0,0,0,0,0,0,0,0,0,0,4016
2014,"Nick Hundley","BAL",2,6,6,1,0,0,0,1,1,2,0,0,0,0,0,0,0,0,0,0.166666666,3376
2014,"Caleb Joseph","BAL",4,11,10,6,5,0,0,1,2,4,0,0,0,0,1,0,0,0,0,0.6,7087
2014,"Steve Pearce","BAL",6,22,22,7,5,2,0,0,3,2,0,0,0,0,0,0,1,0,0,0.318181818,9957
2014,"Manny Machado","BAL",2,9,9,4,3,1,0,0,1,0,0,0,0,0,0,0,0,0,0,0.444444444,11493
2014,"Dan Johnson","TOR",2,2,2,0,0,0,0,0,0,0,0,0,0,0,0,0,0,0,0,0,2167
2014,"Josh Thole","TOR",2,7,6,3,3,0,0,0,1,0,0,0,0,0,0,1,0,0,0,0.5,9689
2014,"Ryan Goins","TOR",5,15,15,7,5,2,0,0,1,4,0,0,0,0,0,0,0,0,0,0.466666666,9807
2014,"Colby Rasmus","TOR",5,11,11,4,1,1,0,2,5,4,0,0,0,0,0,0,0,0,0,0.363636363,9893
2014,"Munenori Kawasaki","TOR",5,12,11,4,3,1,0,0,3,2,0,0,0,0,0,1,0,0,0,0.363636363,13047
2014,"Danny Valencia","TOR",4,8,7,1,1,0,0,0,1,1,0,0,0,0,1,0,2,0,0,0.142857142,6364
2014,"Martin Prado","NYY",3,5,5,1,1,0,0,0,1,0,0,0,0,0,0,0,0,0,0,0.2,3312
2014,"Stephen Drew","NYY",5,15,15,4,1,3,0,0,1,7,0,0,0,0,0,0,0,0,0,0.266666666,4251
2014,"Chase Headley","NYY",5,16,16,5,3,2,0,0,2,2,0,0,0,0,0,0,0,0,0,0.3125,4720
2014,"Francisco Cervelli","NYY",4,11,11,6,6,0,0,0,4,1,0,0,0,0,0,0,1,0,0,0.545454545,5275
2014,"John Mayberry Jr.","TOR",2,2,2,1,0,1,0,0,1,0,0,0,0,0,0,0,0,0,0,0.5,3390
2014,"Marcus Stroman","TOR",1,0,0,0,0,0,0,0,1,0,0,0,0,0,0,0,0,0,0,0,13431
2014,"Alejandro De Aza","BAL",3,11,11,5,2,1,0,2,4,4,0,0,0,0,0,0,0,0,0,0.454545454,3371
2014,"Kelly Johnson","BAL",1,1,1,1,0,1,0,0,1,1,0,0,0,0,0,0,0,0,0,1,2234
2014,"Nick Franklin","TBR",3,8,7,1,1,0,0,0,1,1,0,0,0,0,1,0,0,0,0,0.142857142,10166
2014,"Antoan Richardson","NYY",2,5,5,1,1,0,0,0,0,0,0,0,0,0,0,0,0,0,0,0.2,209
2014,"Chris Young","NYY",3,9,9,5,4,1,0,0,1,1,0,0,0,0,0,0,0,0,0,0.555555555,3882
2014,"Jose Pirela","NYY",3,10,10,3,1,1,1,0,3,2,0,0,0,0,0,0,1,0,0,0.3,5485
2014,"Austin Romine","NYY",3,7,7,3,2,1,0,0,1,1,0,0,0,0,0,0,0,0,0,0.428571428,5491
2014,"Brendan Ryan","NYY",2,6,5,0,0,0,0,0,0,1,0,0,0,0,1,0,0,0,0,0,6073
2014,"Zelous Wheeler","NYY",1,4,3,0,0,0,0,0,0,1,0,0,0,0,1,0,0,0,0,0,8822
2014,"Eury Perez","NYY",3,7,7,2,2,0,0,0,2,0,0,0,0,0,0,0,0,0,0,0.285714285,10299
2014,"John Ryan Murphy","NYY",2,4,4,2,1,1,0,0,2,1,0,0,0,0,0,0,0,0,0,0.5,10346
2015,"Travis Snider","BAL",5,13,13,5,4,0,1,0,3,1,0,0,0,0,0,0,0,0,0,0.384615384,2830
2015,"Alejandro De Aza","BAL",3,8,8,0,0,0,0,0,0,0,0,0,0,0,0,0,0,0,0,0,3371
2015,"Adam Jones","BAL",5,16,16,9,7,1,0,1,2,5,0,0,0,0,0,0,0,0,0,0.5625,6368
2015,"Caleb Joseph","BAL",6,10,10,3,2,0,0,1,2,2,0,0,0,0,0,0,0,0,0,0.3,7087
2015,"Everth Cabrera","BAL",4,11,11,3,3,0,0,0,1,0,0,0,0,0,0,0,2,0,0,0.272727272,8155
2015,"Chris Davis","BAL",10,23,23,9,5,3,0,1,4,4,0,0,0,0,0,0,2,0,0,0.391304347,9272
2015,"Steve Pearce","BAL",7,21,21,5,3,2,0,0,2,0,0,0,0,0,0,0,0,0,0,0.238095238,9957
2015,"Jonathan Schoop","BAL",4,11,11,2,2,0,0,0,0,0,0,0,0,0,0,0,0,0,0,0.181818181,11265
2015,"Jimmy Paredes","BAL",5,19,19,10,8,2,0,0,4,1,0,0,0,0,0,0,0,0,0,0.526315789,5481
2015,"Manny Machado","BAL",10,30,29,8,6,2,0,0,0,4,0,0,0,0,1,0,1,0,0,0.275862068,11493
2015,"Ryan Flaherty","BAL",7,20,17,9,5,3,0,1,2,4,0,0,0,0,2,1,3,0,0,0.529411764,7888
2015,"Delmon Young","BAL",2,8,8,1,1,0,0,0,1,0,0,0,0,0,0,0,0,0,0,0.125,2140
2015,"Ryan Lavarnway","BAL",1,1,1,0,0,0,0,0,0,0,0,0,0,0,0,0,0,0,0,0,8879
2015,"Jose Reyes","TOR",4,14,14,5,4,1,0,0,2,4,0,0,0,0,0,0,1,0,0,0.357142857,1736
2015,"Jose Bautista","TOR",8,25,24,6,5,0,0,1,4,6,0,0,0,0,1,0,1,0,0,0.25,1887
2015,"Edwin Encarnacion","TOR",9,28,28,10,10,0,0,0,5,5,0,0,0,0,0,0,1,0,0,0.357142857,2151
2015,"Russell Martin","TOR",8,21,21,8,4,2,1,1,7,8,0,0,0,0,0,0,2,0,0,0.38095238,4616
2015,"Josh Donaldson","TOR",9,31,31,13,10,0,1,2,8,4,0,0,0,0,0,0,1,0,0,0.419354838,5038
2015,"Michael Saunders","TOR",3,6,6,2,2,0,0,0,0,1,0,0,0,0,0,0,1,0,0,0.333333333,9981
2015,"Kevin Pillar","TOR",9,33,32,14,11,3,0,0,7,4,0,0,0,0,1,0,1,0,0,0.4375,12434
2015,"Dalton Pompey","TOR",4,6,6,0,0,0,0,0,1,0,0,0,0,0,0,0,0,0,0,0,12797
2015,"Devon Travis","TOR",3,9,9,3,2,0,0,1,4,3,0,0,0,0,0,0,0,0,0,0.333333333,13862
2015,"Danny Valencia","TOR",3,7,7,3,2,0,0,1,1,2,0,0,0,0,0,0,0,0,0,0.428571428,6364
2015,"Ryan Goins","TOR",7,23,23,9,4,3,1,1,5,10,0,0,0,0,0,0,4,0,0,0.391304347,9807
2015,"Josh Thole","TOR",2,5,5,0,0,0,0,0,0,1,0,0,0,0,0,0,0,0,0,0,9689
2015,"Carlos Beltran","NYY",5,17,16,7,3,3,0,1,1,5,0,0,0,0,1,0,1,0,0,0.4375,589
2015,"Mark Teixeira","NYY",6,19,19,3,2,0,0,1,2,2,0,0,0,0,0,0,1,0,0,0.157894736,1281
2015,"Alex Rodriguez","NYY",9,28,28,10,6,1,0,3,7,6,0,0,0,0,0,0,1,0,0,0.357142857,1274
2015,"Garrett Jones","NYY",2,4,4,1,1,0,0,0,0,0,0,0,0,0,0,0,0,0,0,0.25,2714
2015,"Stephen Drew","NYY",6,19,19,6,3,2,0,1,2,5,0,0,0,0,0,0,1,0,0,0.315789473,4251
2015,"Chase Headley","NYY",7,19,19,9,6,3,0,0,3,1,0,0,0,0,0,0,0,0,0,0.47368421,4720
2015,"Jacoby Ellsbury","NYY",8,30,30,11,10,0,0,1,6,2,0,0,0,0,0,0,1,0,0,0.366666666,4727
2015,"Brian McCann","NYY",8,23,23,5,2,2,0,1,4,5,0,0,0,0,0,0,1,0,0,0.217391304,4810
2015,"Didi Gregorius","NYY",9,32,31,12,10,1,0,1,9,2,0,0,0,0,0,1,0,0,0,0.387096774,6012
2015,"Brett Gardner","NYY",9,29,29,12,7,3,0,2,5,9,0,0,0,0,0,0,0,0,0,0.413793103,9927
2015,"Gregorio Petit","NYY",1,3,3,1,1,0,0,0,1,0,0,0,0,0,0,0,0,0,0,0.333333333,3812
2015,"Chris Young","NYY",6,18,18,7,3,3,0,1,3,3,0,0,0,0,0,0,0,0,0,0.388888888,3882
2015,"David DeJesus","TBR",3,10,10,6,5,1,0,0,0,2,0,0,0,0,0,0,0,0,0,0.6,1825
2015,"Brandon Guyer","TBR",8,20,20,7,2,3,0,2,6,3,0,0,0,0,0,0,0,0,0,0.35,2636
2015,"Rene Rivera","TBR",3,5,5,2,1,1,0,0,0,0,0,0,0,0,0,0,0,0,0,0.4,3648
2015,"James Loney","TBR",9,35,35,8,6,2,0,0,2,3,0,0,0,0,0,0,2,0,0,0.228571428,4556
2015,"Asdrubal Cabrera","TBR",10,36,36,12,7,4,0,1,8,3,0,0,0,0,0,0,0,0,0,0.333333333,4962
2015,"Steven Souza Jr.","TBR",8,20,19,12,9,2,0,1,5,4,0,0,0,0,1,0,0,0,0,0.631578947,5667
2015,"Logan Forsythe","TBR",10,33,32,10,6,3,0,1,3,7,0,0,0,0,1,0,1,0,0,0.3125,7185
2015,"Joey Butler","TBR",5,15,15,2,1,0,0,1,2,5,0,0,0,0,0,0,2,0,0,0.133333333,7799
2015,"Evan Longoria","TBR",10,32,31,16,9,4,0,3,8,7,0,0,0,0,1,0,0,0,0,0.516129032,9368
2015,"Kevin Kiermaier","TBR",8,25,24,9,7,0,1,1,3,2,0,0,0,0,0,1,0,0,0,0.375,11038
2015,"Bobby Wilson","TBR",1,2,2,1,1,0,0,0,0,0,0,0,0,0,0,0,0,0,0,0.5,6564
2015,"Justin Smoak","TOR",4,8,8,5,2,0,1,2,3,4,0,0,0,0,0,0,0,0,0,0.625,9054
2015,"Chris Colabello","TOR",5,16,16,8,6,1,0,1,7,6,0,0,0,0,0,0,1,0,0,0.5,13051
2015,"Ezequiel Carrera","TOR",3,3,3,0,0,0,0,0,0,0,0,0,0,0,0,0,0,0,0,0,9048
2015,"Chris Parmelee","BAL",3,9,9,4,0,3,1,0,1,0,0,0,0,0,0,0,0,0,0,0.444444444,2554
2015,"J.J. Hardy","BAL",5,16,16,5,4,1,0,0,2,2,0,0,0,0,0,0,0,0,0,0.3125,3797
2015,"Matt Wieters","BAL",3,11,11,3,2,0,0,1,1,2,0,0,0,0,0,0,0,0,0,0.272727272,4298
2015,"David Lough","BAL",3,6,5,1,0,0,0,1,2,3,0,0,0,0,0,1,0,0,0,0.2,7215
2015,"Nolan Reimold","BAL",4,12,12,3,2,1,0,0,2,0,0,0,0,0,0,0,0,0,0,0.25,3441
2015,"Cole Figueroa","NYY",1,4,4,0,0,0,0,0,0,0,0,0,0,0,0,0,0,0,0,0,8790
2015,"John Ryan Murphy","NYY",2,6,6,1,0,0,0,1,1,1,0,0,0,0,0,0,0,0,0,0.166666666,10346
2015,"Rob Refsnyder","NYY",2,7,7,2,1,0,0,1,1,2,0,0,0,0,0,0,1,0,0,0.285714285,13770
2015,"John Jaso","TBR",6,9,9,6,3,3,0,0,3,4,0,0,0,0,0,0,1,0,0,0.666666666,5887
2015,"Tim Beckham","TBR",2,5,5,1,1,0,0,0,0,0,0,0,0,0,0,0,0,0,0,0.2,7949
2015,"Curt Casali","TBR",2,4,4,0,0,0,0,0,0,0,0,0,0,0,0,0,0,0,0,0,12510
2015,"Mikie Mahtook","TBR",5,15,15,5,3,1,0,1,4,3,0,0,0,0,0,0,0,0,0,0.333333333,13130
2015,"Grady Sizemore","TBR",2,5,5,1,0,1,0,0,0,2,0,0,0,0,0,0,0,0,0,0.2,2197
2015,"Brendan Ryan","NYY",1,1,1,0,0,0,0,0,0,0,0,0,0,0,0,0,0,0,0,0,6073
2015,"Greg Bird","NYY",3,7,7,3,2,0,0,1,2,2,0,0,0,0,0,0,0,0,0,0.428571428,14131
2015,"Jose Pirela","NYY",1,1,1,1,1,0,0,0,0,1,0,0,0,0,0,0,0,0,0,1,5485
2015,"Troy Tulowitzki","TOR",3,10,10,2,2,0,0,0,0,1,0,0,0,0,0,0,1,0,0,0.2,3531
2015,"Ben Revere","TOR",3,6,6,3,3,0,0,0,3,0,0,0,0,0,0,0,0,0,0,0.5,4712
2015,"Cliff Pennington","TOR",2,6,6,0,0,0,0,0,0,0,0,0,0,0,0,0,0,0,0,0,3395
2015,"Matt Hague","TOR",1,1,1,1,1,0,0,0,1,0,0,0,0,0,0,0,0,0,0,1,7772
2015,"Munenori Kawasaki","TOR",1,1,1,1,1,0,0,0,1,0,0,0,0,0,0,0,0,0,0,1,13047
2015,"J.P. Arencibia","TBR",2,5,5,1,1,0,0,0,0,0,0,0,0,0,0,0,0,0,0,0.2,697
2015,"Richie Shaffer","TBR",3,7,7,2,1,0,0,1,3,1,0,0,0,0,0,0,0,0,0,0.285714285,13271
2015,"Luke Maile","TBR",2,6,6,1,0,1,0,0,0,0,0,0,0,0,0,0,2,0,0,0.166666666,13355
2015,"Daniel Nava","TBR",1,2,2,1,1,0,0,0,0,1,0,0,0,0,0,0,0,0,0,0.5,5450
2015,"Nick Franklin","TBR",1,2,2,1,1,0,0,0,0,0,0,0,0,0,0,0,0,0,0,0.5,10166
2015,"Christian Walker","BAL",2,2,2,0,0,0,0,0,0,0,0,0,0,0,0,0,0,0,0,0,13419
2015,"Dariel Alvarez","BAL",1,2,2,1,1,0,0,0,0,0,0,0,0,0,0,0,0,0,0,0.5,15580
2015,"Gerardo Parra","BAL",2,6,6,1,0,1,0,0,0,0,0,0,0,0,0,0,0,0,0,0.166666666,8553
2015,"Paul Janish","BAL",1,3,3,0,0,0,0,0,0,0,0,0,0,0,0,0,0,0,0,0,7412
2016,"J.J. Hardy","BAL",6,17,16,7,2,2,0,3,4,8,0,0,0,0,1,0,0,0,0,0.4375,3797
2016,"Caleb Joseph","BAL",2,4,4,3,3,0,0,0,2,0,0,0,0,0,0,0,0,0,0,0.75,7087
2016,"Pedro Alvarez","BAL",2,5,5,2,1,1,0,0,1,0,0,0,0,0,0,0,0,0,0,0.4,2495
2016,"Hyun Soo Kim","BAL",3,4,4,0,0,0,0,0,0,0,0,0,0,0,0,0,0,0,0,0,18718
2016,"Jose Bautista","TOR",10,25,25,9,4,2,0,3,7,6,0,0,0,0,0,0,5,0,0,0.36,1887
2016,"Edwin Encarnacion","TOR",10,28,28,11,6,1,0,4,6,9,0,0,0,0,0,0,1,0,0,0.392857142,2151
2016,"Troy Tulowitzki","TOR",7,18,18,5,4,1,0,0,0,1,0,0,0,0,0,0,0,0,0,0.277777777,3531
2016,"Josh Thole","TOR",2,3,3,0,0,0,0,0,0,0,0,0,0,0,0,0,0,0,0,0,9689
2016,"Josh Donaldson","TOR",9,26,25,7,5,1,1,0,5,2,0,0,0,0,1,0,0,0,0,0.28,5038
2016,"Ryan Goins","TOR",4,10,10,2,2,0,0,0,1,0,0,0,0,0,0,0,1,0,0,0.2,9807
2016,"Michael Saunders","TOR",7,19,19,4,4,0,0,0,2,1,0,0,0,0,0,0,1,0,0,0.210526315,9981
2016,"Darwin Barney","TOR",4,8,8,1,0,0,0,1,1,1,0,0,0,0,0,0,1,0,0,0.125,2430
2016,"Kevin Pillar","TOR",10,30,29,10,9,1,0,0,1,4,0,0,0,0,0,1,2,0,0,0.344827586,12434
2016,"Russell Martin","TOR",8,20,20,8,7,0,0,1,3,3,0,0,0,0,0,0,2,0,0,0.4,4616
2016,"Ezequiel Carrera","TOR",5,12,11,3,3,0,0,0,1,1,0,0,0,0,1,0,1,0,0,0.272727272,9048
2016,"Chris Colabello","TOR",3,6,6,1,1,0,0,0,0,1,0,0,0,0,0,0,1,0,0,0.166666666,13051
2016,"Desmond Jennings","TBR",3,8,8,2,0,2,0,0,2,3,0,0,0,0,0,0,0,0,0,0.25,1965
2016,"Brandon Guyer","TBR",4,7,7,2,2,0,0,0,1,0,0,0,0,0,0,0,0,0,0,0.285714285,2636
2016,"Steven Souza Jr.","TBR",7,17,17,3,2,1,0,0,0,2,0,0,0,0,0,0,1,0,0,0.176470588,5667
2016,"Logan Morrison","TBR",7,20,20,4,3,0,0,1,1,1,0,0,0,0,0,0,0,0,0,0.2,9205
2016,"Logan Forsythe","TBR",9,24,24,12,8,1,1,2,8,7,0,0,0,0,0,0,0,0,0,0.5,7185
2016,"Corey Dickerson","TBR",9,22,22,9,3,5,0,1,3,3,0,0,0,0,0,0,2,0,0,0.409090909,10762
2016,"Evan Longoria","TBR",9,32,30,11,5,3,0,3,5,8,0,0,0,0,2,0,1,0,0,0.366666666,9368
2016,"Brad Miller","TBR",8,22,21,6,4,1,0,1,1,4,0,0,0,0,1,0,0,0,0,0.285714285,12775
2016,"Kevin Kiermaier","TBR",6,22,22,9,5,3,0,1,6,1,0,0,0,0,0,0,0,0,0,0.409090909,11038
2016,"Hank Conger","TBR",2,3,3,1,1,0,0,0,0,1,0,0,0,0,0,0,0,0,0,0.333333333,2505
2016,"Tim Beckham","TBR",3,7,7,4,4,0,0,0,2,0,0,0,0,0,0,0,0,0,0,0.571428571,7949
2016,"Steve Pearce","TBR",1,3,3,1,1,0,0,0,0,1,0,0,0,0,0,0,0,0,0,0.333333333,9957
2016,"Carlos Beltran","NYY",2,6,6,1,1,0,0,0,0,0,0,0,0,0,0,0,1,0,0,0.166666666,589
2016,"Brian McCann","NYY",5,14,14,5,3,2,0,0,0,1,0,0,0,0,0,0,0,0,0,0.357142857,4810
2016,"Didi Gregorius","NYY",9,27,27,10,7,2,0,1,4,2,0,0,0,0,0,0,0,0,0,0.37037037,6012
2016,"Dustin Ackley","NYY",1,1,1,0,0,0,0,0,0,0,0,0,0,0,0,0,0,0,0,0,10099
2016,"Alex Rodriguez","NYY",5,15,15,3,0,1,0,2,3,6,0,0,0,0,0,0,0,0,0,0.2,1274
2016,"Mark Teixeira","NYY",8,17,17,3,3,0,0,0,2,1,0,0,0,0,0,0,0,0,0,0.176470588,1281
2016,"Starlin Castro","NYY",9,28,28,12,6,5,1,0,2,4,0,0,0,0,0,0,2,0,0,0.428571428,4579
2016,"Jacoby Ellsbury","NYY",9,29,28,7,4,3,0,0,4,4,0,0,0,0,0,1,0,0,0,0.25,4727
2016,"Chase Headley","NYY",9,27,27,10,7,3,0,0,2,3,0,0,0,0,0,0,1,0,0,0.37037037,4720
2016,"Aaron Hicks","NYY",5,11,11,2,2,0,0,0,1,0,0,0,0,0,0,0,1,0,0,0.181818181,5297
2016,"Austin Romine","NYY",4,8,7,5,3,1,0,1,3,4,0,0,0,0,0,1,0,0,0,0.714285714,5491
2016,"Brett Gardner","NYY",10,31,30,10,5,4,1,0,6,3,0,0,0,0,0,1,1,0,0,0.333333333,9927
2016,"Ronald Torreyes","NYY",4,7,7,1,1,0,0,0,1,1,0,0,0,0,0,0,0,0,0,0.142857142,11400
2016,"Justin Smoak","TOR",3,8,8,2,2,0,0,0,1,1,0,0,0,0,0,0,1,0,0,0.25,9054
2016,"Devon Travis","TOR",6,19,19,6,2,2,0,2,5,3,0,0,0,0,0,0,0,0,0,0.315789473,13862
2016,"Matt Dominguez","TOR",1,3,3,0,0,0,0,0,0,0,0,0,0,0,0,0,0,0,0,0,4903
2016,"Nolan Reimold","BAL",5,9,9,3,2,0,0,1,1,2,0,0,0,0,0,0,0,0,0,0.333333333,3441
2016,"Matt Wieters","BAL",7,16,16,3,2,1,0,0,3,3,0,0,0,0,0,0,0,0,0,0.1875,4298
2016,"Adam Jones","BAL",6,18,18,5,2,1,0,2,2,5,0,0,0,0,0,0,0,0,0,0.277777777,6368
2016,"Ryan Flaherty","BAL",6,12,12,1,1,0,0,0,0,0,0,0,0,0,0,0,0,0,0,0.083333333,7888
2016,"Mark Trumbo","BAL",9,25,25,9,5,1,0,3,5,6,0,0,0,0,0,0,1,0,0,0.36,6876
2016,"Joey Rickard","BAL",6,17,17,6,4,2,0,0,3,0,0,0,0,0,0,0,0,0,0,0.352941176,13277
2016,"Chris Davis","BAL",9,21,21,7,4,0,0,3,8,9,0,0,0,0,0,0,0,0,0,0.333333333,9272
2016,"Paul Janish","BAL",1,3,3,1,1,0,0,0,1,0,0,0,0,0,0,0,0,0,0,0.333333333,7412
2016,"Jonathan Schoop","BAL",9,26,26,8,4,2,0,2,3,5,0,0,0,0,0,0,0,0,0,0.307692307,11265
2016,"Nick Franklin","TBR",6,15,15,6,5,1,0,0,3,1,0,0,0,0,0,0,0,0,0,0.4,10166
2016,"Manny Machado","BAL",9,33,33,13,8,3,0,2,7,3,0,0,0,0,0,0,1,0,0,0.393939393,11493
2016,"Oswaldo Arcia","TBR",2,3,3,0,0,0,0,0,0,0,0,0,0,0,0,0,0,0,0,0,10306
2016,"Curt Casali","TBR",3,9,8,3,2,0,0,1,1,2,0,0,0,0,0,1,0,0,0,0.375,12510
2016,"Rob Refsnyder","NYY",3,4,4,1,1,0,0,0,0,0,0,0,0,0,0,0,0,0,0,0.25,13770
2016,"Gary Sanchez","NYY",7,24,24,12,7,2,0,3,6,6,0,0,0,0,0,0,2,0,0,0.5,11442
2016,"Bobby Wilson","TBR",2,6,6,3,2,1,0,0,3,1,0,0,0,0,0,0,0,0,0,0.5,6564
2016,"Matt Duffy","TBR",2,6,6,0,0,0,0,0,0,0,0,0,0,0,0,0,0,0,0,0,13836
2016,"Luke Maile","TBR",1,2,2,2,1,0,0,1,1,2,0,0,0,0,0,0,0,0,0,1,13355
2016,"Steve Pearce","BAL",1,1,1,0,0,0,0,0,0,0,0,0,0,0,0,0,0,0,0,0,9957
2016,"Michael Bourn","BAL",2,5,5,1,1,0,0,0,0,0,0,0,0,0,0,0,0,0,0,0.2,6387
2016,"Drew Stubbs","BAL",2,2,2,0,0,0,0,0,1,0,0,0,0,0,0,0,0,0,0,0,9328
2016,"Tyler Austin","NYY",1,2,2,1,0,1,0,0,0,0,0,0,0,0,0,0,0,0,0,0.5,11850
2016,"Billy Butler","NYY",4,8,7,4,3,0,0,1,2,4,0,0,0,0,1,0,0,0,0,0.571428571,7399
2016,"Mason Williams","NYY",3,7,6,4,3,1,0,0,2,0,0,0,0,0,0,1,0,0,0,0.666666666,11859
2016,"Donovan Solano","NYY",1,4,4,1,1,0,0,0,1,0,0,0,0,0,0,0,0,0,0,0.25,8623
2016,"B.J. Upton","TOR",2,2,2,1,1,0,0,0,0,0,0,0,0,0,0,0,0,0,0,0.5,5015
2016,"Dalton Pompey","TOR",1,0,0,0,0,0,0,0,1,0,0,0,0,0,0,0,0,0,0,0,12797
2017,"Welington Castillo","BAL",4,15,15,7,6,1,0,0,3,2,0,0,0,0,0,0,0,0,0,0.466666666,3256
2017,"J.J. Hardy","BAL",6,20,20,6,6,0,0,0,1,2,0,0,0,0,0,0,1,0,0,0.3,3797
2017,"Adam Jones","BAL",9,30,30,9,5,3,0,1,4,4,0,0,0,0,0,0,1,0,0,0.3,6368
2017,"Ryan Flaherty","BAL",2,3,3,0,0,0,0,0,0,0,0,0,0,0,0,0,0,0,0,0,7888
2017,"Mark Trumbo","BAL",9,29,29,11,9,1,0,1,8,4,0,0,0,0,0,0,0,0,0,0.379310344,6876
2017,"Chris Davis","BAL",9,22,20,9,6,1,0,2,6,4,0,0,0,0,2,0,0,0,0,0.45,9272
2017,"Craig Gentry","BAL",6,8,8,2,1,1,0,0,2,2,0,0,0,0,0,0,1,0,0,0.25,9571
2017,"Trey Mancini","BAL",7,19,17,13,7,3,1,2,4,11,0,0,0,0,2,0,0,0,0,0.764705882,15149
2017,"Jonathan Schoop","BAL",9,27,27,14,11,1,0,2,9,5,0,0,0,0,0,0,0,0,0,0.518518518,11265
2017,"Seth Smith","BAL",5,17,17,5,4,1,0,0,4,4,0,0,0,0,0,0,1,0,0,0.294117647,7331
2017,"Manny Machado","BAL",9,30,30,8,4,1,0,3,7,8,0,0,0,0,0,0,1,0,0,0.266666666,11493
2017,"Steven Souza Jr.","TBR",6,15,15,6,4,0,0,2,6,7,0,0,0,0,0,0,1,0,0,0.4,5667
2017,"Derek Norris","TBR",5,12,12,3,2,1,0,0,2,0,0,0,0,0,0,0,0,0,0,0.25,6867
2017,"Shane Peterson","TBR",1,5,5,2,1,0,0,1,1,3,0,0,0,0,0,0,0,0,0,0.4,7423
2017,"Tim Beckham","TBR",6,16,16,7,6,0,0,1,3,4,0,0,0,0,0,0,0,0,0,0.4375,7949
2017,"Logan Morrison","TBR",8,21,21,5,2,1,0,2,3,5,0,0,0,0,0,0,0,0,0,0.238095238,9205
2017,"Evan Longoria","TBR",10,30,29,9,6,2,0,1,4,6,0,0,0,0,1,0,3,0,0,0.310344827,9368
2017,"Corey Dickerson","TBR",9,25,25,11,5,4,1,1,5,2,0,0,0,0,0,0,1,0,0,0.44,10762
2017,"Kevin Kiermaier","TBR",10,29,28,11,8,2,0,1,6,3,0,0,0,0,0,1,1,0,0,0.392857142,11038
2017,"Brad Miller","TBR",7,19,19,10,5,2,2,1,6,4,0,0,0,0,0,0,0,0,0,0.526315789,12775
2017,"Peter Bourjos","TBR",4,5,5,1,1,0,0,0,0,0,0,0,0,0,0,0,0,0,0,0.2,2578
2017,"Daniel Robertson","TBR",2,3,3,0,0,0,0,0,0,0,0,0,0,0,0,0,0,0,0,0,14145
2017,"Rickie Weeks Jr.","TBR",5,9,9,5,3,2,0,0,2,1,0,0,0,0,0,0,0,0,0,0.555555555,1849
2017,"Jesus Sucre","TBR",4,9,8,4,3,0,0,1,2,5,0,0,0,0,1,0,0,0,0,0.5,5942
2017,"Starlin Castro","NYY",4,11,11,4,3,1,0,0,1,1,0,0,0,0,0,0,0,0,0,0.363636363,4579
2017,"Jacoby Ellsbury","NYY",6,16,15,2,1,1,0,0,1,0,0,0,0,0,0,1,0,0,0,0.133333333,4727
2017,"Greg Bird","NYY",1,1,1,1,1,0,0,0,0,1,0,0,0,0,0,0,0,0,0,1,14131
2017,"Aaron Hicks","NYY",4,8,8,3,2,1,0,0,2,0,0,0,0,0,0,0,0,0,0,0.375,5297
2017,"Chris Carter","NYY",1,2,2,0,0,0,0,0,0,0,0,0,0,0,0,0,2,0,0,0,9911
2017,"Caleb Joseph","BAL",5,12,12,3,2,1,0,0,0,1,0,0,0,0,0,0,1,0,0,0.25,7087
2017,"Joey Rickard","BAL",3,6,6,2,1,1,0,0,0,0,0,0,0,0,0,0,0,0,0,0.333333333,13277
2017,"Francisco Pena","BAL",1,1,1,0,0,0,0,0,0,0,0,0,0,0,0,0,0,0,0,0,8298
2017,"Hyun Soo Kim","BAL",1,4,4,1,1,0,0,0,2,0,0,0,0,0,0,0,0,0,0,0.25,18718
2017,"Colby Rasmus","TBR",1,1,1,0,0,0,0,0,0,0,0,0,0,0,0,0,0,0,0,0,9893
2017,"Gary Sanchez","NYY",6,19,18,5,2,1,0,2,2,5,0,0,0,0,1,0,0,0,0,0.277777777,11442
2017,"Garrett Cooper","NYY",3,5,5,1,0,1,0,0,0,0,0,0,0,0,0,0,0,0,0,0.2,15279
2017,"Matt Holliday","NYY",5,14,13,4,3,0,0,1,1,3,0,0,0,0,1,0,1,0,0,0.307692307,1873
2017,"Chase Headley","NYY",8,27,27,12,8,4,0,0,6,0,0,0,0,0,0,0,1,0,0,0.444444444,4720
2017,"Ji Man Choi","NYY",1,3,2,2,1,1,0,0,0,1,0,0,0,0,1,0,0,0,0,1,5452
2017,"Austin Romine","NYY",5,11,11,3,3,0,0,0,0,1,0,0,0,0,0,0,0,0,0,0.272727272,5491
2017,"Didi Gregorius","NYY",7,22,22,7,4,2,0,1,5,2,0,0,0,0,0,0,0,0,0,0.318181818,6012
2017,"Brett Gardner","NYY",7,25,25,10,9,0,0,1,2,2,0,0,0,0,0,0,0,0,0,0.4,9927
2017,"Ronald Torreyes","NYY",9,28,26,8,8,0,0,0,0,3,0,0,0,0,0,2,1,0,0,0.307692307,11400
2017,"Aaron Judge","NYY",9,22,22,3,2,0,0,1,2,2,0,0,0,0,0,0,1,0,0,0.136363636,15640
2017,"Clint Frazier","NYY",3,8,8,3,3,0,0,0,1,0,0,0,0,0,0,0,0,0,0,0.375,15983
2017,"Jose Bautista","TOR",9,28,27,8,1,5,0,2,5,4,0,0,0,0,1,0,1,0,0,0.296296296,1887
2017,"Darwin Barney","TOR",10,24,24,7,4,2,0,1,5,2,0,0,0,0,0,0,1,0,0,0.291666666,2430
2017,"Troy Tulowitzki","TOR",3,11,11,4,4,0,0,0,0,1,0,0,0,0,0,0,0,0,0,0.363636363,3531
2017,"Russell Martin","TOR",5,13,13,2,1,1,0,0,4,0,0,0,0,0,0,0,2,0,0,0.153846153,4616
2017,"Josh Donaldson","TOR",9,29,29,11,5,3,0,3,6,6,0,0,0,0,0,0,0,0,0,0.379310344,5038
2017,"Kendrys Morales","TOR",10,41,41,14,9,2,0,3,5,11,0,0,0,0,0,0,4,0,0,0.341463414,8610
2017,"Ezequiel Carrera","TOR",4,9,9,5,4,1,0,0,1,0,0,0,0,0,0,0,0,0,0,0.555555555,9048
2017,"Justin Smoak","TOR",10,28,28,11,5,3,0,3,7,6,0,0,0,0,0,0,1,0,0,0.392857142,9054
2017,"Steve Pearce","TOR",6,20,20,7,4,2,0,1,4,2,0,0,0,0,0,0,1,0,0,0.35,9957
2017,"Kevin Pillar","TOR",8,34,33,10,8,2,0,0,2,1,0,0,0,0,0,1,2,0,0,0.303030303,12434
2017,"Ryan Goins","TOR",8,21,20,9,7,1,0,1,5,5,0,0,0,0,1,0,0,0,0,0.45,9807
2017,"Miguel Montero","TOR",3,4,4,1,1,0,0,0,1,0,0,0,0,0,0,0,0,0,0,0.25,3364
2017,"Todd Frazier","NYY",3,7,7,3,1,0,0,2,3,3,0,0,0,0,0,0,0,0,0,0.428571428,785
2017,"Tyler Austin","NYY",2,5,5,2,0,1,0,1,1,3,0,0,0,0,0,0,0,0,0,0.4,11850
2017,"Tim Beckham","BAL",3,10,10,4,2,1,0,1,3,5,0,0,0,0,0,0,0,0,0,0.4,7949
2017,"Anthony Santander","BAL",1,1,1,0,0,0,0,0,0,0,0,0,0,0,0,0,0,0,0,0,14551
2017,"Raffy Lopez","TOR",1,3,3,2,1,0,0,1,1,2,0,0,0,0,0,0,0,0,0,0.666666666,12606
2017,"Michael Saunders","TOR",3,4,4,2,2,0,0,0,0,0,0,0,0,0,0,0,0,0,0,0.5,9981
2017,"Teoscar Hernandez","TOR",5,13,12,5,1,1,0,3,4,9,0,0,0,0,1,0,0,0,0,0.416666666,13066
2017,"Rob Refsnyder","TOR",1,1,1,0,0,0,0,0,0,0,0,0,0,0,0,0,0,0,0,0,13770
2017,"Richard Urena","TOR",3,8,8,1,1,0,0,0,0,0,0,0,0,0,0,0,0,0,0,0.125,16411
2017,"Lucas Duda","TBR",2,6,6,2,0,1,0,1,1,2,0,0,0,0,0,0,0,0,0,0.333333333,2502
2017,"Adeiny Hechavarria","TBR",3,8,8,1,1,0,0,0,1,0,0,0,0,0,0,0,1,0,0,0.125,10459
2017,"Wilson Ramos","TBR",2,6,6,3,2,0,0,1,2,2,0,0,0,0,0,0,0,0,0,0.5,1433
2017,"Cesar Puello","TBR",1,2,2,0,0,0,0,0,0,0,0,0,0,0,0,0,1,0,0,0,7216
2017,"Trevor Plouffe","TBR",1,4,4,1,1,0,0,0,0,0,0,0,0,0,0,0,0,0,0,0.25,7462
2017,"Danny Espinosa","TBR",1,3,3,3,3,0,0,0,0,0,0,0,0,0,0,0,0,0,0,1,9219
2017,"Curt Casali","TBR",1,2,2,1,1,0,0,0,0,0,0,0,0,0,0,0,0,0,0,0.5,12510
2017,"Mallex Smith","TBR",2,4,4,0,0,0,0,0,0,0,0,0,0,0,0,0,0,0,0,0,13608
2017,"Luke Maile","TOR",1,3,3,2,1,1,0,0,1,0,0,0,0,0,0,0,0,0,0,0.666666666,13355
2018,"Wilson Ramos","TBR",4,13,13,4,1,1,0,2,3,4,0,0,0,0,0,0,1,0,0,0.307692307,1433
2018,"Carlos Gomez","TBR",7,17,17,6,4,1,0,1,2,3,0,0,0,0,0,0,0,0,0,0.352941176,4881
2018,"Denard Span","TBR",5,12,12,6,4,0,0,2,4,5,0,0,0,0,0,0,0,0,0,0.5,8347
2018,"Adeiny Hechavarria","TBR",6,23,22,5,5,0,0,0,2,1,0,0,0,0,0,1,0,0,0,0.227272727,10459
2018,"Kevin Kiermaier","TBR",4,13,13,3,1,1,1,0,0,1,0,0,0,0,0,0,0,0,0,0.23076923,11038
2018,"C.J. Cron","TBR",9,30,30,10,5,2,0,3,6,4,0,0,0,0,0,0,1,0,0,0.333333333,12546
2018,"Brad Miller","TBR",6,16,16,6,4,2,0,0,2,4,0,0,0,0,0,0,0,0,0,0.375,12775
2018,"Mallex Smith","TBR",7,19,18,4,4,0,0,0,1,1,0,0,0,0,0,1,2,0,0,0.222222222,13608
2018,"Rob Refsnyder","TBR",4,5,5,2,1,0,0,1,2,1,0,0,0,0,0,0,1,0,0,0.4,13770
2018,"Matt Duffy","TBR",8,26,26,10,8,1,0,1,2,2,0,0,0,0,0,0,1,0,0,0.384615384,13836
2018,"Joey Wendle","TBR",7,19,19,9,3,4,1,1,4,4,0,0,0,0,0,0,0,0,0,0.47368421,13853
2018,"Daniel Robertson","TBR",5,12,12,7,4,2,0,1,4,1,0,0,0,0,0,0,0,0,0,0.583333333,14145
2018,"Jesus Sucre","TBR",4,10,9,1,0,1,0,0,0,2,0,0,0,0,1,0,1,0,0,0.111111111,5942
2018,"Shane Robinson","NYY",3,7,6,1,1,0,0,0,1,0,0,0,0,0,0,1,0,0,0,0.166666666,4249
2018,"Austin Romine","NYY",6,12,12,3,2,1,0,0,1,1,0,0,0,0,0,0,0,0,0,0.25,5491
2018,"Giancarlo Stanton","NYY",9,28,27,18,11,4,1,2,7,9,0,0,0,0,1,0,1,0,0,0.666666666,4949
2018,"Didi Gregorius","NYY",9,32,30,7,4,1,0,2,6,7,0,0,0,0,2,0,1,0,0,0.233333333,6012
2018,"Neil Walker","NYY",5,12,12,3,3,0,0,0,0,0,0,0,0,0,0,0,0,0,0,0.25,7539
2018,"Gary Sanchez","NYY",4,13,13,6,0,3,0,3,5,8,0,0,0,0,0,0,0,0,0,0.461538461,11442
2018,"Tyler Austin","NYY",2,4,4,2,2,0,0,0,0,1,0,0,0,0,0,0,0,0,0,0.5,11850
2018,"Aaron Judge","NYY",5,14,14,8,5,1,0,2,7,2,0,0,0,0,0,0,2,0,0,0.571428571,15640
2018,"Tyler Wade","NYY",5,7,7,0,0,0,0,0,1,0,0,0,0,0,0,0,0,0,0,0,15730
2018,"Brett Gardner","NYY",8,21,21,6,5,0,1,0,6,0,0,0,0,0,0,0,0,0,0,0.285714285,9927
2018,"Miguel Andujar","NYY",9,30,30,7,2,4,0,1,4,3,0,0,0,0,0,0,0,0,0,0.233333333,15878
2018,"Aaron Hicks","NYY",8,23,23,4,2,0,0,2,4,5,0,0,0,0,0,0,0,0,0,0.173913043,5297
2018,"Ronald Torreyes","NYY",2,3,3,1,0,1,0,0,0,0,0,0,0,0,0,0,0,0,0,0.333333333,11400
2018,"Pedro Alvarez","BAL",3,7,7,3,1,0,0,2,2,4,0,0,0,0,0,0,0,0,0,0.428571428,2495
2018,"Danny Valencia","BAL",6,16,16,5,5,0,0,0,1,0,0,0,0,0,0,0,0,0,0,0.3125,6364
2018,"Caleb Joseph","BAL",4,8,8,3,2,1,0,0,3,0,0,0,0,0,0,0,0,0,0,0.375,7087
2018,"Adam Jones","BAL",10,36,34,11,10,1,0,0,3,5,0,0,0,0,2,0,1,0,0,0.323529411,6368
2018,"Tim Beckham","BAL",5,10,10,2,2,0,0,0,1,0,0,0,0,0,0,0,2,0,0,0.2,7949
2018,"Chris Davis","BAL",5,9,9,3,1,2,0,0,2,0,0,0,0,0,0,0,0,0,0,0.333333333,9272
2018,"Craig Gentry","BAL",3,5,5,4,4,0,0,0,1,0,0,0,0,0,0,0,0,0,0,0.8,9571
2018,"Jonathan Schoop","BAL",5,15,14,4,3,0,0,1,2,2,0,0,0,0,1,0,0,0,0,0.285714285,11265
2018,"Manny Machado","BAL",7,23,23,9,4,4,0,1,1,7,0,0,0,0,0,0,0,0,0,0.391304347,11493
2018,"Trey Mancini","BAL",10,29,29,11,8,1,1,1,7,4,0,0,0,0,0,0,0,0,0,0.379310344,15149
2018,"Chance Sisco","BAL",3,5,5,2,1,1,0,0,1,1,0,0,0,0,0,0,0,0,0,0.4,15694
2018,"Anthony Santander","BAL",1,2,2,1,0,1,0,0,1,0,0,0,0,0,0,0,0,0,0,0.5,14551
2018,"Johnny Field","TBR",2,6,6,2,1,0,0,1,2,3,0,0,0,0,0,0,0,0,0,0.333333333,15048
2018,"Mark Trumbo","BAL",4,11,11,3,2,1,0,0,1,2,0,0,0,0,0,0,0,0,0,0.272727272,6876
2018,"Andrew Susac","BAL",3,7,7,2,1,1,0,0,1,0,0,0,0,0,0,0,0,0,0,0.285714285,13132
2018,"Joey Rickard","BAL",6,14,14,5,3,2,0,0,0,0,0,0,0,0,0,0,0,0,0,0.357142857,13277
2018,"Jace Peterson","BAL",3,3,3,1,0,1,0,0,1,0,0,0,0,0,0,0,0,0,0,0.333333333,12325
2018,"Russell Martin","TOR",5,13,13,4,4,0,0,0,3,0,0,0,0,0,0,0,0,0,0,0.307692307,4616
2018,"Josh Donaldson","TOR",1,1,1,1,1,0,0,0,0,0,0,0,0,0,0,0,0,0,0,1,5038
2018,"Yangervis Solarte","TOR",10,32,31,6,6,0,0,0,2,1,0,0,0,0,1,0,2,0,0,0.193548387,5352
2018,"Justin Smoak","TOR",9,24,24,9,4,2,0,3,3,7,0,0,0,0,0,0,0,0,0,0.375,9054
2018,"Kendrys Morales","TOR",10,28,28,11,6,4,0,1,5,5,0,0,0,0,0,0,0,0,0,0.392857142,8610
2018,"Gio Urshela","TOR",2,1,1,0,0,0,0,0,2,0,0,0,0,0,0,0,0,0,0,0,10681
2018,"Kevin Pillar","TOR",8,19,19,7,4,3,0,0,4,5,0,0,0,0,0,0,0,0,0,0.368421052,12434
2018,"Teoscar Hernandez","TOR",9,20,20,7,2,1,1,3,3,7,0,0,0,0,0,0,0,0,0,0.35,13066
2018,"Luke Maile","TOR",4,8,8,0,0,0,0,0,0,0,0,0,0,0,0,0,0,0,0,0,13355
2018,"Devon Travis","TOR",8,25,25,9,7,1,1,0,1,0,0,0,0,0,0,0,0,0,0,0.36,13862
2018,"Curtis Granderson","TOR",5,9,9,1,1,0,0,0,0,1,0,0,0,0,0,0,0,0,0,0.111111111,4747
2018,"Dwight Smith Jr.","TOR",5,9,8,3,1,1,0,1,2,3,0,0,0,0,1,0,0,0,0,0.375,13473
2018,"Randal Grichuk","TOR",5,11,11,5,4,1,0,0,2,0,0,0,0,0,0,0,0,0,0,0.454545454,10243
2018,"Lourdes Gurriel Jr.","TOR",6,21,21,10,7,2,0,1,4,3,0,0,0,0,0,0,0,0,0,0.476190476,19238
2018,"Aledmys Diaz","TOR",5,12,12,1,1,0,0,0,1,1,0,0,0,0,0,0,0,0,0,0.083333333,15937
2018,"Greg Bird","NYY",5,11,11,3,2,1,0,0,1,1,0,0,0,0,0,0,0,0,0,0.272727272,14131
2018,"Luke Voit","NYY",4,10,10,3,1,0,0,2,2,3,0,0,0,0,0,0,0,0,0,0.3,14811
2018,"Gleyber Torres","NYY",7,10,9,2,0,1,0,1,2,5,0,0,0,0,1,0,1,0,0,0.222222222,16997
2018,"Tommy Pham","TBR",3,5,5,0,0,0,0,0,1,0,0,0,0,0,0,0,0,0,0,0,2967
2018,"Michael Perez","TBR",2,2,2,1,1,0,0,0,0,0,0,0,0,0,0,0,0,0,0,0.5,12977
2018,"Jake Bauers","TBR",3,4,4,0,0,0,0,0,1,0,0,0,0,0,0,0,0,0,0,0,15194
2018,"Willy Adames","TBR",2,5,5,0,0,0,0,0,0,0,0,0,0,0,0,0,0,0,0,0,15986
2018,"Ji Man Choi","TBR",1,2,2,1,1,0,0,0,0,0,0,0,0,0,0,0,0,0,0,0.5,5452
2018,"Brandon Lowe","TBR",1,0,0,0,0,0,0,0,0,0,0,0,0,0,0,0,0,0,0,0,18882
2018,"Jonathan Davis","TOR",2,2,2,1,1,0,0,0,1,0,0,0,0,0,0,0,0,0,0,0.5,15104
2018,"Rowdy Tellez","TOR",2,2,2,1,0,1,0,0,0,0,0,0,0,0,0,0,0,0,0,0.5,15679
2018,"Danny Jansen","TOR",3,4,4,1,1,0,0,0,0,0,0,0,0,0,0,0,0,0,0,0.25,16535
2018,"Billy McKinney","TOR",1,3,3,0,0,0,0,0,0,0,0,0,0,0,0,0,0,0,0,0,15654
2018,"Reese McGuire","TOR",1,1,1,0,0,0,0,0,0,0,0,0,0,0,0,0,0,0,0,0,15674
2018,"Corban Joseph","BAL",1,1,1,1,1,0,0,0,0,0,0,0,0,0,0,0,0,0,0,1,5503
2018,"Jonathan Villar","BAL",3,5,5,1,1,0,0,0,1,0,0,0,0,0,0,0,0,0,0,0.2,10071
2018,"Renato Nunez","BAL",3,9,8,5,4,0,0,1,1,4,0,0,0,0,1,0,0,0,0,0.625,14503
2018,"Stevie Wilkerson","BAL",3,6,6,2,1,1,0,0,0,1,0,0,0,0,0,0,0,0,0,0.333333333,16041
2018,"Cedric Mullins","BAL",3,7,7,0,0,0,0,0,1,0,0,0,0,0,0,0,0,0,0,0,17929
2018,"John Andreoli","BAL",1,3,3,1,0,1,0,0,0,2,0,0,0,0,0,0,0,0,0,0.333333333,13012
2018,"Austin Wynns","BAL",1,3,3,1,1,0,0,0,0,0,0,0,0,0,0,0,0,0,0,0.333333333,15271
2018,"DJ Stewart","BAL",2,1,1,0,0,0,0,0,1,0,0,0,0,0,0,0,0,0,0,0,17766
2018,"Andrew McCutchen","NYY",2,7,7,3,3,0,0,0,1,1,0,0,0,0,0,0,0,0,0,0.428571428,9847
2018,"Kyle Higashioka","NYY",1,1,1,0,0,0,0,0,0,0,0,0,0,0,0,0,0,0,0,0,5517
2018,"Adeiny Hechavarria","NYY",2,2,2,0,0,0,0,0,0,0,0,0,0,0,0,0,0,0,0,0,10459
2019,"Randal Grichuk","TOR",9,28,28,8,5,2,0,1,4,6,0,0,0,0,0,0,2,0,0,0.285714285,10243
2019,"Freddy Galvis","TOR",9,31,31,14,10,2,0,2,6,9,0,0,0,0,0,0,1,0,0,0.451612903,6609
2019,"Brandon Drury","TOR",6,14,13,4,4,0,0,0,0,2,0,0,0,0,1,0,1,0,0,0.307692307,11615
2019,"Alen Hanson","TOR",1,2,2,1,1,0,0,0,1,0,0,0,0,0,0,0,0,0,0,0.5,12926
2019,"Teoscar Hernandez","TOR",6,13,12,5,2,0,0,3,9,6,0,0,0,0,1,0,1,0,0,0.416666666,13066
2019,"Billy McKinney","TOR",4,14,14,5,3,0,1,1,5,2,0,0,0,0,0,0,0,0,0,0.357142857,15654
2019,"Richard Urena","TOR",1,2,1,0,0,0,0,0,0,0,0,0,0,0,0,1,0,0,0,0,16411
2019,"Danny Jansen","TOR",7,16,16,4,4,0,0,0,2,4,0,0,0,0,0,0,1,0,0,0.25,16535
2019,"Lourdes Gurriel Jr.","TOR",9,30,30,13,8,3,1,1,3,3,0,0,0,0,0,0,0,0,0,0.433333333,19238
2019,"Justin Smoak","TOR",5,15,15,6,3,1,0,2,4,6,0,0,0,0,0,0,1,0,0,0.4,9054
2019,"Socrates Brito","TOR",1,2,2,0,0,0,0,0,1,0,0,0,0,0,0,0,1,0,0,0,12944
2019,"Rowdy Tellez","TOR",3,8,8,5,2,1,0,2,4,3,0,0,0,0,0,0,0,0,0,0.625,15679
2019,"Jesus Sucre","BAL",3,7,7,1,1,0,0,0,0,0,0,0,0,0,0,0,0,0,0,0.142857142,5942
2019,"Chris Davis","BAL",7,14,14,6,2,3,0,1,3,6,0,0,0,0,0,0,0,0,0,0.428571428,9272
2019,"Hanser Alberto","BAL",7,26,26,7,6,1,0,0,2,2,0,0,0,0,0,0,1,0,0,0.269230769,11902
2019,"Jonathan Villar","BAL",10,31,31,12,10,2,0,0,9,3,0,0,0,0,0,0,1,0,0,0.387096774,10071
2019,"Joey Rickard","BAL",2,4,4,0,0,0,0,0,0,0,0,0,0,0,0,0,0,0,0,0,13277
2019,"Dwight Smith Jr.","BAL",5,12,12,3,0,1,0,2,4,6,0,0,0,0,0,0,2,0,0,0.25,13473
2019,"Renato Nunez","BAL",10,30,29,11,6,1,0,4,8,14,0,0,0,0,1,0,0,0,0,0.379310344,14503
2019,"Trey Mancini","BAL",10,24,24,13,6,6,0,1,9,6,0,0,0,0,0,0,1,0,0,0.541666666,15149
2019,"Richie Martin Jr.","BAL",6,12,12,6,3,2,0,1,4,2,0,0,0,0,0,0,0,0,0,0.5,17736
2019,"Cedric Mullins","BAL",4,10,9,1,1,0,0,0,1,0,0,0,0,0,0,1,0,0,0,0.111111111,17929
2019,"Rio Ruiz","BAL",5,19,19,3,3,0,0,0,1,2,0,0,0,0,0,0,0,0,0,0.157894736,14103
2019,"Pedro Severino","BAL",3,8,8,1,1,0,0,0,0,0,0,0,0,0,0,0,1,0,0,0.125,14523
2019,"Tommy Pham","TBR",6,15,15,4,1,3,0,0,1,2,0,0,0,0,0,0,1,0,0,0.266666666,2967
2019,"Ji Man Choi","TBR",5,11,11,8,4,3,0,1,6,2,0,0,0,0,0,0,1,0,0,0.727272727,5452
2019,"Brandon Lowe","TBR",3,11,11,7,4,1,0,2,4,5,0,0,0,0,0,0,0,0,0,0.636363636,18882
2019,"Avisail Garcia","TBR",8,23,23,9,6,2,0,1,4,3,0,0,0,0,0,0,0,0,0,0.391304347,5760
2019,"Travis d'Arnaud","TBR",4,12,11,8,5,1,0,2,4,6,0,0,0,0,1,0,0,0,0,0.727272727,7739
2019,"Kevin Kiermaier","TBR",7,25,25,8,5,0,1,2,4,7,0,0,0,0,0,0,0,0,0,0.32,11038
2019,"Mike Zunino","TBR",6,12,12,4,3,0,0,1,2,2,0,0,0,0,0,0,1,0,0,0.333333333,13265
2019,"Daniel Robertson","TBR",4,6,6,1,0,0,0,1,1,2,0,0,0,0,0,0,1,0,0,0.166666666,14145
2019,"Austin Meadows","TBR",6,16,16,8,4,1,1,2,4,5,0,0,0,0,0,0,0,0,0,0.5,15672
2019,"Willy Adames","TBR",9,19,19,4,3,0,0,1,5,2,0,0,0,0,0,0,2,0,0,0.210526315,15986
2019,"Christian Arroyo","TBR",3,6,6,1,1,0,0,0,0,0,0,0,0,0,0,0,0,0,0,0.166666666,16434
2019,"Yandy Diaz","TBR",6,22,22,10,6,1,1,2,4,5,0,0,0,0,0,0,1,0,0,0.454545454,16578
2019,"Guillermo Heredia","TBR",6,16,16,4,2,1,0,1,3,2,0,0,0,0,0,0,0,0,0,0.25,18721
2019,"Eric Sogard","TOR",6,25,25,10,7,2,0,1,4,2,0,0,0,0,0,0,0,0,0,0.4,7927
2019,"Vladimir Guerrero Jr.","TOR",6,20,20,4,4,0,0,0,1,1,0,0,0,0,0,0,2,0,0,0.2,19611
2019,"Luke Maile","TOR",2,3,3,0,0,0,0,0,0,0,0,0,0,0,0,0,0,0,0,0,13355
2019,"Cavan Biggio","TOR",5,13,13,4,3,1,0,0,2,2,0,0,0,0,0,0,0,0,0,0.307692307,19252
2019,"Edwin Encarnacion","NYY",10,28,28,12,6,5,0,1,6,6,0,0,0,0,0,0,0,0,0,0.428571428,2151
2019,"Aaron Hicks","NYY",5,16,15,5,3,1,0,1,4,4,0,0,0,0,1,0,0,0,0,0.333333333,5297
2019,"Austin Romine","NYY",4,11,11,6,2,2,0,2,5,5,0,0,0,0,0,0,0,0,0,0.545454545,5491
2019,"DJ LeMahieu","NYY",8,29,29,11,8,3,0,0,7,8,0,0,0,0,0,0,2,0,0,0.379310344,9874
2019,"Didi Gregorius","NYY",9,35,34,9,3,4,0,2,10,7,0,0,0,0,1,0,1,0,0,0.264705882,6012
2019,"Brett Gardner","NYY",6,17,17,6,4,0,0,2,4,4,0,0,0,0,0,0,0,0,0,0.352941176,9927
2019,"Gio Urshela","NYY",6,18,18,10,3,5,0,2,6,7,0,0,0,0,0,0,0,0,0,0.555555555,10681
2019,"Gary Sanchez","NYY",5,12,12,2,1,1,0,0,5,5,0,0,0,0,0,0,0,0,0,0.166666666,11442
2019,"Luke Voit","NYY",9,24,24,14,7,7,0,0,3,3,0,0,0,0,0,0,0,0,0,0.583333333,14811
2019,"Kyle Higashioka","NYY",2,3,3,2,1,0,0,1,1,3,0,0,0,0,0,0,0,0,0,0.666666666,5517
2019,"Aaron Judge","NYY",10,31,31,8,4,2,0,2,3,4,0,0,0,0,0,0,1,0,0,0.258064516,15640
2019,"Mike Tauchman","NYY",6,15,15,6,3,2,0,1,4,2,0,0,0,0,0,0,0,0,0,0.4,15274
2019,"Gleyber Torres","NYY",10,30,29,13,9,3,0,1,7,6,0,0,0,0,1,0,0,0,0,0.448275862,16997
2019,"Cameron Maybin","NYY",4,9,9,4,3,1,0,0,2,1,0,0,0,0,0,0,0,0,0,0.444444444,5223
2019,"Eric Sogard","TBR",3,6,6,3,2,1,0,0,0,1,0,0,0,0,0,0,0,0,0,0.5,7927
2019,"Matt Duffy","TBR",3,11,11,4,3,1,0,0,1,2,0,0,0,0,0,0,0,0,0,0.363636363,13836
2019,"Nathaniel Lowe","TBR",2,6,6,2,1,1,0,0,1,0,0,0,0,0,0,0,0,0,0,0.333333333,19566
2019,"Mike Brosseau","TBR",1,3,3,1,1,0,0,0,1,0,0,0,0,0,0,0,0,0,0,0.333333333,19683
2019,"Jesus Aguilar","TBR",1,3,3,2,2,0,0,0,1,0,0,0,0,0,0,0,0,0,0,0.666666666,11342
2019,"Jace Peterson","BAL",2,7,7,1,1,0,0,0,0,0,0,0,0,0,0,0,1,0,0,0.142857142,12325
2019,"Anthony Santander","BAL",3,10,10,1,1,0,0,0,0,0,0,0,0,0,0,0,0,0,0,0.1,14551
2019,"Chance Sisco","BAL",3,6,6,2,2,0,0,0,0,0,0,0,0,0,0,0,0,0,0,0.333333333,15694
2019,"DJ Stewart","BAL",4,10,10,2,0,1,0,1,1,2,0,0,0,0,0,0,0,0,0,0.2,17766
2019,"Stevie Wilkerson","BAL",5,8,7,1,1,0,0,0,1,0,0,0,0,0,0,1,0,0,0,0.142857142,16041
2019,"Austin Hays","BAL",2,5,5,3,1,2,0,0,2,1,0,0,0,0,0,0,0,0,0,0.6,19363
2019,"Austin Wynns","BAL",2,3,3,1,1,0,0,0,1,1,0,0,0,0,0,0,0,0,0,0.333333333,15271
2019,"Mark Trumbo","BAL",1,3,3,0,0,0,0,0,0,0,0,0,0,0,0,0,0,0,0,0,6876
2020,"Chris Davis","BAL",3,10,10,1,0,1,0,0,0,1,0,0,0,0,0,0,0,0,0,0.1,9272
2020,"Jose Iglesias","BAL",4,15,15,8,4,3,0,1,3,3,0,0,0,0,0,0,0,0,0,0.533333333,10231
2020,"Hanser Alberto","BAL",5,19,18,9,7,2,0,0,4,4,0,0,0,0,1,0,1,0,0,0.5,11902
2020,"Dwight Smith Jr.","BAL",1,1,1,0,0,0,0,0,0,0,0,0,0,0,0,0,1,0,0,0,13473
2020,"Rio Ruiz","BAL",5,17,17,7,1,4,0,2,5,6,0,0,0,0,0,0,0,0,0,0.411764705,14103
2020,"Renato Nunez","BAL",5,14,14,5,2,2,0,1,3,4,0,0,0,0,0,0,1,0,0,0.357142857,14503
2020,"Pedro Severino","BAL",4,11,11,2,2,0,0,0,0,0,0,0,0,0,0,0,0,0,0,0.181818181,14523
2020,"Anthony Santander","BAL",3,11,11,3,0,2,0,1,3,4,0,0,0,0,0,0,0,0,0,0.272727272,14551
2020,"Pat Valaika","BAL",4,12,12,7,6,0,0,1,4,1,0,0,0,0,0,0,0,0,0,0.583333333,14885
2020,"DJ Stewart","BAL",4,7,6,2,2,0,0,0,1,1,0,0,0,0,0,1,0,0,0,0.333333333,17766
2020,"Austin Hays","BAL",6,20,19,9,6,1,0,2,6,3,0,0,0,0,1,0,1,0,0,0.47368421,19363
2020,"Cedric Mullins","BAL",4,12,11,3,2,1,0,0,1,2,0,0,0,0,0,1,0,0,0,0.272727272,17929
2020,"Chance Sisco","BAL",2,2,2,0,0,0,0,0,1,0,0,0,0,0,0,0,0,0,0,0,15694
2020,"Billy McKinney","TOR",1,0,0,0,0,0,0,0,0,0,0,0,0,0,0,0,0,0,0,0,15654
2020,"Bo Bichette","TOR",3,10,10,4,1,2,0,1,1,3,0,0,0,0,0,0,0,0,0,0.4,19612
2020,"Ji Man Choi","TBR",3,7,7,2,1,1,0,0,1,1,0,0,0,0,0,0,1,0,0,0.285714285,5452
2020,"Kevin Kiermaier","TBR",2,6,6,5,4,1,0,0,1,3,0,0,0,0,0,0,0,0,0,0.833333333,11038
2020,"Michael Perez","TBR",2,8,8,2,2,0,0,0,1,2,0,0,0,0,0,0,1,0,0,0.25,12977
2020,"Joey Wendle","TBR",2,5,5,2,1,0,1,0,0,2,0,0,0,0,0,0,0,0,0,0.4,13853
2020,"Austin Meadows","TBR",3,10,10,4,2,1,0,1,4,1,0,0,0,0,0,0,0,0,0,0.4,15672
2020,"Willy Adames","TBR",4,9,9,6,3,1,1,1,5,3,0,0,0,0,0,0,0,0,0,0.666666666,15986
2020,"Yandy Diaz","TBR",4,15,15,8,8,0,0,0,5,4,0,0,0,0,0,0,0,0,0,0.533333333,16578
2020,"Brandon Lowe","TBR",4,12,12,7,2,3,0,2,6,6,0,0,0,0,0,0,1,0,0,0.583333333,18882
2020,"Yoshi Tsutsugo","TBR",4,12,11,4,3,0,0,1,4,4,0,0,0,0,1,0,1,0,0,0.363636363,27459
2020,"Jose A. Martinez","TBR",3,7,7,0,0,0,0,0,1,0,0,0,0,0,0,0,1,0,0,0,7996
2020,"Mike Zunino","TBR",2,5,5,1,0,0,0,1,2,4,0,0,0,0,0,0,0,0,0,0.2,13265
2020,"Manuel Margot","TBR",3,14,14,10,7,3,0,0,5,3,0,0,0,0,0,0,0,0,0,0.714285714,14712
2020,"Hunter Renfroe","TBR",2,10,10,4,0,2,0,2,2,5,0,0,0,0,0,0,0,0,0,0.4,15464
2020,"Mike Brosseau","TBR",3,6,6,4,2,1,0,1,3,1,0,0,0,0,0,0,0,0,0,0.666666666,19683
2020,"Jonathan Villar","TOR",4,10,10,2,2,0,0,0,0,0,0,0,0,0,0,0,0,0,0,0.2,10071
2020,"Randal Grichuk","TOR",6,20,20,7,6,1,0,0,3,2,0,0,0,0,0,0,2,0,0,0.35,10243
2020,"Joe Panik","TOR",4,13,13,7,5,2,0,0,2,5,0,0,0,0,0,0,1,0,0,0.538461538,11936
2020,"Teoscar Hernandez","TOR",6,16,16,9,5,2,0,2,6,5,0,0,0,0,0,0,1,0,0,0.5625,13066
2020,"Reese McGuire","TOR",2,3,3,0,0,0,0,0,0,0,0,0,0,0,0,0,0,0,0,0,15674
2020,"Derek Fisher","TOR",3,3,3,3,2,1,0,0,2,2,0,0,0,0,0,0,0,0,0,1,16192
2020,"Cavan Biggio","TOR",6,19,19,6,2,2,0,2,5,4,0,0,0,0,0,0,0,0,0,0.315789473,19252
2020,"Lourdes Gurriel Jr.","TOR",7,24,24,10,9,0,0,1,5,3,0,0,0,0,0,0,1,0,0,0.416666666,19238
2020,"Vladimir Guerrero Jr.","TOR",7,18,18,6,4,1,0,1,4,5,0,0,0,0,0,0,0,0,0,0.333333333,19611
2020,"Santiago Espinal","TOR",1,1,1,0,0,0,0,0,0,0,0,0,0,0,0,0,0,0,0,0,19997
2020,"Travis Shaw","TOR",6,19,19,8,4,3,0,1,4,2,0,0,0,0,0,0,1,0,0,0.421052631,11982
2020,"Rowdy Tellez","TOR",6,20,19,8,7,0,0,1,5,3,0,0,0,0,1,0,0,0,0,0.421052631,15679
2020,"Danny Jansen","TOR",4,11,11,1,0,0,0,1,1,2,0,0,0,0,0,0,1,0,0,0.09090909,16535
2020,"Caleb Joseph","TOR",1,4,4,1,0,0,0,1,1,2,0,0,0,0,0,0,0,0,0,0.25,7087
2020,"Giancarlo Stanton","NYY",2,3,3,1,0,1,0,0,0,1,0,0,0,0,0,0,0,0,0,0.333333333,4949
2020,"Aaron Hicks","NYY",2,8,8,2,2,0,0,0,2,0,0,0,0,0,0,0,2,0,0,0.25,5297
2020,"DJ LeMahieu","NYY",3,12,12,3,2,1,0,0,1,1,0,0,0,0,0,0,0,0,0,0.25,9874
2020,"Gio Urshela","NYY",2,7,5,2,2,0,0,0,0,2,0,0,0,0,2,0,1,0,0,0.4,10681
2020,"Gary Sanchez","NYY",2,5,5,2,0,1,0,1,1,3,0,0,0,0,0,0,1,0,0,0.4,11442
2020,"Luke Voit","NYY",3,7,7,4,3,0,0,1,2,3,0,0,0,0,0,0,1,0,0,0.571428571,14811
2020,"Mike Tauchman","NYY",2,4,4,0,0,0,0,0,2,0,0,0,0,0,0,0,0,0,0,0,15274
2020,"Aaron Judge","NYY",2,6,6,1,1,0,0,0,2,0,0,0,0,0,0,0,2,0,0,0.166666666,15640
2020,"Tyler Wade","NYY",3,4,4,1,0,1,0,0,1,1,0,0,0,0,0,0,0,0,0,0.25,15730
2020,"Clint Frazier","NYY",3,7,7,4,3,0,0,1,2,3,0,0,0,0,0,0,0,0,0,0.571428571,15983
2020,"Gleyber Torres","NYY",2,5,5,1,1,0,0,0,1,0,0,0,0,0,0,0,0,0,0,0.2,16997
2020,"Kyle Higashioka","NYY",1,2,2,1,1,0,0,0,0,1,0,0,0,0,0,0,0,0,0,0.5,5517
2020,"Brett Gardner","NYY",2,6,6,3,2,1,0,0,2,0,0,0,0,0,0,0,0,0,0,0.5,9927
2020,"Ryan Mountcastle","BAL",3,13,13,4,4,0,0,0,0,1,0,0,0,0,0,0,1,0,0,0.307692307,18373
2020,"Ramon Urias","BAL",3,9,9,6,4,2,0,0,2,2,0,0,0,0,0,0,1,0,0,0.666666666,18795
2020,"Bryan Holaday","BAL",1,1,1,0,0,0,0,0,0,0,0,0,0,0,0,0,0,0,0,0,11287
2021,"Freddy Galvis","BAL",3,9,9,2,1,1,0,0,2,0,0,0,0,0,0,0,0,0,0,0.222222222,6609
2021,"Maikel Franco","BAL",6,20,20,4,3,1,0,0,1,4,0,0,0,0,0,0,2,0,0,0.2,12179
2021,"Rio Ruiz","BAL",3,7,7,2,2,0,0,0,2,0,0,0,0,0,0,0,0,0,0,0.285714285,14103
2021,"Pedro Severino","BAL",7,16,16,9,8,1,0,0,3,0,0,0,0,0,0,0,0,0,0,0.5625,14523
2021,"Ryan Mountcastle","BAL",6,14,14,6,4,1,0,1,3,5,0,0,0,0,0,0,1,0,0,0.428571428,18373
2021,"Anthony Santander","BAL",8,20,20,9,8,1,0,0,3,5,0,0,0,0,0,0,0,0,0,0.45,14551
2021,"Pat Valaika","BAL",4,10,10,1,1,0,0,0,1,0,0,0,0,0,0,0,0,0,0,0.1,14885
2021,"Trey Mancini","BAL",8,27,26,6,3,2,0,1,4,7,0,0,0,0,1,0,2,0,0,0.23076923,15149
2021,"Chance Sisco","BAL",1,1,1,1,1,0,0,0,0,0,0,0,0,0,0,0,0,0,0,1,15694
2021,"Cedric Mullins","BAL",8,30,30,14,10,4,0,0,6,0,0,0,0,0,0,0,0,0,0,0.466666666,17929
2021,"Kevin Kiermaier","TBR",4,7,7,3,2,1,0,0,2,0,0,0,0,0,0,0,1,0,0,0.428571428,11038
2021,"Austin Hays","BAL",9,22,22,7,4,1,0,2,3,6,0,0,0,0,0,0,0,0,0,0.318181818,19363
2021,"Mike Zunino","TBR",8,15,15,8,1,2,1,4,8,8,0,0,0,0,0,0,0,0,0,0.533333333,13265
2021,"Joey Wendle","TBR",9,19,19,5,3,1,1,0,3,2,0,0,0,0,0,0,1,0,0,0.263157894,13853
2021,"Manuel Margot","TBR",8,20,19,6,5,1,0,0,2,4,0,0,0,0,1,0,0,0,0,0.315789473,14712
2021,"Joseph Odom","TBR",1,1,1,0,0,0,0,0,0,0,0,0,0,0,0,0,0,0,0,0,15535
2021,"Austin Meadows","TBR",8,24,24,3,1,1,0,1,2,1,0,0,0,0,0,0,0,0,0,0.125,15672
2021,"Willy Adames","TBR",3,8,8,3,1,2,0,0,0,1,0,0,0,0,0,0,0,0,0,0.375,15986
2021,"Brandon Lowe","TBR",8,16,15,10,7,1,0,2,7,5,0,0,0,0,1,0,0,0,0,0.666666666,18882
2021,"Randy Arozarena","TBR",7,18,18,11,6,5,0,0,6,2,0,0,0,0,0,0,0,0,0,0.611111111,19290
2021,"Mike Brosseau","TBR",3,7,7,2,1,1,0,0,0,1,0,0,0,0,0,0,1,0,0,0.285714285,19683
2021,"Yoshi Tsutsugo","TBR",2,7,7,2,2,0,0,0,0,1,0,0,0,0,0,0,0,0,0,0.285714285,27459
2021,"Francisco Mejia","TBR",5,15,14,3,2,1,0,0,2,2,0,0,0,0,0,1,0,0,0,0.214285714,16403
2021,"Yandy Diaz","TBR",7,17,17,5,5,0,0,0,2,0,0,0,0,0,0,0,0,0,0,0.294117647,16578
2021,"Kevin Padlo","TBR",2,1,1,0,0,0,0,0,0,0,0,0,0,0,0,0,0,0,0,0,16593
2021,"Randal Grichuk","TOR",10,32,32,13,11,0,0,2,3,6,0,0,0,0,0,0,1,0,0,0.40625,10243
2021,"Danny Jansen","TOR",2,6,6,0,0,0,0,0,1,0,0,0,0,0,0,0,1,0,0,0,16535
2021,"Marcus Semien","TOR",10,31,30,12,8,2,0,2,7,5,0,0,0,0,1,0,1,0,0,0.4,12533
2021,"Joshua Palacios","TOR",2,2,2,0,0,0,0,0,1,0,0,0,0,0,0,0,0,0,0,0,19818
2021,"Lourdes Gurriel Jr.","TOR",8,25,24,7,4,2,0,1,3,2,0,0,0,0,1,0,1,0,0,0.291666666,19238
2021,"Santiago Espinal","TOR",3,7,7,2,2,0,0,0,1,1,0,0,0,0,0,0,2,0,0,0.285714285,19997
2021,"Cavan Biggio","TOR",10,26,26,8,4,2,0,2,4,4,0,0,0,0,0,0,1,0,0,0.307692307,19252
2021,"Alejandro Kirk","TOR",3,5,5,1,1,0,0,0,0,1,0,0,0,0,0,0,0,0,0,0.2,22581
2021,"Vladimir Guerrero Jr.","TOR",10,33,33,17,9,3,0,5,9,13,0,0,0,0,0,0,0,0,0,0.515151515,19611
2021,"Rowdy Tellez","TOR",5,12,12,3,2,0,0,1,1,2,0,0,0,0,0,0,2,0,0,0.25,15679
2021,"Bo Bichette","TOR",10,34,34,16,10,2,0,4,14,11,0,0,0,0,0,0,0,0,0,0.470588235,19612
2021,"Reese McGuire","TOR",6,13,13,7,2,4,0,1,5,2,0,0,0,0,0,0,0,0,0,0.538461538,15674
2021,"Teoscar Hernandez","TOR",8,23,23,10,5,3,0,2,4,11,0,0,0,0,0,0,0,0,0,0.434782608,13066
2021,"Riley Adams","TOR",2,3,3,0,0,0,0,0,0,0,0,0,0,0,0,0,0,0,0,0,19864
2021,"Joe Panik","TOR",2,5,5,1,1,0,0,0,0,0,0,0,0,0,0,0,2,0,0,0.2,11936
2021,"Jonathan Davis","TOR",1,2,2,1,1,0,0,0,2,0,0,0,0,0,0,0,0,0,0,0.5,15104
2021,"Giancarlo Stanton","NYY",10,21,21,13,8,2,0,3,4,11,0,0,0,0,0,0,0,0,0,0.619047619,4949
2021,"Gary Sanchez","NYY",6,11,11,3,2,0,1,0,3,0,0,0,0,0,0,0,1,0,0,0.272727272,11442
2021,"DJ LeMahieu","NYY",9,34,34,13,10,2,0,1,5,5,0,0,0,0,0,0,3,0,0,0.382352941,9874
2021,"Luke Voit","NYY",3,7,7,3,3,0,0,0,1,0,0,0,0,0,0,0,0,0,0,0.428571428,14811
2021,"Gio Urshela","NYY",7,21,21,6,5,1,0,0,1,1,0,0,0,0,0,0,2,0,0,0.285714285,10681
2021,"Aaron Judge","NYY",6,18,18,5,2,2,0,1,5,5,0,0,0,0,0,0,1,0,0,0.277777777,15640
2021,"Tyler Wade","NYY",4,3,3,2,2,0,0,0,2,0,0,0,0,0,0,0,0,0,0,0.666666666,15730
2021,"Miguel Andujar","NYY",3,8,8,3,3,0,0,0,0,0,0,0,0,0,0,0,0,0,0,0.375,15878
2021,"Clint Frazier","NYY",2,3,3,1,1,0,0,0,0,0,0,0,0,0,0,0,0,0,0,0.333333333,15983
2021,"Brett Gardner","NYY",8,18,16,7,4,3,0,0,4,3,0,0,0,0,1,1,0,0,0,0.4375,9927
2021,"Gleyber Torres","NYY",10,29,28,10,8,1,0,1,3,6,0,0,0,0,1,0,2,0,0,0.357142857,16997
2021,"Rougned Odor","NYY",6,17,16,5,2,2,0,1,3,5,0,0,0,0,0,1,0,0,0,0.3125,12282
2021,"Kyle Higashioka","NYY",2,4,4,2,2,0,0,0,0,1,0,0,0,0,0,0,0,0,0,0.5,5517
2021,"Rob Brantly","NYY",3,8,8,1,1,0,0,0,0,0,0,0,0,0,0,0,0,0,0,0.125,10655
2021,"Greg Allen","NYY",4,7,7,2,2,0,0,0,1,0,0,0,0,0,0,0,0,0,0,0.285714285,16623
2021,"Estevan Florial","NYY",2,5,5,2,1,1,0,0,1,0,0,0,0,0,0,0,0,0,0,0.4,19151
2021,"Chris Gittens","NYY",2,6,6,1,1,0,0,0,0,0,0,0,0,0,0,0,0,0,0,0.166666666,18482
2021,"Ryan LaMarre","NYY",1,3,3,0,0,0,0,0,0,0,0,0,0,0,0,0,1,0,0,0,10700
2021,"George Springer","TOR",4,8,8,4,1,2,0,1,5,2,0,0,0,0,0,0,0,0,0,0.5,12856
2021,"Breyvic Valera","TOR",1,1,1,0,0,0,0,0,0,0,0,0,0,0,0,0,0,0,0,0,12758
2021,"Nelson Cruz","TBR",6,20,20,9,4,2,0,3,5,8,0,0,0,0,0,0,0,0,0,0.45,2434
2021,"Ji Man Choi","TBR",3,6,6,2,1,1,0,0,1,2,0,0,0,0,0,0,0,0,0,0.333333333,5452
2021,"Wander Franco","TBR",6,23,23,7,5,0,1,1,7,4,0,0,0,0,0,0,0,0,0,0.304347826,23667
2021,"Brett Phillips","TBR",1,2,2,1,0,0,0,1,1,4,0,0,0,0,0,0,0,0,0,0.5,14735
2021,"Jordan Luplow","TBR",3,6,6,5,3,1,0,1,3,4,0,0,0,0,0,0,0,0,0,0.833333333,16424
2021,"Jorge Mateo","BAL",3,9,9,4,2,2,0,0,0,1,0,0,0,0,0,0,0,0,0,0.444444444,17273
2021,"Richie Martin Jr.","BAL",5,11,11,5,4,0,0,1,1,1,0,0,0,0,0,0,0,0,0,0.454545454,17736
2021,"DJ Stewart","BAL",2,3,3,1,0,1,0,0,0,0,0,0,0,0,0,0,0,0,0,0.333333333,17766
2021,"Austin Wynns","BAL",2,5,5,2,1,0,0,1,1,1,0,0,0,0,0,0,1,0,0,0.4,15271
2021,"Ryan McKenna","BAL",4,5,4,1,0,1,0,0,0,0,0,0,0,0,0,1,0,0,0,0.25,19928
2021,"Ramon Urias","BAL",2,3,3,1,1,0,0,0,0,0,0,0,0,0,0,0,0,0,0,0.333333333,18795
2021,"Taylor Walls","TBR",1,3,3,1,1,0,0,0,1,0,0,0,0,0,0,0,0,0,0,0.333333333,22458
2021,"Josh Lowe","TBR",1,1,1,1,1,0,0,0,0,0,0,0,0,0,0,0,0,0,0,1,19953
2021,"Kelvin Gutierrez","BAL",3,7,7,3,2,1,0,0,0,0,0,0,0,0,0,0,0,0,0,0.428571428,17468
2021,"Anthony Rizzo","NYY",3,9,9,3,1,2,0,0,4,0,0,0,0,0,0,0,1,0,0,0.333333333,3473
2021,"Joey Gallo","NYY",3,6,6,1,1,0,0,0,1,0,0,0,0,0,0,0,0,0,0,0.166666666,14128
2022,"George Springer","TOR",7,28,27,11,9,1,1,0,2,7,0,0,0,0,1,0,1,0,0,0.407407407,12856
2022,"Zack Collins","TOR",3,6,6,2,1,0,0,1,1,1,0,0,0,0,0,0,0,0,0,0.333333333,19181
2022,"Raimel Tapia","TOR",6,20,20,9,5,1,1,2,5,12,0,0,0,0,0,0,1,0,0,0.45,14350
2022,"Alejandro Kirk","TOR",6,23,22,11,11,0,0,0,3,2,0,0,0,0,1,0,1,0,0,0.5,22581
2022,"Matt Chapman","TOR",9,28,28,15,9,4,1,1,8,5,0,0,0,0,0,0,0,0,0,0.535714285,16505
2022,"Cavan Biggio","TOR",7,16,16,5,3,2,0,0,6,4,0,0,0,0,0,0,0,0,0,0.3125,19252
2022,"Lourdes Gurriel Jr.","TOR",9,41,41,13,11,2,0,0,5,6,0,0,0,0,0,0,2,0,0,0.31707317,19238
2022,"Gosuke Katoh","TOR",1,1,1,0,0,0,0,0,1,0,0,0,0,0,0,0,0,0,0,0,15697
2022,"Vladimir Guerrero Jr.","TOR",8,29,28,15,10,5,0,0,5,7,0,0,0,0,1,0,0,0,0,0.535714285,19611
2022,"Bradley Zimmer","TOR",3,4,4,0,0,0,0,0,1,0,0,0,0,0,0,0,0,0,0,0,16221
2022,"Bo Bichette","TOR",9,25,25,11,8,3,0,0,6,7,0,0,0,0,0,0,3,0,0,0.44,19612
2022,"Trey Mancini","BAL",4,13,13,8,6,1,1,0,3,2,0,0,0,0,0,0,0,0,0,0.615384615,15149
2022,"Santiago Espinal","TOR",6,18,17,4,4,0,0,0,7,3,0,0,0,0,1,0,0,0,0,0.235294117,19997
2022,"Jorge Mateo","BAL",9,21,21,10,4,4,1,1,4,4,0,0,0,0,0,0,1,0,0,0.476190476,17273
2022,"Rougned Odor","BAL",8,28,28,8,5,2,0,1,4,6,0,0,0,0,0,0,2,0,0,0.285714285,12282
2022,"Ramon Urias","BAL",7,23,23,10,6,1,1,2,5,5,0,0,0,0,0,0,1,0,0,0.434782608,18795
2022,"Anthony Santander","BAL",10,38,37,9,2,1,0,6,9,14,0,0,0,0,1,0,1,0,0,0.243243243,14551
2022,"Ryan McKenna","BAL",4,5,5,4,3,1,0,0,0,0,0,0,0,0,0,0,0,0,0,0.8,19928
2022,"Cedric Mullins","BAL",8,34,34,11,8,1,1,1,5,4,0,0,0,0,0,0,1,0,0,0.323529411,17929
2022,"Robinson Chirinos","BAL",3,6,6,2,0,0,0,2,2,3,0,0,0,0,0,0,0,0,0,0.333333333,3142
2022,"Ryan Mountcastle","BAL",8,23,22,10,7,1,1,1,7,3,0,0,0,0,1,0,3,0,0,0.454545454,18373
2022,"Chris Owings","BAL",3,4,4,0,0,0,0,0,0,0,0,0,0,0,0,0,0,0,0,0,10030
2022,"Austin Hays","BAL",9,34,34,12,8,1,1,2,8,5,0,0,0,0,0,0,4,0,0,0.352941176,19363
2022,"Ji Man Choi","TBR",5,10,10,5,2,1,0,2,3,4,0,0,0,0,0,0,0,0,0,0.5,5452
2022,"Adley Rutschman","BAL",8,25,25,5,2,2,0,1,4,2,0,0,0,0,0,0,0,0,0,0.2,26288
2022,"Brett Phillips","TBR",1,2,2,0,0,0,0,0,0,0,0,0,0,0,0,0,0,0,0,0,14735
2022,"Harold Ramirez","TBR",7,21,20,4,4,0,0,0,4,2,0,0,0,0,1,0,0,0,0,0.2,14387
2022,"Francisco Mejia","TBR",4,8,8,0,0,0,0,0,0,0,0,0,0,0,0,0,0,0,0,0,16403
2022,"Yandy Diaz","TBR",7,25,25,12,7,4,0,1,7,2,0,0,0,0,0,0,0,0,0,0.48,16578
2022,"Josh Lowe","TBR",3,10,10,2,0,2,0,0,0,1,0,0,0,0,0,0,0,0,0,0.2,19953
2022,"Randy Arozarena","TBR",8,20,20,9,3,5,0,1,7,6,0,0,0,0,0,0,1,0,0,0.45,19290
2022,"Isaac Paredes","TBR",7,18,18,5,3,0,0,2,3,4,0,0,0,0,0,0,2,0,0,0.277777777,20036
2022,"Wander Franco","TBR",4,12,12,6,4,0,1,1,4,2,0,0,0,0,0,0,0,0,0,0.5,23667
2022,"Kevin Kiermaier","TBR",2,7,7,2,0,2,0,0,1,5,0,0,0,0,0,0,0,0,0,0.285714285,11038
2022,"Rene Pinto","TBR",2,4,4,3,2,1,0,0,1,1,0,0,0,0,0,0,1,0,0,0.75,19859
2022,"Taylor Walls","TBR",7,14,13,2,1,1,0,0,0,3,0,0,0,0,1,0,0,0,0,0.153846153,22458
2022,"Vidal Brujan","TBR",4,11,11,2,1,0,0,1,2,1,0,0,0,0,0,0,0,0,0,0.181818181,20536
2022,"Giancarlo Stanton","NYY",5,9,9,4,2,1,0,1,2,2,0,0,0,0,0,0,0,0,0,0.444444444,4949
2022,"Josh Donaldson","NYY",9,24,24,7,5,0,0,2,2,8,0,0,0,0,0,0,0,0,0,0.291666666,5038
2022,"Aaron Hicks","NYY",8,19,19,6,2,1,1,2,7,2,0,0,0,0,0,0,1,0,0,0.315789473,5297
2022,"Matt Carpenter","NYY",4,11,11,7,4,1,0,2,4,4,0,0,0,0,0,0,0,0,0,0.636363636,8090
2022,"DJ LeMahieu","NYY",6,19,19,5,5,0,0,0,2,0,0,0,0,0,0,0,0,0,0,0.263157894,9874
2022,"Joey Gallo","NYY",3,6,6,1,0,0,1,0,1,2,0,0,0,0,0,0,0,0,0,0.166666666,14128
2022,"Isiah Kiner-Falefa","NYY",9,25,25,7,6,0,0,1,5,4,0,0,0,0,0,0,0,0,0,0.28,16512
2022,"Jose Trevino","NYY",8,22,22,10,7,3,0,0,2,3,0,0,0,0,0,0,0,0,0,0.454545454,16725
2022,"Marwin Gonzalez","NYY",3,9,8,1,0,0,0,1,1,3,0,0,0,0,0,1,1,0,0,0.125,5497
2022,"Gleyber Torres","NYY",8,32,32,11,8,3,0,0,3,7,0,0,0,0,0,0,1,0,0,0.34375,16997
2022,"Aaron Judge","NYY",8,18,18,8,4,1,0,3,7,4,0,0,0,0,0,0,1,0,0,0.444444444,15640
2022,"Anthony Rizzo","NYY",5,15,15,4,0,4,0,0,2,3,0,0,0,0,0,0,1,0,0,0.266666666,3473
2022,"Kyle Higashioka","NYY",2,6,6,1,1,0,0,0,0,0,0,0,0,0,0,0,0,0,0,0.166666666,5517
2022,"Teoscar Hernandez","TOR",5,14,14,8,5,2,0,1,7,4,0,0,0,0,0,0,1,0,0,0.571428571,13066
2022,"Danny Jansen","TOR",3,13,13,6,3,0,0,3,6,8,0,0,0,0,0,0,0,0,0,0.461538461,16535
2022,"Terrin Vavra","BAL",3,7,7,3,2,0,1,0,1,2,0,0,0,0,0,0,0,0,0,0.428571428,24400
2022,"Andrew Benintendi","NYY",3,7,7,3,2,1,0,0,2,0,0,0,0,0,0,0,0,0,0,0.428571428,17901
2022,"Tim Locastro","NYY",2,3,3,0,0,0,0,0,1,0,0,0,0,0,0,0,0,0,0,0,15124
2022,"Miguel Andujar","NYY",2,6,6,1,1,0,0,0,0,0,0,0,0,0,0,0,0,0,0,0.166666666,15878
2022,"Jackie Bradley Jr.","TOR",2,6,6,2,1,1,0,0,3,1,0,0,0,0,0,0,0,0,0,0.333333333,12984
2022,"Whit Merrifield","TOR",1,4,4,1,1,0,0,0,1,0,0,0,0,0,0,0,0,0,0,0.25,11281
2022,"David Peralta","TBR",3,10,10,6,2,4,0,0,3,3,0,0,0,0,0,0,1,0,0,0.6,2136
2022,"Yu Chang","TBR",2,3,3,1,1,0,0,0,0,0,0,0,0,0,0,0,0,0,0,0.333333333,14773
2022,"Jose Siri","TBR",5,13,13,5,3,1,0,1,3,4,0,0,0,0,0,0,0,0,0,0.384615384,17452
2022,"Brandon Lowe","TBR",1,1,1,0,0,0,0,0,0,0,0,0,0,0,0,0,0,0,0,0,18882
2022,"Christian Bethancourt","TBR",4,9,9,2,2,0,0,0,0,0,0,0,0,0,0,0,0,0,0,0.222222222,10028
2022,"Manuel Margot","TBR",4,14,13,3,2,0,0,1,3,3,0,0,0,0,1,0,0,0,0,0.23076923,14712
2022,"Estevan Florial","NYY",1,0,0,0,0,0,0,0,1,0,0,0,0,0,0,0,0,0,0,0,19151
2022,"Oswaldo Cabrera","NYY",2,4,4,1,1,0,0,0,0,0,0,0,0,0,0,0,0,0,0,0.25,21707
2022,"Kyle Stowers","BAL",4,10,10,5,3,0,1,1,3,3,0,0,0,0,0,0,0,0,0,0.5,26151
2022,"Gunnar Henderson","BAL",4,8,8,3,1,1,0,1,2,2,0,0,0,0,0,0,0,0,0,0.375,26289
2022,"Jesus Aguilar","BAL",2,5,5,2,2,0,0,0,0,0,0,0,0,0,0,0,0,0,0,0.4,11342
2022,"Tyler Nevin","BAL",1,2,2,1,1,0,0,0,0,0,0,0,0,0,0,0,0,0,0,0.5,17893
2022,"Jonathan Aranda","TBR",2,4,4,0,0,0,0,0,0,0,0,0,0,0,0,0,1,0,0,0,21837
2023,"Anthony Santander","BAL",6,20,20,8,5,3,0,0,4,2,0,0,0,0,0,0,0,0,0,0.4,14551
2023,"Jorge Mateo","BAL",3,9,8,3,3,0,0,0,3,2,0,0,0,0,0,1,0,0,0,0.375,17273
2023,"Adam Frazier","BAL",4,10,10,7,2,3,1,1,4,4,0,0,0,0,0,0,0,0,0,0.7,15223
2023,"Ryan McKenna","BAL",1,2,2,1,1,0,0,0,0,0,0,0,0,0,0,0,0,0,0,0.5,19928
2023,"Cedric Mullins","BAL",5,18,18,7,4,1,0,2,6,9,0,0,0,0,0,0,1,0,0,0.388888888,17929
2023,"Terrin Vavra","BAL",1,3,3,1,1,0,0,0,0,0,0,0,0,0,0,0,0,0,0,0.333333333,24400
2023,"Ryan Mountcastle","BAL",5,16,16,4,2,1,0,1,2,2,0,0,0,0,0,0,0,0,0,0.25,18373
2023,"Bo Bichette","TOR",3,12,12,7,5,1,0,1,2,4,0,0,0,0,0,0,0,0,0,0.583333333,19612
2023,"Ramon Urias","BAL",5,13,13,6,4,1,0,1,3,3,0,0,0,0,0,0,0,0,0,0.461538461,18795
2023,"Santiago Espinal","TOR",3,5,5,1,0,1,0,0,0,0,0,0,0,0,0,0,1,0,0,0.2,19997
2023,"Austin Hays","BAL",5,17,17,8,4,3,0,1,7,2,0,0,0,0,0,0,1,0,0,0.470588235,19363
2023,"Brandon Belt","TOR",3,7,7,5,3,1,0,1,4,2,0,0,0,0,0,0,0,0,0,0.714285714,10264
2023,"Adley Rutschman","BAL",6,24,23,9,6,1,0,2,4,7,0,0,0,0,1,0,1,0,0,0.391304347,26288
2023,"Jose Siri","TBR",2,2,2,1,0,1,0,0,0,1,0,0,0,0,0,0,0,0,0,0.5,17452
2023,"Gunnar Henderson","BAL",6,17,17,5,2,1,1,1,3,4,0,0,0,0,0,0,1,0,0,0.294117647,26289
2023,"Brandon Lowe","TBR",2,5,5,1,1,0,0,0,0,0,0,0,0,0,0,0,0,0,0,0.2,18882
2023,"Kevin Kiermaier","TOR",6,15,15,6,5,1,0,0,3,3,0,0,0,0,0,0,0,0,0,0.4,11038
2023,"Randy Arozarena","TBR",4,10,10,3,3,0,0,0,1,0,0,0,0,0,0,0,1,0,0,0.3,19290
2023,"Whit Merrifield","TOR",7,23,23,4,2,1,0,1,2,2,0,0,0,0,0,0,0,0,0,0.173913043,11281
2023,"Francisco Mejia","TBR",2,8,8,4,3,1,0,0,2,1,0,0,0,0,0,0,0,0,0,0.5,16403
2023,"Matt Chapman","TOR",7,18,18,7,4,2,0,1,3,4,0,0,0,0,0,0,0,0,0,0.388888888,16505
2023,"Yandy Diaz","TBR",4,16,16,7,5,2,0,0,1,4,0,0,0,0,0,0,0,0,0,0.4375,16578
2023,"Danny Jansen","TOR",4,12,12,3,3,0,0,0,3,0,0,0,0,0,0,0,0,0,0,0.25,16535
2023,"Luke Raley","TBR",2,8,8,3,1,2,0,0,2,1,0,0,0,0,0,0,0,0,0,0.375,19354
2023,"Cavan Biggio","TOR",3,9,9,2,0,2,0,0,3,1,0,0,0,0,0,0,0,0,0,0.222222222,19252
2023,"Vidal Brujan","TBR",1,4,4,0,0,0,0,0,0,0,0,0,0,0,0,0,0,0,0,0,20536
2023,"Vladimir Guerrero Jr.","TOR",6,24,24,9,3,3,0,3,4,7,0,0,0,0,0,0,1,0,0,0.375,19611
2023,"Wander Franco","TBR",2,7,7,5,2,3,0,0,2,0,0,0,0,0,0,0,0,0,0,0.714285714,23667
2023,"Daulton Varsho","TOR",7,21,20,10,5,1,1,3,4,8,0,0,0,0,1,0,0,0,0,0.5,19918
2023,"Anthony Rizzo","NYY",3,10,10,2,1,1,0,0,1,4,0,0,0,0,0,0,0,0,0,0.2,3473
2023,"Alejandro Kirk","TOR",7,21,21,3,2,1,0,0,3,1,0,0,0,0,0,0,4,0,0,0.142857142,22581
2023,"Josh Donaldson","NYY",2,6,6,2,1,0,0,1,1,1,0,0,0,0,0,0,0,0,0,0.333333333,5038
2023,"George Springer","TOR",6,21,20,9,6,3,0,0,5,3,0,0,0,0,1,0,2,0,0,0.45,12856
2023,"Billy McKinney","NYY",3,9,9,2,2,0,0,0,0,1,0,0,0,0,0,0,0,0,0,0.222222222,15654
2023,"Christian Bethancourt","TBR",3,8,8,1,1,0,0,0,2,0,0,0,0,0,0,0,1,0,0,0.125,10028
2023,"Willie Calhoun","NYY",1,3,3,1,1,0,0,0,0,0,0,0,0,0,0,0,0,0,0,0.333333333,17838
2023,"Harold Ramirez","TBR",5,16,14,6,4,2,0,0,1,6,0,0,0,0,2,0,0,0,0,0.428571428,14387
2023,"Jose Trevino","NYY",2,4,4,1,1,0,0,0,0,0,0,0,0,0,0,0,1,0,0,0.25,16725
2023,"Manuel Margot","TBR",5,14,14,8,6,2,0,0,5,5,0,0,0,0,0,0,0,0,0,0.571428571,14712
2023,"Ryan O'Hearn","BAL",2,7,7,3,2,0,0,1,3,1,0,0,0,0,0,0,1,0,0,0.428571428,16442
2023,"Josh Lowe","TBR",6,17,16,7,5,1,0,1,5,4,0,0,0,0,1,0,0,0,0,0.4375,19953
2023,"Jordan Westburg","BAL",2,5,5,3,1,1,0,1,2,1,0,0,0,0,0,0,0,0,0,0.6,27815
2023,"Isaac Paredes","TBR",5,14,14,3,2,0,0,1,2,2,0,0,0,0,0,0,1,0,0,0.214285714,20036
2023,"James McCann","BAL",1,2,2,2,0,0,0,2,2,3,0,0,0,0,0,0,0,0,0,1,12859
2023,"Taylor Walls","TBR",5,13,12,1,1,0,0,0,1,1,0,0,0,0,0,1,0,0,0,0.083333333,22458
2023,"Aaron Judge","NYY",4,8,8,1,0,0,0,1,1,4,0,0,0,0,0,0,1,0,0,0.125,15640
2023,"Giancarlo Stanton","NYY",4,10,10,1,1,0,0,0,1,0,0,0,0,0,0,0,0,0,0,0.1,4949
2023,"Isiah Kiner-Falefa","NYY",3,5,5,1,1,0,0,0,0,0,0,0,0,0,0,0,1,0,0,0.2,16512
2023,"Kyle Higashioka","NYY",4,9,9,5,4,1,0,0,1,0,0,0,0,0,0,0,0,0,0,0.555555555,5517
2023,"Everson Pereira","NYY",3,4,4,1,1,0,0,0,2,0,0,0,0,0,0,0,0,0,0,0.25,23695
2023,"Jake Bauers","NYY",5,15,15,5,2,3,0,0,3,1,0,0,0,0,0,0,1,0,0,0.333333333,15194
2023,"Raimel Tapia","TBR",1,3,3,0,0,0,0,0,1,0,0,0,0,0,0,0,0,0,0,0,14350
2023,"Gleyber Torres","NYY",7,24,24,10,5,4,0,1,3,5,0,0,0,0,0,0,0,0,0,0.416666666,16997
2023,"Rene Pinto","TBR",1,2,2,1,0,0,0,1,1,2,0,0,0,0,0,0,0,0,0,0.5,19859
2023,"Anthony Volpe","NYY",5,12,12,3,2,1,0,0,1,0,0,0,0,0,0,0,1,0,0,0.25,27647
2023,"Jonathan Aranda","TBR",2,8,8,4,3,1,0,0,1,1,0,0,0,0,0,0,0,0,0,0.5,21837
2023,"DJ LeMahieu","NYY",3,9,9,4,2,2,0,0,2,3,0,0,0,0,0,0,0,0,0,0.444444444,9874
2023,"Curtis Mead","TBR",1,4,4,2,2,0,0,0,1,0,0,0,0,0,0,0,0,0,0,0.5,23986
2023,"Oswaldo Cabrera","NYY",4,11,11,3,2,1,0,0,2,0,0,0,0,0,0,0,0,0,0,0.272727272,21707
2023,"Junior Caminero","TBR",2,7,7,1,0,1,0,0,1,1,0,0,0,0,0,0,1,0,0,0.142857142,28163
2023,"Paul DeJong","TOR",3,10,10,2,2,0,0,0,1,0,0,0,0,0,0,0,0,0,0,0.2,18015
2024,"Tony Kemp","BAL",1,2,2,0,0,0,0,0,0,0,0,0,0,0,0,0,0,0,0,0,14894
2023,"Davis Schneider","TOR",3,11,11,9,7,0,0,2,3,4,0,0,0,0,0,0,0,0,0,0.818181818,23565
2024,"Jorge Mateo","BAL",1,1,1,1,1,0,0,0,0,0,0,0,0,0,0,0,0,0,0,1,17273
2023,"Aaron Hicks","BAL",3,8,8,6,4,1,0,1,3,6,0,0,0,0,0,0,0,0,0,0.75,5297
2024,"Ramon Urias","BAL",1,3,3,1,1,0,0,0,0,0,0,0,0,0,0,0,0,0,0,0.333333333,18795
2023,"Estevan Florial","NYY",4,11,11,3,3,0,0,0,2,1,0,0,0,0,0,0,0,0,0,0.272727272,19151
2024,"Austin Hays","BAL",1,1,1,0,0,0,0,0,0,0,0,0,0,0,0,0,0,0,0,0,19363
2023,"Oswald Peraza","NYY",3,10,10,5,3,1,0,1,2,2,0,0,0,0,0,0,0,0,0,0.5,22823
2024,"Jordan Westburg","BAL",2,5,5,2,0,1,0,1,1,3,0,0,0,0,0,0,0,0,0,0.4,27815
2023,"Austin Wells","NYY",2,5,5,1,1,0,0,0,0,0,0,0,0,0,0,0,0,0,0,0.2,27562
2024,"Harold Ramirez","TBR",2,1,1,0,0,0,0,0,1,0,0,0,0,0,0,0,0,0,0,0,14387
2024,"Anthony Santander","BAL",6,19,19,7,4,0,0,3,4,6,0,0,0,0,0,0,0,0,0,0.368421052,14551
2024,"Amed Rosario","TBR",2,8,8,4,2,1,1,0,1,3,0,0,0,0,0,0,0,0,0,0.5,15518
2024,"Ryan O'Hearn","BAL",6,20,20,4,3,1,0,0,2,0,0,0,0,0,0,0,0,0,0,0.2,16442
2024,"Alex Jackson","TBR",2,2,2,0,0,0,0,0,0,0,0,0,0,0,0,0,0,0,0,0,17276
2024,"Cedric Mullins","BAL",6,17,17,6,4,0,0,2,7,5,0,0,0,0,0,0,0,1,0,0.352941176,17929
2024,"Jose Siri","TBR",4,9,8,2,2,0,0,0,2,2,0,0,0,0,1,0,0,0,0,0.25,17452
2024,"Ryan Mountcastle","BAL",3,12,12,4,4,0,0,0,4,0,0,0,0,0,0,0,1,0,0,0.333333333,18373
2024,"Ben Rortvedt","TBR",4,7,7,1,0,1,0,0,1,0,0,0,0,0,0,0,0,0,0,0.142857142,20287
2024,"Adley Rutschman","BAL",6,24,24,7,6,1,0,0,1,3,0,0,0,0,0,0,0,0,0,0.291666666,26288
2024,"Giancarlo Stanton","NYY",3,5,5,4,4,0,0,0,2,0,0,0,0,0,0,0,0,0,0,0.8,4949
2024,"Gunnar Henderson","BAL",6,19,19,7,2,3,1,1,6,2,0,0,0,0,0,0,0,1,0,0.368421052,26289
2024,"Jose Trevino","NYY",2,4,4,2,0,0,0,2,2,2,0,0,0,0,0,0,0,0,0,0.5,16725
2024,"Colton Cowser","BAL",6,16,15,9,3,3,1,2,3,10,0,0,0,0,1,0,1,0,0,0.6,29591
2024,"DJ LeMahieu","NYY",4,6,5,1,1,0,0,0,0,4,0,0,0,0,1,0,0,0,0,0.2,9874
2024,"Jackson Holliday","BAL",5,10,10,1,1,0,0,0,2,1,0,0,0,0,0,0,0,0,0,0.1,31781
2024,"Jahmai Jones","NYY",2,0,0,0,0,0,0,0,1,0,0,0,0,0,0,0,0,0,0,0,18872
2024,"Justin Turner","TOR",3,6,6,2,2,0,0,0,0,2,0,0,0,0,0,0,0,0,0,0.333333333,5235
2024,"Yandy Diaz","TBR",6,19,19,5,4,1,0,0,3,3,0,0,0,0,0,0,1,0,0,0.263157894,16578
2024,"Kevin Kiermaier","TOR",2,5,5,4,4,0,0,0,3,2,0,0,0,0,0,0,0,0,0,0.8,11038
2024,"Randy Arozarena","TBR",4,12,12,3,2,0,0,1,3,1,0,0,0,0,0,0,0,0,0,0.25,19290
2024,"Isiah Kiner-Falefa","TOR",2,6,6,3,3,0,0,0,3,0,0,0,0,0,0,0,0,0,0,0.5,16512
2024,"Josh Lowe","TBR",7,20,20,9,4,3,0,2,5,6,0,0,0,0,0,0,0,0,0,0.45,19953
2024,"Davis Schneider","TOR",3,5,5,1,1,0,0,0,0,0,0,0,0,0,0,0,0,0,0,0.2,23565
2024,"Jose Caballero","TBR",6,13,13,5,4,1,0,0,3,0,0,0,0,0,0,0,0,0,1,0.384615384,23401
2024,"Danny Jansen","TOR",1,3,3,1,0,1,0,0,1,0,0,0,0,0,0,0,0,0,0,0.333333333,16535
2024,"Richie Palacios","TBR",6,18,17,2,2,0,0,0,1,3,0,0,0,0,1,0,1,0,0,0.117647058,24589
2024,"Bo Bichette","TOR",1,2,2,0,0,0,0,0,1,0,0,0,0,0,0,0,0,0,0,0,19612
2024,"Isaac Paredes","TBR",3,10,10,5,5,0,0,0,0,2,0,0,0,0,0,0,0,0,0,0.5,20036
2024,"Brian Serven","TOR",2,7,7,3,1,2,0,0,2,0,0,0,0,0,0,0,0,0,0,0.428571428,19422
2024,"Jonathan Aranda","TBR",6,14,14,4,4,0,0,0,5,1,0,0,0,0,0,0,0,0,0,0.285714285,21837
2024,"Leo Jimenez","TOR",3,9,9,1,0,1,0,0,1,0,0,0,0,0,0,0,0,0,0,0.111111111,23782
2024,"Jonny DeLuca","TBR",3,11,11,3,3,0,0,0,0,0,0,0,0,0,0,0,0,0,0,0.272727272,26365
2024,"Trent Grisham","NYY",2,8,8,3,0,3,0,0,1,2,0,0,0,0,0,0,0,0,0,0.375,18564
2024,"Anthony Rizzo","NYY",3,6,6,2,2,0,0,0,2,1,0,0,0,0,0,0,0,0,0,0.333333333,3473
2024,"Jazz Chisholm Jr.","NYY",1,4,4,1,1,0,0,0,1,0,0,0,0,0,0,0,0,1,0,0.25,20454
2024,"Aaron Judge","NYY",6,17,17,9,4,2,0,3,8,9,0,0,0,0,0,0,1,0,0,0.529411764,15640
2024,"Steward Berroa","TOR",1,2,2,1,1,0,0,0,1,0,0,0,0,0,0,0,0,0,0,0.5,22766
2024,"Gleyber Torres","NYY",6,20,20,5,3,2,0,0,1,4,0,0,0,0,0,0,1,0,0,0.25,16997
2024,"Austin Slater","BAL",2,5,5,1,1,0,0,0,1,0,0,0,0,0,0,0,1,0,0,0.2,16153
2024,"Alex Verdugo","NYY",6,26,25,11,6,4,0,1,6,5,0,0,0,0,1,0,0,0,0,0.44,17027
2024,"Eloy Jimenez","BAL",1,1,1,0,0,0,0,0,0,0,0,0,0,0,0,0,0,0,0,0,17484
2024,"Juan Soto","NYY",6,19,19,4,1,1,0,2,6,3,0,0,0,0,0,0,0,0,0,0.210526315,20123
2024,"Emmanuel Rivera","BAL",2,5,5,3,1,1,0,1,1,2,0,0,0,0,0,0,0,0,0,0.6,19890
2024,"Oswaldo Cabrera","NYY",5,14,14,4,2,1,0,1,3,3,0,0,0,0,0,0,0,0,0,0.285714285,21707
2024,"Coby Mayo","BAL",2,6,6,1,1,0,0,0,0,0,0,0,0,0,0,0,0,0,0,0.166666666,28312
2024,"Anthony Volpe","NYY",6,21,21,6,5,0,0,1,3,1,0,0,0,0,0,0,1,0,0,0.285714285,27647
2024,"James McCann","BAL",1,2,2,1,1,0,0,0,0,0,0,0,0,0,0,0,0,0,0,0.5,12859
2024,"Austin Wells","NYY",4,15,13,7,5,1,0,1,3,3,0,0,0,0,2,0,0,0,0,0.538461538,27562
2024,"Christopher Morel","TBR",3,8,8,3,3,0,0,0,0,1,0,0,0,0,0,0,0,0,0,0.375,21897
2024,"George Springer","TOR",7,22,22,6,3,0,0,3,4,6,0,0,0,0,0,0,1,0,0,0.272727272,12856
2024,"Logan Driscoll","TBR",2,5,5,0,0,0,0,0,0,0,0,0,0,0,0,0,0,0,0,0,25475
2024,"Vladimir Guerrero Jr.","TOR",7,24,24,13,6,6,0,1,5,10,0,0,0,0,0,0,1,0,0,0.541666666,19611
2024,"Taylor Walls","TBR",1,3,3,0,0,0,0,0,0,0,0,0,0,0,0,0,0,0,0,0,22458
2024,"Alejandro Kirk","TOR",4,15,15,2,2,0,0,0,0,0,0,0,0,0,0,0,1,0,0,0.133333333,22581
2024,"Dylan Carlson","TBR",1,3,3,3,3,0,0,0,0,1,0,0,0,0,0,0,0,0,0,1,20126
2024,"Addison Barger","TOR",7,18,17,5,2,3,0,0,2,3,0,0,0,0,1,0,0,0,0,0.294117647,24598
2025,"Tyler Heineman","TOR",3,8,8,5,5,0,0,0,2,1,0,0,0,0,0,0,0,0,0,0.625,13897
2024,"Spencer Horwitz","TOR",7,15,15,3,3,0,0,0,3,2,0,0,0,0,0,0,0,0,0,0.2,26477
2025,"Davis Schneider","TOR",2,1,1,0,0,0,0,0,1,0,0,0,0,0,0,0,0,0,0,0,23565
2024,"Daulton Varsho","TOR",4,11,11,3,2,0,0,1,1,1,0,0,0,0,0,0,0,0,0,0.272727272,19918
2025,"Maverick Handley","BAL",1,1,1,0,0,0,0,0,0,0,0,0,0,0,0,0,0,0,0,0,26106
2024,"Ernie Clement","TOR",5,14,14,3,1,2,0,0,2,2,0,0,0,0,0,0,1,0,0,0.214285714,20352
2025,"Kameron Misner","TBR",2,4,4,1,0,1,0,0,0,0,0,0,0,0,0,0,0,0,0,0.25,26374
2024,"Will Wagner","TOR",3,8,8,3,0,2,0,1,1,1,0,0,0,0,0,0,0,0,0,0.375,29634
2025,"DJ LeMahieu","NYY",2,6,6,1,1,0,0,0,0,0,0,0,0,0,0,0,0,0,0,0.166666666,9874
2024,"Ben Rice","NYY",3,9,7,2,0,2,0,0,1,2,0,0,0,0,2,0,0,0,0,0.285714285,29576
2025,"Oswald Peraza","NYY",2,2,2,0,0,0,0,0,0,0,0,0,0,0,0,0,0,0,0,0,22823
2024,"Joey Loperfido","TOR",4,10,10,1,1,0,0,0,1,0,0,0,0,0,0,0,0,0,0,0.1,29630
2025,"Austin Wells","NYY",3,6,6,1,1,0,0,0,0,1,0,0,0,0,0,0,0,0,0,0.166666666,27562
2024,"Brandon Lowe","TBR",2,6,6,3,3,0,0,0,2,0,0,0,0,0,0,0,0,0,0,0.5,18882
2025,"J.C. Escarra","NYY",1,1,1,0,0,0,0,0,0,0,0,0,0,0,0,0,0,0,0,0,20084
2024,"Junior Caminero","TBR",3,11,11,4,3,0,0,1,2,3,0,0,0,0,0,0,0,0,0,0.363636363,28163
2025,"Ha-Seong Kim","TBR",3,7,7,1,0,0,0,1,1,2,0,0,0,0,0,0,0,0,0,0.142857142,27506
2025,"George Springer","TOR",7,24,23,11,9,1,0,1,4,7,0,0,0,0,1,0,1,1,0,0.478260869,12856
2025,"Curtis Mead","TBR",1,2,2,1,1,0,0,0,0,0,0,0,0,0,0,0,0,0,0,0.5,23986
2025,"Anthony Santander","TOR",4,11,11,3,3,0,0,0,1,1,0,0,0,0,0,0,1,0,0,0.272727272,14551
2025,"Jeremiah Jackson","BAL",2,4,4,2,2,0,0,0,1,0,0,0,0,0,0,0,0,0,0,0.5,22239
2025,"Nathan Lukes","TOR",6,18,18,4,4,0,0,0,1,2,0,0,0,0,0,0,0,0,0,0.222222222,18123
2025,"Jordan Westburg","BAL",1,1,1,0,0,0,0,0,0,0,0,0,0,0,0,0,0,0,0,0,27815
2025,"Vladimir Guerrero Jr.","TOR",7,25,25,8,7,0,0,1,5,2,0,0,0,0,0,0,0,0,0,0.32,19611
2025,"Dylan Beavers","BAL",2,3,3,2,2,0,0,0,0,1,0,0,0,0,0,0,0,0,0,0.666666666,31695
2025,"Bo Bichette","TOR",7,27,26,9,7,2,0,0,2,5,0,0,0,0,1,0,0,0,0,0.346153846,19612
2025,"Alex Jackson","BAL",1,3,3,0,0,0,0,0,0,0,0,0,0,0,0,0,0,0,0,0,17276
2025,"Andres Gimenez","TOR",7,17,16,6,6,0,0,0,3,4,0,0,0,0,1,0,0,2,0,0.375,19950
2025,"Coby Mayo","BAL",1,2,2,1,1,0,0,0,0,0,0,0,0,0,0,0,0,0,0,0.5,28312
2025,"Alejandro Kirk","TOR",4,15,15,5,4,1,0,0,1,1,0,0,0,0,0,0,1,0,0,0.333333333,22581
2025,"Giancarlo Stanton","NYY",2,2,2,2,2,0,0,0,1,0,0,0,0,0,0,0,0,0,0,1,4949
2025,"Will Wagner","TOR",4,10,10,2,2,0,0,0,1,2,0,0,0,0,0,0,0,0,0,0.2,29634
2025,"Amed Rosario","NYY",1,2,2,1,0,0,0,1,1,2,0,0,0,0,0,0,0,0,0,0.5,15518
2025,"Alan Roden","TOR",5,11,11,2,1,1,0,0,0,0,0,0,0,0,0,0,0,0,0,0.181818181,31564
2025,"Austin Slater","NYY",1,1,1,0,0,0,0,0,0,0,0,0,0,0,0,0,0,0,0,0,16153
2025,"Myles Straw","TOR",5,11,10,2,2,0,0,0,4,1,0,0,0,0,1,0,0,0,0,0.2,17620
2025,"Ernie Clement","TOR",6,18,18,4,4,0,0,0,2,1,0,0,0,0,0,0,0,0,0,0.222222222,20352
2025,"Ryan O'Hearn","BAL",4,14,14,8,6,1,0,1,2,2,0,0,0,0,0,0,2,0,0,0.571428571,16442
2025,"Jorge Mateo","BAL",3,9,9,3,2,1,0,0,3,0,0,0,0,0,0,0,0,1,0,0.333333333,17273
2025,"Cedric Mullins","BAL",3,6,6,1,1,0,0,0,0,0,0,0,0,0,0,0,0,0,0,0.166666666,17929
2025,"Ryan Mountcastle","BAL",4,12,11,5,5,0,0,0,0,3,0,0,0,0,1,0,0,0,0,0.454545454,18373
2025,"Ramon Urias","BAL",4,15,14,5,3,2,0,0,0,4,0,0,0,0,1,0,0,0,0,0.357142857,18795
2025,"Adley Rutschman","BAL",4,9,9,2,2,0,0,0,2,1,0,0,0,0,0,0,0,0,0,0.222222222,26288
2025,"Gunnar Henderson","BAL",6,15,15,8,4,2,1,1,7,3,0,0,0,0,0,0,0,0,0,0.533333333,26289
2025,"Heston Kjerstad","BAL",3,9,9,2,1,1,0,0,2,0,0,0,0,0,0,0,2,0,0,0.222222222,31166
2025,"Jackson Holliday","BAL",5,16,16,4,2,2,0,0,4,3,0,0,0,0,0,0,0,0,0,0.25,31781
2025,"Emmanuel Rivera","BAL",3,11,11,3,3,0,0,0,0,0,0,0,0,0,0,0,0,0,0,0.272727272,19890
2025,"Dylan Carlson","BAL",4,12,12,4,1,2,0,1,1,2,0,0,0,0,0,0,1,0,0,0.333333333,20126
2025,"Danny Jansen","TBR",4,7,7,2,1,1,0,0,1,0,0,0,0,0,0,0,0,0,0,0.285714285,16535
2025,"Yandy Diaz","TBR",7,26,26,9,8,0,0,1,4,3,0,0,0,0,0,0,1,0,0,0.346153846,16578
2025,"Brandon Lowe","TBR",3,9,9,3,2,1,0,0,2,1,0,0,0,0,0,0,0,0,0,0.333333333,18882
2025,"Josh Lowe","TBR",6,20,19,1,0,1,0,0,3,3,0,0,0,0,1,0,0,1,0,0.052631578,19953
2025,"Jonathan Aranda","TBR",6,14,13,5,4,1,0,0,1,2,0,0,0,0,1,0,0,0,0,0.384615384,21837
2025,"Christopher Morel","TBR",5,10,10,0,0,0,0,0,0,0,0,0,0,0,0,0,0,1,0,0,21897
2025,"Taylor Walls","TBR",6,18,17,6,6,0,0,0,1,1,0,0,0,0,1,0,0,1,1,0.352941176,22458
2025,"Jose Caballero","TBR",4,6,5,1,1,0,0,0,2,0,0,0,0,0,0,1,0,1,0,0.2,23401
2025,"Jake Mangum","TBR",7,21,21,11,10,1,0,0,2,2,0,0,0,0,0,0,0,0,0,0.523809523,26202
2025,"Junior Caminero","TBR",7,19,19,3,2,0,0,1,2,2,0,0,0,0,0,0,1,0,0,0.157894736,28163
2025,"Matt Thaiss","TBR",3,7,7,2,2,0,0,0,0,0,0,0,0,0,0,0,0,0,0,0.285714285,19318
2025,"Paul Goldschmidt","NYY",6,12,12,3,2,1,0,0,2,0,0,0,0,0,0,0,0,0,0,0.25,9218
2025,"Aaron Judge","NYY",6,10,10,6,3,0,0,3,6,3,0,0,0,0,0,0,2,0,0,0.6,15640
2025,"Cody Bellinger","NYY",5,16,15,4,3,1,0,0,0,3,0,0,0,0,1,0,0,0,0,0.266666666,15998
2025,"Anthony Volpe","NYY",3,9,9,3,3,0,0,0,0,1,0,0,0,0,0,0,1,0,0,0.333333333,27647
2025,"Jasson Dominguez","NYY",5,12,12,3,2,1,0,0,0,1,0,0,0,0,0,0,1,1,0,0.25,28080
2025,"Ben Rice","NYY",6,20,20,5,3,2,0,0,1,1,0,0,0,0,0,0,2,0,0,0.25,29576
2025,"Trent Grisham","NYY",4,12,12,2,1,1,0,0,1,0,0,0,0,0,0,0,0,0,0,0.166666666,18564
2025,"Jazz Chisholm Jr.","NYY",5,16,16,6,5,0,0,1,2,3,0,0,0,0,0,0,0,0,0,0.375,20454
2025,"Addison Barger","TOR",3,9,9,3,0,2,0,1,3,2,0,0,0,0,0,0,1,0,0,0.333333333,24598
2025,"Jonatan Clase","TOR",3,6,6,0,0,0,0,0,0,0,0,0,0,0,0,0,0,0,0,0,26599
2025,"Chandler Simpson","TBR",3,11,11,3,2,1,0,0,0,0,0,0,0,0,0,0,0,0,0,0.272727272,31912
2025,"Luis Vazquez","BAL",2,8,8,1,0,1,0,0,2,0,0,0,0,0,0,0,0,0,0,0.125,23442
2025,"Samuel Basallo","BAL",2,5,5,2,1,1,0,0,1,3,0,0,0,0,0,0,0,0,0,0.4,28824
2025,"Colton Cowser","BAL",2,5,5,1,0,1,0,0,0,1,0,0,0,0,0,0,0,0,0,0.2,29591
2025,"Ryan McMahon","NYY",2,7,7,1,1,0,0,0,1,1,0,0,0,0,0,0,0,0,0,0.142857142,15112
2025,"Jose Caballero","NYY",3,7,7,3,0,2,0,1,2,1,0,0,0,0,0,0,0,1,0,0.428571428,23401