Season,Name,Tm,PA,BB%,K%,BB/K,AVG,OBP,SLG,OPS,ISO,BABIP,wRC,wRAA,wOBA,wRC+,playerId
2002,"Jose Cruz Jr.","TOR",19,0,0,0,0.263157894,0.263157894,0.526315789,0.789473683,0.263157895,0.222222222,2.38329609498083,0.10185038312970963,0.3324019783421567,101.8590772825128,1296
2002,"Carlos Delgado","TOR",28,0,0,0,0.285714285,0.285714285,0.321428571,0.607142856,0.035714286,0.285714285,2.019346627025027,-1.3427838957029392,0.2678501009941101,58.56365576669966,1297
2002,"Darrin Fletcher","TOR",9,0,0,0,0.428571428,0.375,0.571428571,0.946428571,0.142857143,0.375,1.4822305112904155,0.4015457004135692,0.37992940843105316,133.73607612125195,1302
2002,"Eric Hinske","TOR",28,0,0,0,0.269230769,0.25,0.307692307,0.557692307,0.038461538,0.25,1.2825317231350866,-2.0795987995928797,0.235990332705634,37.19507356407142,1305
2002,"Felipe Lopez","TOR",11,0,0,0,0.363636363,0.363636363,0.727272727,1.09090909,0.363636364,0.363636363,2.477013190860973,1.1561761997892719,0.45316650650717993,182.8567394089295,1311
2002,"Raul Mondesi","TOR",4,0,0,0,0.333333333,0.25,0.333333333,0.583333333,0,0.25,0.14036167895337603,-0.33994268143633344,0.22301837801933289,28.494687624878758,1314
2002,"Shannon Stewart","TOR",24,0,0,0,0.458333333,0.458333333,0.541666666,0.999999999,0.083333333,0.458333333,5.126244534092869,2.2444183717546125,0.43913492063681286,173.44565099832644,1322
2002,"Vernon Wells","TOR",33,0,0,0,0.303030303,0.303030303,0.454545454,0.757575757,0.151515151,0.28125,3.9797843271525566,0.01727335393745334,0.32654561057235254,97.93116810989189,1326
2002,"Homer Bush","TOR",3,0,0,0,0.333333333,0.333333333,0.666666666,0.999999999,0.333333333,0.333333333,0.5894749556489715,0.22924668535668932,0.4184294144312541,159.55831486347617,1425
2002,"Alberto Castillo","NYY",3,0,0,0,0,0,0,0,0,0,-0.4473399187024236,-0.8075681889947057,0,-100,812
2002,"Ron Coomer","NYY",9,0,0,0,0.444444444,0.444444444,0.888888888,1.333333332,0.444444444,0.375,2.8376142829708466,1.756929472094,0.5622610383563571,256.02724870354973,816
2002,"Jason Giambi","NYY",25,0,0,0,0.416666666,0.4,0.833333333,1.233333333,0.416666667,0.347826086,6.7050651710054945,3.70316291856981,0.5052510070800781,217.79019912204933,818
2002,"Derek Jeter","NYY",35,0,0,0,0.4,0.4,0.514285714,0.914285714,0.114285714,0.382352941,6.328817359782583,2.1261542063726253,0.39945955617087225,146.835090641039,826
2002,"Nick Johnson","NYY",23,0,0,0,0.304347826,0.304347826,0.434782608,0.739130434,0.130434782,0.272727272,2.660472736901238,-0.10127733533959124,0.3205806587053382,93.93043078026349,828
2002,"Jorge Posada","NYY",27,0,0,0,0.32,0.296296296,0.56,0.856296296,0.24,0.269230769,3.6708343892699227,0.42877995663938356,0.3451389427538271,110.40185350669447,841
2002,"Alfonso Soriano","NYY",28,0,0,0,0.535714285,0.535714285,1.142857142,1.678571427,0.607142857,0.458333333,12.10654864832803,8.744418125600063,0.7040192357131413,351.1055200107053,847
2002,"Shane Spencer","NYY",18,0,0,0,0.222222222,0.222222222,0.333333333,0.555555555,0.111111111,0.222222222,0.8632200442681298,-1.298149577485563,0.2385957505967882,38.94254661143393,848
2002,"Robin Ventura","NYY",20,0,0,0,0.45,0.45,0.85,1.3,0.4,0.388888888,6.113816857363352,3.712295055414805,0.550638610124588,248.23200013752248,854
2002,"Rondell White","NYY",25,0,0,0,0.304347826,0.28,0.434782608,0.714782608,0.130434782,0.25,2.3622461244329553,-0.6396561280027288,0.2949342060089111,76.72916529436088,856
2002,"Bernie Williams","NYY",33,0,0,0,0.272727272,0.272727272,0.393939393,0.666666665,0.121212121,0.25,2.9429694528011616,-1.0195415204139415,0.288506572896784,72.41810423198324,857
2002,"John Vander Wal","NYY",9,0,0,0,0.333333333,0.333333333,0.444444444,0.777777777,0.111111111,0.333333333,1.1684249260240058,0.08774011514715956,0.3377150297164917,105.42258013072185,853
2002,"Enrique Wilson","NYY",5,0,0,0,0.4,0.4,0.4,0.8,0,0.4,0.7280632766091757,0.12768282612203888,0.3568294048309326,118.24273287591743,858
2002,"Brent Abernathy","TBD",23,0,0,0,0.260869565,0.260869565,0.347826086,0.608695651,0.086956521,0.260869565,1.5912833208773056,-1.170466751363524,0.2642987189085587,56.18171753849556,1192
2002,"Steve Cox","TBD",18,0,0,0,0.222222222,0.222222222,0.555555555,0.777777777,0.333333333,0.125,2.127969009459021,-0.03340061229467178,0.32366528775956893,95.99931429859677,1200
2002,"John Flaherty","TBD",14,0,0,0,0.214285714,0.214285714,0.214285714,0.428571428,0,0.214285714,0.12285842439184572,-1.5582068369721374,0.19115860973085677,7.126105422250499,1206
2002,"Chris Gomez","TBD",10,0,0,0,0.1,0.1,0.1,0.2,0,0.1,-0.7543181584514713,-1.955079059425745,0.08920735120773315,-61.25335762615994,1208
2002,"Russ Johnson","TBD",4,0,0,0,0,0,0,0,0,0,-0.5964532249365648,-1.0767575853262743,0,-100,1216
2002,"Jason Tyner","TBD",5,0,0,0,0.4,0.4,0.4,0.8,0,0.4,0.7280632766091757,0.12768282612203888,0.3568294048309326,118.24273287591743,1232
2002,"Greg Vaughn","TBD",5,0,0,0,0,0,0,0,0,0,-0.745566531170706,-1.3459469816578429,0,-100,1233
2002,"Randy Winn","TBD",26,0,0,0,0.4,0.4,0.76,1.16,0.36,0.347826086,6.661267808565803,3.5392894660326903,0.4907224178314209,208.04576687015359,1235
2002,"Jason Conti","TBD",4,0,0,0,0.5,0.5,0.5,1,0,0.5,0.8771765828433169,0.3968722224536075,0.44603675603866577,178.07476304327656,1199
2002,"Felix Escalona","TBD",11,0,0,0,0.09090909,0.09090909,0.181818181,0.272727271,0.090909091,0.09090909,-0.6034314942241585,-1.9242684852958596,0.11411711302670566,-44.5461961597931,1204
2002,"Ben Grieve","TBD",18,0,0,0,0.277777777,0.277777777,0.555555555,0.833333332,0.277777778,0.235294117,2.5324094012149705,0.37103977946127803,0.3508687549167209,114.2448808978479,1209
2002,"Toby Hall","TBD",19,0,0,0,0.368421052,0.368421052,0.684210526,1.052631578,0.315789474,0.333333333,4.156925873222165,1.8754801613710452,0.44542101809853,177.66178305327998,1210
2002,"Tony Batista","BAL",28,0,0,0,0.428571428,0.428571428,0.892857142,1.32142857,0.464285714,0.36,8.663729513139852,5.301598990411886,0.5551522416727883,251.25932619641858,124
2002,"Mike Bordick","BAL",13,0,0,0,0.307692307,0.307692307,0.538461538,0.846153845,0.230769231,0.307692307,1.90878654590029,0.3477973746337342,0.35830294168912447,119.23104494390773,129
2002,"Jeff Conine","BAL",19,0,0,0,0.315789473,0.315789473,0.421052631,0.736842104,0.105263158,0.315789473,2.1877365458138707,-0.09370916603724921,0.3199405544682553,93.50110813470917,131
2002,"Marty Cordova","BAL",19,0,0,0,0.210526315,0.210526315,0.263157894,0.473684209,0.052631579,0.210526315,0.41410676757253456,-1.8673389442785855,0.20692151471188194,17.698402363941963,132
2002,"Brook Fordyce","BAL",10,0,0,0,0.1,0.1,0.1,0.2,0,0.1,-0.7543181584514713,-1.955079059425745,0.08920735120773315,-61.25335762615994,138
2002,"Jay Gibbons","BAL",34,0,0,0,0.333333333,0.323529411,0.424242424,0.747771835,0.090909091,0.323529411,3.9351114422129103,-0.14747562109962017,0.3206603772499982,93.98389859770701,141
2002,"Geronimo Gil","BAL",17,0,0,0,0.411764705,0.411764705,0.94117647,1.352941175,0.529411765,0.333333333,5.387526938747347,3.3462334070910824,0.5642258770325604,257.3450805341893,142
2002,"Melvin Mora","BAL",19,0,0,0,0.421052631,0.421052631,0.842105263,1.263157894,0.421052632,0.352941176,5.526115259707552,3.244669547856432,0.5326683521270752,236.179215203704,157
2002,"Mike Moriarty","BAL",4,0,0,0,0,0,0,0,0,0,-0.5964532249365648,-1.0767575853262743,0,-100,158
2002,"Chris Singleton","BAL",20,0,0,0,0.35,0.35,0.55,0.9,0.2,0.35,3.375438084392579,0.9739162824440315,0.3848686754703522,137.0488790517168,170
2002,"Jerry Hairston Jr.","BAL",26,0,0,0,0.48,0.48,0.72,1.2,0.24,0.48,7.190503854138265,4.068525511605154,0.5153668212890625,224.5749505211794,144
2002,"Gary Matthews Jr.","BAL",10,0,0,0,0.3,0.3,0.3,0.6,0,0.3,0.7193116493284104,-0.48144925164586316,0.26762205362319946,58.410702708558325,153
2002,"David Segui","BAL",6,0,0,0,0.166666666,0.166666666,0.333333333,0.499999999,0.166666667,0.166666666,0.14213503694654772,-0.5783215036380165,0.20921470721562704,19.236463534978558,169
2002,"Dave Berg","TOR",30,0,0,0,0.366666666,0.366666666,0.466666666,0.833333332,0.1,0.366666666,4.531564667149476,0.9292819642266545,0.3634150942166646,122.65980344987051,1288
2002,"Joe Lawrence","TOR",6,0,0,0,0,0,0,0,0,0,-0.8946798374048472,-1.6151363779894115,0,-100,1308
2002,"Pedro Swann","TOR",2,0,0,0,0,0,0,0,0,0,-0.2982266124682824,-0.5383787926631372,0,-100,1323
2002,"Josh Phelps","TOR",20,0,0,0,0.65,0.65,1.05,1.7,0.4,0.611111111,9.061076472923116,6.659554670974569,0.7290533125400543,367.89606047224066,1318
2002,"Tom Wilson","TOR",8,0,0,0,0.375,0.375,0.875,1.25,0.5,0.285714285,2.2499126853150466,1.289303964535628,0.5210344791412354,228.37629055648443,1328
2002,"Ken Huckaby","TOR",17,0,0,0,0.294117647,0.294117647,0.294117647,0.588235294,0,0.294117647,1.1491483134693037,-0.8921452181869616,0.26237456237568574,54.89117152224306,1306
2002,"Carl Crawford","TBD",22,0,0,0,0.272727272,0.272727272,0.409090909,0.681818181,0.136363637,0.272727272,2.010396659603847,-0.6312773225395549,0.29117108475078235,74.20521203724105,1201
2002,"Aubrey Huff","TBD",26,0,0,0,0.192307692,0.192307692,0.269230769,0.461538461,0.076923077,0.192307692,0.4071284982849409,-2.7148498442481706,0.19949219318536612,12.715501474278824,1213
2002,"Jared Sandberg","TBD",17,0,0,0,0.6,0.529411764,1.266666666,1.79607843,0.666666666,0.466666666,7.13115677901963,5.089863247363365,0.6884047213722678,340.6327497687522,1224
2002,"Andy Sheets","TBD",6,0,0,0,0.666666666,0.666666666,1.5,2.166666666,0.833333334,0.6,3.584954172134725,2.8644976315501602,0.9039273460706075,485.18536800165003,1226
2002,"Howie Clark","BAL",13,0,0,0,0.153846153,0.153846153,0.23076923,0.384615383,0.076923077,0.153846153,-0.16484320280250006,-1.7258323740690558,0.16518167349008414,-10.296817820859303,1533
2002,"Luis Lopez","BAL",6,0,0,0,0.333333333,0.333333333,1,1.333333333,0.666666667,0.2,1.8113243938933883,1.090867853308824,0.5460337201754252,245.14346639422038,695
2002,"Raul Mondesi","NYY",7,0,0,0,0.428571428,0.428571428,0.571428571,0.999999999,0.142857143,0.428571428,1.4666515384922885,0.6261189078102969,0.4342050382069179,170.1391423947907,1314
2002,"Jayson Werth","TOR",11,0,0,0,0.272727272,0.272727272,0.272727272,0.545454544,0,0.272727272,0.5701983430942694,-0.7506386479774316,0.24329277602109042,42.092876299278565,1327
2002,"Chris Woodward","TOR",14,0,0,0,0.307692307,0.285714285,0.461538461,0.747252746,0.153846154,0.285714285,1.4596732692046948,-0.2213919921592883,0.3067659650530134,84.66481358427764,1329
2002,"Dewayne Wise","TOR",4,0,0,0,0,0,0,0,0,0,-0.5964532249365648,-1.0767575853262743,0,-100,1554
2002,"Kevin Cash","TOR",1,0,0,0,0,0,0,0,0,0,-0.1491133062341412,-0.2691893963315686,0,-100,1593
2002,"Brian Lesher","TOR",1,0,0,0,0,0,0,0,0,0,-0.1491133062341412,-0.2691893963315686,0,-100,1309
2002,"Jose Leon","BAL",3,0,0,0,0.333333333,0.333333333,0.333333333,0.666666666,0,0.333333333,0.2894749851875173,-0.07075328510476481,0.29735783735911053,78.3547127643447,149
2002,"Luis Matos","BAL",6,0,0,0,0.2,0.2,0.2,0.4,0,0.2,-0.010501952736918257,-0.7309584933214824,0.1784147024154663,-1.421327458800813,152
2002,"Larry Bigbie","BAL",5,0,0,0,0.4,0.4,0.4,0.8,0,0.4,0.7280632766091757,0.12768282612203888,0.3568294048309326,118.24273287591743,128
2002,"Chris Richard","BAL",5,0,0,0,0.2,0.2,0.2,0.4,0,0.2,-0.008751627280765215,-0.609132077767902,0.1784147024154663,-1.421327458800813,163
2002,"Damian Rolls","TBD",11,0,0,0,0.2,0.2,0.3,0.5,0.1,0.2,0.3107463874899162,-1.010090603581785,0.21473617553710939,22.939753170938637,1222
2003,"B.J. Surhoff","BAL",24,0,0,0,0.291666666,0.291666666,0.375,0.666666666,0.083333334,0.291666666,2.177287734032104,-0.7646966214175723,0.289761741956075,72.49848400861335,117
2003,"Geronimo Gil","BAL",6,0,0,0,0.333333333,0.333333333,0.333333333,0.666666666,0,0.333333333,0.5808899905922672,-0.15460609827015193,0.29703934987386066,77.36900003699019,142
2003,"Jerry Hairston Jr.","BAL",18,0,0,0,0.235294117,0.235294117,0.352941176,0.588235293,0.117647059,0.235294117,1.061013168711004,-1.1454750978762533,0.25181927400476795,47.105607612869704,144
2003,"Gary Matthews Jr.","BAL",8,0,0,0,0.25,0.25,0.375,0.625,0.125,0.25,0.5770051852038017,-0.4036562666127571,0.2675579786300659,57.63868579039354,153
2003,"Melvin Mora","BAL",1,0,0,0,1,1,2,3,1,1,0.8943297008520683,0.7717470193749985,1.2493457794189453,714.6970591222254,157
2003,"David Segui","BAL",6,0,0,0,0.666666666,0.666666666,0.666666666,1.333333332,0,0.666666666,2.073434247601135,1.3379381587387158,0.5940786997477213,276.1616433014923,169
2003,"Marty Cordova","BAL",2,0,0,0,0.5,0.5,0.5,1,0,0.5,0.44238737303223374,0.197222010078094,0.445559024810791,176.76532166924125,132
2003,"Terry Shumpert","TBD",4,0,0,0,0.25,0.25,1,1.25,0.75,0,1.0667555732269025,0.576424847318623,0.4998845160007477,213.12248443195259,449
2003,"Damion Easley","TBD",9,0,0,0,0.111111111,0.111111111,0.111111111,0.222222222,0,0.111111111,-0.6212092711204666,-1.7244534044140953,0.09901311662462023,-55.15942880601121,464
2003,"Rey Ordonez","TBD",10,0,0,0,0.2,0.2,0.5,0.7,0.3,0.111111111,0.901373435314736,-0.32445337945596253,0.2890656113624573,72.03260081562452,889
2003,"Marlon Anderson","TBD",32,0,0,0,0.322580645,0.3125,0.516129032,0.828629032,0.193548387,0.3125,4.340565147572871,0.41791934030663563,0.3434031754732132,108.39784334230859,947
2003,"Carl Crawford","TBD",36,0,0,0,0.222222222,0.222222222,0.333333333,0.555555555,0.111111111,0.222222222,1.7002512298708072,-2.7127253033037073,0.23782931433783638,37.74287145507072,1201
2003,"Ben Grieve","TBD",11,0,0,0,0.272727272,0.272727272,0.272727272,0.545454544,0,0.272727272,0.5674502304162008,-0.7809592658315676,0.24303219535134055,41.22488307980799,1209
2003,"Toby Hall","TBD",30,0,0,0,0.233333333,0.233333333,0.366666666,0.599999999,0.133333333,0.206896551,1.8938864731986387,-1.783593971113457,0.2568158030509949,50.44951883765898,1210
2003,"Aubrey Huff","TBD",31,0,0,0,0.258064516,0.258064516,0.483870967,0.741935483,0.225806451,0.233333333,3.3582161990088397,-0.44184692678032567,0.31078879679403,86.57077380146323,1213
2003,"Damian Rolls","TBD",15,0,0,0,0.428571428,0.4,0.714285714,1.114285714,0.285714286,0.357142857,3.4267500107357054,1.5880097885796576,0.4542237361272176,182.56415224992946,1222
2003,"Rocco Baldelli","TBD",29,0,0,0,0.344827586,0.344827586,0.551724137,0.896551723,0.206896551,0.321428571,4.884645136615508,1.329747373780483,0.3825615068961834,134.60443251207798,1656
2003,"Al Martin","TBD",13,0,0,0,0.384615384,0.384615384,0.384615384,0.769230768,0,0.384615384,1.756109731952868,0.16253487275096004,0.34273771139291614,107.95248361614436,1167
2003,"Mike Bordick","TOR",13,0,0,0,0.384615384,0.384615384,0.692307692,1.076923076,0.307692308,0.333333333,2.9843626377034718,1.3907877785015637,0.4555567686374371,183.45628003157378,129
2003,"Frank Catalanotto","TOR",32,0,0,0,0.4375,0.4375,0.625,1.0625,0.1875,0.419354838,7.4139065174249446,3.4912607101587088,0.45808612182736397,185.14904163567977,1241
2003,"Carlos Delgado","TOR",27,0,0,0,0.259259259,0.259259259,0.444444444,0.703703703,0.185185185,0.23076923,2.6497135564906733,-0.6600188433902128,0.29861858597508184,78.42589879142726,1297
2003,"Eric Hinske","TOR",28,0,0,0,0.392857142,0.392857142,0.678571428,1.07142857,0.285714286,0.392857142,6.354606437607846,2.922291356249891,0.45243287086486816,181.3656213502887,1305
2003,"Orlando Hudson","TOR",33,0,0,0,0.151515151,0.151515151,0.272727272,0.424242423,0.121212121,0.151515151,-0.11273789764353118,-4.157966386386836,0.17735389507178104,-2.730111176804064,1307
2003,"Josh Phelps","TOR",14,0,0,0,0.571428571,0.571428571,0.785714285,1.357142856,0.214285714,0.571428571,4.742983589981273,3.0268260493022954,0.5859733990260533,270.73719648796975,1318
2003,"Shannon Stewart","TOR",14,0,0,0,0.5,0.5,0.571428571,1.071428571,0.071428571,0.5,3.3967115613093704,1.6805540206303924,0.47114671979631695,193.88980542325774,1322
2003,"Vernon Wells","TOR",31,0,0,0,0.322580645,0.322580645,0.516129032,0.838709677,0.193548387,0.3,4.580760381143309,0.7806972553541434,0.35788011935449415,118.08649214178189,1326
2003,"Tom Wilson","TOR",7,0,0,0,0.428571428,0.428571428,0.714285714,1.142857142,0.285714286,0.428571428,1.77521964152807,0.9171408711885813,0.4842585154942104,202.66483312862823,1328
2003,"Greg Myers","TOR",21,0,0,0,0.428571428,0.428571428,0.666666666,1.095238094,0.238095238,0.4,5.053912079916141,2.4796757688976743,0.46880656764620826,192.32366601526763,933
2003,"Chris Woodward","TOR",11,0,0,0,0.363636363,0.363636363,0.818181818,1.181818181,0.454545455,0.3,2.841975214754972,1.4935657185072042,0.4899406974965876,206.4676154207461,1329
2003,"Reed Johnson","TOR",18,0,0,0,0.277777777,0.277777777,0.333333333,0.61111111,0.055555556,0.277777777,1.2963977933561033,-0.9100904732311543,0.26743433210584855,57.55593574603048,1702
2003,"Dave Berg","TOR",2,0,0,0,0.5,0.5,2,2.5,1.5,0,1.3706403286991025,1.1254749657449628,0.9997690320014954,547.668612091417,1288
2003,"Todd Zeile","NYY",9,0,0,0,0.333333333,0.333333333,0.444444444,0.777777777,0.111111111,0.333333333,1.1713349359721352,0.06809080267850671,0.3368424309624566,104.0070858765714,457
2003,"Jason Giambi","NYY",21,0,0,0,0.210526315,0.19047619,0.526315789,0.716791979,0.315789474,0.105263157,1.6508044928933714,-0.9234318181250956,0.2753005822499593,62.82039871833229,818
2003,"Derek Jeter","NYY",32,0,0,0,0.451612903,0.4375,0.580645161,1.018145161,0.129032258,0.4375,6.78565351184181,2.8630077045755744,0.43464261293411255,169.45954762667597,826
2003,"Jorge Posada","NYY",25,0,0,0,0.52,0.52,1.08,1.6,0.56,0.428571428,10.215989949990082,7.151422913063335,0.6693868064880371,326.56135500470606,841
2003,"Alfonso Soriano","NYY",22,0,0,0,0.318181818,0.318181818,0.5,0.818181818,0.181818182,0.285714285,3.1094254950874394,0.4126065025919025,0.3502033677968112,112.94885049772114,847
2003,"Robin Ventura","NYY",6,0,0,0,0.333333333,0.333333333,0.5,0.833333333,0.166666667,0.333333333,0.880889940676002,0.1453938518135828,0.3567439715067546,117.32612879636206,854
2003,"Bernie Williams","NYY",34,0,0,0,0.212121212,0.205882352,0.242424242,0.448306594,0.03030303,0.205882352,0.3578640065873693,-3.8099471636330056,0.1940015905043658,8.411306216922648,857
2003,"Bubba Trammell","NYY",4,0,0,0,0.25,0.25,0.25,0.5,0,0.25,0.13850261756003363,-0.3518281083482458,0.2227795124053955,27.670839220864675,1057
2003,"Raul Mondesi","NYY",17,0,0,0,0.235294117,0.235294117,0.352941176,0.588235293,0.117647059,0.235294117,0.9720681174621671,-1.1118374676480205,0.24971206047955682,45.69536164115815,1314
2003,"Hideki Matsui","NYY",32,0,0,0,0.25,0.25,0.28125,0.53125,0.03125,0.25,1.4080208905640035,-2.514624916702232,0.2339741289615631,35.162800863246886,1659
2003,"Bobby Kielty","TOR",12,0,0,0,0.5,0.5,0.833333333,1.333333333,0.333333333,0.454545454,3.8825771439440055,2.411584966219167,0.567779670159022,258.5611011192898,736
2003,"Jayson Werth","TOR",3,0,0,0,0.333333333,0.333333333,0.333333333,0.666666666,0,0.333333333,0.2904449952961336,-0.07730304913507596,0.29703934987386066,77.36900003699019,1327
2003,"Howie Clark","TOR",7,0,0,0,0.142857142,0.142857142,0.142857142,0.285714284,0,0.142857142,-0.3173245156482665,-1.1754032859877555,0.12730257851736887,-36.22679611415386,1533
2003,"Travis Lee","TBD",20,0,0,0,0.25,0.25,0.45,0.7,0.2,0.210526315,1.9207659935507713,-0.5308876359906258,0.2961118996143341,76.74830689089379,958
2003,"Antonio Perez","TBD",7,0,0,0,0.666666666,0.571428571,1.166666666,1.738095237,0.5,0.5,2.849744825531904,1.991666055192415,0.6675560304096767,325.3361139179705,1708
2003,"Julio Lugo","TBD",15,0,0,0,0.466666666,0.466666666,0.466666666,0.933333332,0,0.466666666,2.944769233489536,1.1060290113334883,0.41585508982340497,156.88605734279105,565
2003,"Nick Johnson","NYY",17,0,0,0,0.470588235,0.470588235,0.588235294,1.058823529,0.117647059,0.470588235,3.987156506689239,1.9032509215790516,0.46149410920984607,187.42982638781237,828
2003,"Enrique Wilson","NYY",10,0,0,0,0.5,0.5,0.5,1,0,0.5,2.2119368651611686,0.9861100503904701,0.445559024810791,176.76532166924125,858
2003,"Ruben Sierra","NYY",3,0,0,0,0.333333333,0.333333333,0.333333333,0.666666666,0,0.333333333,0.2904449952961336,-0.07730304913507596,0.29703934987386066,77.36900003699019,1099
2003,"John Flaherty","NYY",2,0,0,0,0.5,0.5,1,1.5,0.5,0.5,0.7423873231159682,0.4972219601618285,0.6246728897094727,296.63670794735674,1206
2003,"Karim Garcia","NYY",8,0,0,0,0.375,0.375,0.375,0.75,0,0.375,1.023277363624501,0.04261591180794218,0.33416926860809326,102.21808044505293,1537
2003,"Tony Batista","BAL",38,0,0,0,0.324324324,0.315789473,0.54054054,0.856330013,0.216216216,0.277777777,5.63796099958261,0.9798191034539555,0.3585976864162244,118.5667216230997,124
2003,"Larry Bigbie","BAL",26,0,0,0,0.192307692,0.192307692,0.23076923,0.423076922,0.038461538,0.192307692,0.08085877146730241,-3.1062909469365136,0.18514684530404898,2.485296061863576,128
2003,"Jeff Conine","BAL",8,0,0,0,0.125,0.125,0.125,0.25,0,0.125,-0.46926689338436667,-1.4499283452009255,0.11138975620269775,-46.87640200332363,131
2003,"Brook Fordyce","BAL",19,0,0,0,0.315789473,0.315789473,0.578947368,0.894736841,0.263157895,0.277777777,3.088980574665703,0.7599096266013758,0.375566375883002,129.9229632566331,138
2003,"Jay Gibbons","BAL",39,0,0,0,0.358974358,0.358974358,0.461538461,0.820512819,0.102564103,0.358974358,5.692056992479774,0.911332414874049,0.3557113072811029,116.63502153697311,141
2003,"Jose Leon","BAL",6,0,0,0,0.166666666,0.166666666,0.166666666,0.333333332,0,0.166666666,-0.1653821379121666,-0.9008782267745857,0.14851967493693033,-22.027321595260872,149
2003,"Luis Matos","BAL",22,0,0,0,0.454545454,0.454545454,0.954545454,1.409090908,0.5,0.4,7.446494761393211,4.749675768897674,0.5856062065471302,270.49145408548014,152
2003,"Brian Roberts","BAL",22,0,0,0,0.19047619,0.181818181,0.238095238,0.419913419,0.047619048,0.181818181,-0.057643846092731266,-2.754462838588268,0.17830454219471326,-2.093893603409353,166
2003,"Robert Machado","BAL",5,0,0,0,0.2,0.2,0.2,0.4,0,0.2,-0.01343976017606649,-0.6263531675614158,0.1782236099243164,-2.1480572688106556,289
2003,"Deivi Cruz","BAL",29,0,0,0,0.275862068,0.275862068,0.413793103,0.689655171,0.137931035,0.275862068,2.7338479988141713,-0.8210497640208546,0.2940011271115007,75.3356790846908,1025
2003,"Jack Cust","BAL",21,0,0,0,0.476190476,0.476190476,0.904761904,1.38095238,0.428571428,0.421052631,7.0284371141711794,4.454200803152712,0.581081129255749,267.46306045308137,1564
2003,"Jose Morban","BAL",3,0,0,0,0,0,0,0,0,0,-0.4558271332083001,-0.8235751776395097,0,-100,1682
2003,"Kevin Cash","TOR",2,0,0,0,0,0,0,0,0,0,-0.30388475547220006,-0.5490501184263398,0,-100,1593
2003,"Aaron Boone","NYY",11,0,0,0,0.454545454,0.454545454,0.727272727,1.181818181,0.272727273,0.454545454,2.9599943376762723,1.6115848414285041,0.5027521306818182,215.04162646669036,311
2003,"Juan Rivera","NYY",4,0,0,0,0.25,0.25,0.25,0.5,0,0.25,0.13850261756003363,-0.3518281083482458,0.2227795124053955,27.670839220864675,843
2003,"Jared Sandberg","TBD",4,0,0,0,0.5,0.5,0.5,1,0,0.5,0.8847747460644675,0.394444020156188,0.445559024810791,176.76532166924125,1224
2003,"Pete Laforest","TBD",4,0,0,0,0.75,0.75,1,1.75,0.25,0.75,1.9310468246526358,1.4407160987443564,0.7578954696655273,385.79549725667556,1821
2003,"Tim Raines Jr.","BAL",2,0,0,0,0.5,0.5,0.5,1,0,0.5,0.44238737303223374,0.197222010078094,0.445559024810791,176.76532166924125,1807
2003,"Pedro Swann","BAL",1,0,0,0,1,1,1,2,0,1,0.5943297507683338,0.4717470692912639,0.891118049621582,474.95428656599444,1323
2004,"Chris Gomez","TOR",11,0,0,0,0.363636363,0.363636363,0.363636363,0.727272726,0,0.363636363,1.3039830579702214,-0.059851531749550976,0.3237328746102073,92.80680586428522,1208
2004,"Frank Catalanotto","TOR",19,0,0,0,0.315789473,0.315789473,0.47368421,0.789473683,0.157894737,0.315789473,2.4366128224584993,0.08089853112434665,0.3351800943675794,100.39994767447678,1241
2004,"Carlos Delgado","TOR",26,0,0,0,0.16,0.153846153,0.28,0.433846153,0.12,0.12,-0.10675103265746366,-3.330360062904198,0.1789738512956179,-3.2143954081564443,1297
2004,"Eric Hinske","TOR",32,0,0,0,0.28125,0.28125,0.5,0.78125,0.21875,0.233333333,3.9556848783892984,-0.011833928068220957,0.3297182731330395,96.7770257724954,1305
2004,"Orlando Hudson","TOR",21,0,0,0,0.428571428,0.428571428,0.714285714,1.142857142,0.285714286,0.4,5.343440190263039,2.7397559735252917,0.4841373506046477,199.20591054041085,1307
2004,"Josh Phelps","TOR",20,0,0,0,0.3,0.3,0.5,0.8,0.2,0.263157894,2.6363041443626622,0.15660489032671232,0.3393965005874634,103.19676393515303,1318
2004,"Vernon Wells","TOR",37,0,0,0,0.297297297,0.297297297,0.567567567,0.864864864,0.27027027,0.257142857,5.585548590590005,0.9981049706234971,0.3619933176685024,118.1856293707788,1326
2004,"Chris Woodward","TOR",10,0,0,0,0,0,0,0,0,0,-1.5574466943792498,-2.7972963213972246,0,-100,1329
2004,"Kevin Cash","TOR",13,0,0,0,0.307692307,0.307692307,0.461538461,0.769230768,0.153846154,0.307692307,1.5924936180921263,-0.019310897031240865,0.3284015197020311,95.90360010734523,1593
2004,"Reed Johnson","TOR",21,0,0,0,0.19047619,0.19047619,0.19047619,0.38095238,0,0.19047619,-0.2534636364090285,-2.8571478531467758,0.16957436289106095,-9.449241066036643,1702
2004,"Greg Myers","TOR",2,0,0,0,0,0,0,0,0,0,-0.31148933887584995,-0.5594592642794449,0,-100,933
2004,"Jay Gibbons","BAL",15,0,0,0,0.266666666,0.266666666,0.4,0.666666666,0.133333334,0.266666666,1.2510043398176236,-0.6087701007093387,0.28225412766138713,65.29322489292252,141
2004,"David Segui","BAL",4,0,0,0,0.75,0.75,1.5,2.25,0.75,0.666666666,2.565338089530037,2.069398238722847,0.9407636821269989,502.0941718829797,169
2004,"Gary Sheffield","NYY",34,0,0,0,0.264705882,0.264705882,0.470588235,0.735294117,0.205882353,0.242424242,3.6187594370688907,-0.5967292947922238,0.3094401008942548,83.3261581623563,114
2004,"Kenny Lofton","NYY",20,0,0,0,0.25,0.25,0.4,0.65,0.15,0.25,1.5565744869723783,-0.9231247670635714,0.2756782114505768,60.9313042362964,246
2004,"Jason Giambi","NYY",13,0,0,0,0.153846153,0.153846153,0.384615384,0.538461537,0.230769231,0.083333333,0.4093424591418627,-1.2024620559815047,0.22098379410230196,24.651537100368742,818
2004,"Derek Jeter","NYY",37,0,0,0,0.166666666,0.166666666,0.166666666,0.333333332,0,0.166666666,-1.1110755356143218,-5.698519155580828,0.14837756752967834,-23.509447518955895,826
2004,"Jorge Posada","NYY",28,0,0,0,0.392857142,0.392857142,0.678571428,1.07142857,0.285714286,0.37037037,6.361814614089018,2.8902356584386877,0.4519847610167095,177.87853345840153,841
2004,"Bernie Williams","NYY",32,0,0,0,0.34375,0.34375,0.5625,0.90625,0.21875,0.34375,5.413399884393882,1.4458810779363624,0.38348352909088135,132.4404638475986,857
2004,"Enrique Wilson","NYY",21,0,0,0,0.25,0.25,0.25,0.5,0,0.25,0.6894033703995333,-1.914280846338214,0.22256635129451752,25.701275066261513,858
2004,"Alex Rodriguez","NYY",27,0,0,0,0.296296296,0.296296296,0.296296296,0.592592592,0,0.296296296,1.8292427687508177,-1.5183512241977144,0.2637823422749837,53.04056539138228,1274
2004,"Hideki Matsui","NYY",31,0,0,0,0.533333333,0.516129032,0.966666666,1.482795698,0.433333333,0.464285714,11.21692058539299,7.373386741637266,0.6108818804064104,283.2777820383825,1659
2004,"Tony Clark","NYY",5,0,0,0,0.2,0.2,0.8,1,0.6,0,0.9010062091984137,0.28108139568942625,0.3965047836303711,141.0776905594621,182
2004,"Ruben Sierra","NYY",11,0,0,0,0.5,0.454545454,0.8,1.254545454,0.3,0.4,2.9837126143582595,1.6198780246384874,0.5039623217149214,212.356161886491,1099
2004,"Travis Lee","NYY",7,0,0,0,0.285714285,0.285714285,0.428571428,0.714285713,0.142857143,0.285714285,0.7183744743271007,-0.1495202645854817,0.30494426829474314,80.34399347900695,958
2004,"John Flaherty","NYY",1,0,0,0,1,1,1,2,0,1,0.5985489360089241,0.47456397330712663,0.8902654051780701,468.5977783332182,1206
2004,"Rey Sanchez","TBD",11,0,0,0,0.181818181,0.181818181,0.181818181,0.363636362,0,0.181818181,-0.20460415292347675,-1.5684387426432491,0.16186643730510364,-14.562043412552736,213
2004,"Toby Hall","TBD",25,0,0,0,0.375,0.36,0.625,0.985,0.25,0.333333333,4.7204615125113385,1.6208374449664011,0.40667537450790403,147.82402202364258,1210
2004,"Eduardo Perez","TBD",1,0,0,0,0,0,0,0,0,0,-0.15574466943792498,-0.27972963213972246,0,-100,1409
2004,"Brook Fordyce","TBD",5,0,0,0,0.4,0.4,0.4,0.8,0,0.4,0.7298638637040733,0.10993905019508585,0.356106162071228,114.28057571965284,138
2004,"Robert Fick","TBD",17,0,0,0,0.176470588,0.176470588,0.235294117,0.411764705,0.058823529,0.176470588,-0.0847786146053,-2.1925229805358573,0.17793384019066305,-3.904253030485261,466
2004,"Geoff Blum","TBD",23,0,0,0,0.304347826,0.304347826,0.391304347,0.695652173,0.086956521,0.304347826,2.2979277400534244,-0.553726402087918,0.3017398248548093,78.21842989432209,550
2004,"Julio Lugo","TBD",27,0,0,0,0.52,0.52,0.88,1.4,0.36,0.5,9.29624671086845,5.948652717919918,0.5901910138130187,269.55316701837313,565
2004,"Tino Martinez","TBD",25,0,0,0,0.24,0.24,0.36,0.6,0.12,0.208333333,1.5575808476741597,-1.5420432198707774,0.25735403776168825,48.77655816490164,1168
2004,"Carl Crawford","TBD",32,0,0,0,0.3125,0.3125,0.53125,0.84375,0.21875,0.29032258,4.684542381391591,0.7170235749340708,0.3566009011119604,114.60874481004701,1201
2004,"Aubrey Huff","TBD",35,0,0,0,0.314285714,0.314285714,0.514285714,0.828571428,0.2,0.294117647,4.971601978524664,0.6321282839617522,0.35147126402173723,111.20616648216975,1213
2004,"Jose Cruz Jr.","TBD",18,0,0,0,0.25,0.222222222,0.25,0.472222222,0,0.222222222,0.21377037190474657,-2.0179589567276084,0.1978367567062378,9.29770087118904,1296
2004,"Rocco Baldelli","TBD",33,0,0,0,0.242424242,0.242424242,0.515151515,0.757575757,0.272727273,0.193548387,3.6156465631036263,-0.47585720605569054,0.3131354433117491,85.77734365612474,1656
2004,"Simon Pond","TOR",8,0,0,0,0.375,0.375,0.875,1.25,0.5,0.285714285,2.242359361277214,1.2504796596628343,0.5146417245268822,219.4399972384902,1898
2004,"Gregg Zaun","TOR",6,0,0,0,0.333333333,0.333333333,0.333333333,0.666666666,0,0.333333333,0.5741191942661483,-0.16979058194463664,0.2967551350593567,74.91199765147891,580
2004,"Frank Menechino","TOR",8,0,0,0,0.25,0.25,0.5,0.75,0.25,0.25,0.8326298149894003,-0.1592498866249797,0.30666013807058334,81.48216002179439,931
2004,"Javy Lopez","BAL",31,0,0,0,0.310344827,0.29032258,0.551724137,0.842046717,0.24137931,0.266666666,4.055993505984014,0.21245966222829119,0.33824372868384084,102.43211009565864,103
2004,"B.J. Surhoff","BAL",23,0,0,0,0.5,0.5,0.818181818,1.318181818,0.318181818,0.45,7.340887819283257,4.489233677141915,0.560523434118791,249.87414062086262,117
2004,"Larry Bigbie","BAL",27,0,0,0,0.346153846,0.346153846,0.461538461,0.807692307,0.115384615,0.346153846,3.77925323413731,0.43165924118877813,0.3490240711432237,109.58290048769304,128
2004,"Jerry Hairston Jr.","BAL",7,0,0,0,0.571428571,0.571428571,0.857142857,1.428571428,0.285714286,0.571428571,2.5269616347196764,1.6590668958070938,0.6098885365894863,282.6188796474046,144
2004,"Luis Matos","BAL",10,0,0,0,0.111111111,0.111111111,0.222222222,0.333333333,0.111111111,0.111111111,-0.38600941110622067,-1.6258590381241955,0.13826049698723686,-30.220278005371306,152
2004,"Melvin Mora","BAL",37,0,0,0,0.472222222,0.472222222,0.972222222,1.444444444,0.5,0.40625,13.071202435077746,8.483758815111239,0.6007783429490196,276.57592828484167,157
2004,"Brian Roberts","BAL",34,0,0,0,0.34375,0.34375,0.59375,0.9375,0.25,0.322580645,6.06563824674733,1.850149514886216,0.3943801708519459,139.66839760796282,166
2004,"Luis Lopez","BAL",4,0,0,0,0.25,0.25,0.25,0.5,0,0.25,0.1313149276951492,-0.36462492311204076,0.22256635129451752,25.701275066261513,695
2004,"Miguel Tejada","BAL",33,0,0,0,0.424242424,0.424242424,0.787878787,1.212121211,0.363636363,0.366666666,9.06684414672591,4.975340377566591,0.5081006234342401,215.10117006089163,941
2004,"Rafael Palmeiro","BAL",24,0,0,0,0.304347826,0.291666666,0.478260869,0.769927535,0.173913043,0.260869565,2.7676190720578107,-0.20802003278532882,0.31992480903863907,90.28084912367108,1266
2004,"Robert Machado","BAL",3,0,0,0,0.333333333,0.333333333,0.333333333,0.666666666,0,0.333333333,0.28705959713307416,-0.08489529097231832,0.2967551350593567,74.91199765147891,289
2004,"Karim Garcia","BAL",9,0,0,0,0.222222222,0.222222222,0.222222222,0.444444444,0,0.222222222,0.10688518595237329,-1.0089794783638042,0.1978367567062378,9.29770087118904,1537
2004,"David Newhan","BAL",24,0,0,0,0.416666666,0.416666666,0.75,1.166666666,0.333333334,0.363636363,6.255935788838424,3.280296683995285,0.4914720505475998,204.07114576629803,2009
2004,"Miguel Cairo","NYY",12,0,0,0,0.166666666,0.166666666,0.166666666,0.333333332,0,0.166666666,-0.36034882236140164,-1.8481683747829716,0.14837756752967834,-23.50944751895589,1412
2004,"B.J. Upton","TBD",10,0,0,0,0.3,0.3,0.3,0.6,0,0.3,0.7054341219612975,-0.5344155050566775,0.267079621553421,55.227708617391954,5015
2004,"Damian Rolls","TBD",3,0,0,0,0.333333333,0.333333333,0.333333333,0.666666666,0,0.333333333,0.28705959713307416,-0.08489529097231832,0.2967551350593567,74.91199765147891,1222
2004,"Alex Rios","TOR",6,0,0,0,0.333333333,0.333333333,0.666666666,0.999999999,0.333333333,0.333333333,1.1441191538652502,0.40020937765446535,0.40888018409411114,149.28651092552278,2090
2004,"Gabe Gross","TOR",9,0,0,0,0.444444444,0.444444444,0.444444444,0.888888888,0,0.444444444,1.6154723968460714,0.4996077325298941,0.3956735134124756,140.52629443176875,2184
2004,"Jorge Cantu","TBD",7,0,0,0,0.571428571,0.571428571,1,1.571428571,0.428571429,0.5,2.852397686663111,1.9845029477505287,0.6647600190980094,319.01609721233655,2521
2004,"Matt Diaz","TBD",1,0,0,0,0,0,0,0,0,0,-0.15574466943792498,-0.27972963213972246,0,-100,1771
2004,"Midre Cummings","TBD",1,0,0,0,1,1,1,2,0,1,0.5985489360089241,0.47456397330712663,0.8902654051780701,468.5977783332182,1927
2004,"Geronimo Gil","BAL",3,0,0,0,0.333333333,0.333333333,0.333333333,0.666666666,0,0.333333333,0.28705959713307416,-0.08489529097231832,0.2967551350593567,74.91199765147891,142
2004,"Jose Leon","BAL",2,0,0,0,0.5,0.5,0.5,1,0,0.5,0.44280426657099914,0.19483434116740414,0.44513270258903503,173.3334428219137,149
2004,"John Olerud","NYY",10,0,0,0,0.1,0.1,0.1,0.2,0,0.1,-0.8031530889324007,-2.0430027159503754,0.089026540517807,-62.87802558712981,1093
2004,"Felix Escalona","NYY",1,0,0,0,0,0,0,0,0,0,-0.15574466943792498,-0.27972963213972246,0,-100,1204
2004,"Bubba Crosby","NYY",1,0,0,0,0,0,0,0,0,0,-0.15574466943792498,-0.27972963213972246,0,-100,1722
2004,"Andy Phillips","NYY",1,0,0,0,1,1,4,5,3,0,1.5239848869501136,1.399999924248316,1.9825239181518555,1193.1120235548733,2075
2004,"Dioner Navarro","NYY",1,0,0,0,0,0,0,0,0,0,-0.15574466943792498,-0.27972963213972246,0,-100,3179
2005,"Tony Womack","NYY",14,0,0,0,0.214285714,0.214285714,0.357142857,0.571428571,0.142857143,0.214285714,0.7109751411949328,-0.9668244412864515,0.24248082297188894,41.58927697400505,78
2005,"Gary Sheffield","NYY",37,0,0,0,0.444444444,0.432432432,0.833333333,1.265765765,0.388888889,0.382352941,10.540297641986871,6.106113031143214,0.5251896574690536,233.295381143328,114
2005,"Jason Giambi","NYY",25,0,0,0,0.28,0.28,0.56,0.84,0.28,0.217391304,3.5746427940681444,0.578572111065673,0.3538327407836914,117.09750222438147,818
2005,"Derek Jeter","NYY",34,0,0,0,0.272727272,0.264705882,0.393939393,0.658645275,0.121212121,0.242424242,2.7657565900760273,-1.3088995388073348,0.2793903070337632,66.61776046298709,826
2005,"Jorge Posada","NYY",24,0,0,0,0.291666666,0.291666666,0.5,0.791666666,0.208333334,0.260869565,3.0917700573825755,0.21554220170020277,0.33672936757405597,105.49962962162043,841
2005,"Bernie Williams","NYY",29,0,0,0,0.24137931,0.24137931,0.517241379,0.758620689,0.275862069,0.185185185,3.274661277387351,-0.2007807148955166,0.3175216543263403,92.47479478308269,857
2005,"Tino Martinez","NYY",18,0,0,0,0.166666666,0.166666666,0.222222222,0.388888888,0.055555556,0.166666666,-0.18900635574429253,-2.3461772475060725,0.16846789254082573,-8.599216697693636,1168
2005,"Alex Rodriguez","NYY",31,0,0,0,0.322580645,0.322580645,0.741935483,1.064516128,0.419354838,0.222222222,6.7513171756592385,3.0361895287361733,0.4441670140912456,178.3535702901701,1274
2005,"Hideki Matsui","NYY",31,0,0,0,0.419354838,0.419354838,0.677419354,1.096774192,0.258064516,0.4,7.363623260395777,3.6484956134727122,0.46802123900382747,194.5292251263678,1659
2005,"Ruben Sierra","NYY",9,0,0,0,0.111111111,0.111111111,0.222222222,0.333333333,0.111111111,0.111111111,-0.3129882552694613,-1.3915737011503513,0.13914966583251953,-28.480035185022334,1099
2005,"Alex Gonzalez","TBD",20,0,0,0,0.421052631,0.4,0.526315789,0.926315789,0.105263158,0.4,3.4958536055991454,1.0989970591971678,0.3922459602355957,143.14567529553358,281
2005,"Julio Lugo","TBD",33,0,0,0,0.393939393,0.393939393,0.636363636,1.030303029,0.242424243,0.375,7.03363252771942,3.0788192261561576,0.4385584087082834,174.55035031049323,565
2005,"Travis Lee","TBD",26,0,0,0,0.307692307,0.307692307,0.615384615,0.923076922,0.307692308,0.25,4.461617552418704,1.3457040420961326,0.388390981234037,140.53159707842437,958
2005,"Carl Crawford","TBD",35,0,0,0,0.382352941,0.382352941,0.588235294,0.970588235,0.205882353,0.363636363,6.808155879575498,2.6136569233720373,0.41606908686020794,159.30024224587302,1201
2005,"Toby Hall","TBD",23,0,0,0,0.272727272,0.260869565,0.272727272,0.533596837,0,0.260869565,0.971927205385516,-1.784457822976758,0.23218370520550272,34.60675612467369,1210
2005,"Aubrey Huff","TBD",28,0,0,0,0.321428571,0.321428571,0.5,0.821428571,0.178571429,0.296296296,3.9657288404202564,0.6101296754574881,0.35219928196498324,115.9898466146354,1213
2005,"Josh Phelps","TBD",8,0,0,0,0.125,0.125,0.125,0.25,0,0.125,-0.4629928686961742,-1.4217354872569652,0.11125469207763672,-47.39573958444649,1318
2005,"Eduardo Perez","TBD",8,0,0,0,0.25,0.25,1,1.25,0.75,0,2.139713483262244,1.1809708647014527,0.5041651725769043,219.03858546161712,1409
2005,"Jorge Cantu","TBD",39,0,0,0,0.282051282,0.282051282,0.384615384,0.666666666,0.102564102,0.282051282,3.4568518632815657,-1.2170184022022903,0.28819617246970153,72.58905654775786,2521
2005,"Chris Singleton","TBD",1,0,0,0,1,1,1,2,0,1,0.586974768221343,0.4671319409012441,0.8900375366210938,480.70033278228743,170
2005,"Alex Sanchez","TBD",5,0,0,0,0.2,0.2,0.6,0.8,0.4,0.2,0.5569932623984116,-0.042220874202082745,0.3156851053237915,91.22942282638067,708
2005,"Charles Johnson","TBD",1,0,0,0,0,0,0,0,0,0,-0.14999537670250246,-0.26983820402260134,0,-100,523
2005,"Shea Hillenbrand","TOR",21,0,0,0,0.476190476,0.476190476,0.523809523,0.999999999,0.047619047,0.476190476,4.519798528615118,2.0030991548930412,0.4410802296229771,176.26040816499403,196
2005,"John McDonald","TOR",4,0,0,0,0.5,0.5,0.5,1,0,0.5,0.8739587830376809,0.3945874737572855,0.4450187683105469,178.9311485727252,395
2005,"Gregg Zaun","TOR",28,0,0,0,0.148148148,0.142857142,0.259259259,0.402116401,0.111111111,0.111111111,-0.31912186445740043,-3.674721029420169,0.16738476072038924,-9.333693149294543,580
2005,"Corey Koskie","TOR",14,0,0,0,0.428571428,0.428571428,0.642857142,1.07142857,0.214285714,0.384615384,3.2547536992253248,1.5769541167439403,0.4619177409580776,190.39041625526576,738
2005,"Greg Myers","TOR",1,0,0,0,0,0,0,0,0,0,-0.14999537670250246,-0.26983820402260134,0,-100,933
2005,"Frank Catalanotto","TOR",27,0,0,0,0.444444444,0.444444444,0.925925925,1.370370369,0.481481481,0.4,8.729502726786308,5.493746389143639,0.5716160005993314,264.7772886265661,1241
2005,"Eric Hinske","TOR",31,0,0,0,0.419354838,0.419354838,0.741935483,1.161290321,0.322580645,0.4,7.9636232406542105,4.248495593731144,0.4913960426084457,210.3797822648974,1305
2005,"Orlando Hudson","TOR",19,0,0,0,0.526315789,0.526315789,0.736842105,1.263157894,0.210526316,0.526315789,5.689789273136417,3.412775554054538,0.5428095930501035,245.2435369622485,1307
2005,"Vernon Wells","TOR",34,0,0,0,0.272727272,0.264705882,0.515151515,0.779857397,0.242424243,0.21875,3.998624683722528,-0.07603144516083372,0.3231824426090016,96.31340021657236,1326
2005,"Reed Johnson","TOR",15,0,0,0,0.333333333,0.333333333,0.666666666,0.999999999,0.333333333,0.285714285,2.9377881785860547,1.1401457687845717,0.4176799217859904,160.39255649431482,1702
2005,"Alex Rios","TOR",21,0,0,0,0.38095238,0.38095238,0.428571428,0.809523808,0.047619048,0.38095238,3.0458582387674276,0.5291588650453513,0.35631474994477774,118.78056355364888,2090
2005,"Russ Adams","TOR",27,0,0,0,0.346153846,0.333333333,0.384615384,0.717948717,0.038461538,0.333333333,2.8828561234762584,-0.35290021416641126,0.31009804760968246,87.4408144157307,4519
2005,"Javy Lopez","BAL",18,0,0,0,0.277777777,0.277777777,0.5,0.777777777,0.222222223,0.235294117,2.217802037620684,0.060631145858904556,0.32995112737019855,100.9032751252475,103
2005,"B.J. Surhoff","BAL",26,0,0,0,0.44,0.423076923,0.64,1.063076923,0.2,0.4,5.739659883672954,2.6237463733503827,0.44775596031775844,180.78725051237367,117
2005,"Geronimo Gil","BAL",9,0,0,0,0.222222222,0.222222222,0.555555555,0.777777777,0.333333333,0.125,1.0568500030424548,-0.021735442838434992,0.32296646965874565,96.16694800904527,142
2005,"Luis Matos","BAL",14,0,0,0,0.428571428,0.428571428,0.571428571,0.999999999,0.142857143,0.428571428,2.9218855759664693,1.244085993485085,0.4332031522478376,170.91892734953177,152
2005,"Melvin Mora","BAL",32,0,0,0,0.379310344,0.366666666,0.48275862,0.849425286,0.103448276,0.366666666,4.807264281039864,0.9722938067967004,0.36257804234822594,123.02772968156275,157
2005,"Brian Roberts","BAL",27,0,0,0,0.4,0.384615384,0.6,0.984615384,0.2,0.384615384,5.160968590450985,1.9252122528083162,0.41199702482957107,156.53895907190469,166
2005,"Sammy Sosa","BAL",17,0,0,0,0.294117647,0.294117647,0.470588235,0.764705882,0.176470588,0.25,2.067797424193972,0.03046935975229087,0.3280476962818819,99.61255013200501,302
2005,"Miguel Tejada","BAL",35,0,0,0,0.514285714,0.514285714,0.942857142,1.457142856,0.428571428,0.484848484,12.55136056296779,8.35686160676433,0.6142421756471906,293.68228541804996,941
2005,"Chris Gomez","BAL",12,0,0,0,0.363636363,0.363636363,0.454545454,0.818181817,0.090909091,0.363636363,1.743197919378622,0.3050839915374354,0.35658723657781427,118.96533793804535,1208
2005,"Larry Bigbie","BAL",5,0,0,0,0.4,0.4,0.6,1,0.2,0.4,1.023963396464394,0.42474925986389955,0.4284769058227539,167.71403886025436,128
2005,"Jay Gibbons","BAL",32,0,0,0,0.375,0.375,0.71875,1.09375,0.34375,0.333333333,7.379525863015363,3.5445553887721997,0.45965665951371193,188.85716698245875,141
2005,"Rafael Palmeiro","BAL",22,0,0,0,0.285714285,0.272727272,0.333333333,0.606060605,0.047619048,0.272727272,1.421922572217234,-1.2146196288249413,0.2592061216180975,52.93077555234272,1266
2005,"Sal Fasano","BAL",5,0,0,0,0.2,0.2,0.4,0.6,0.2,0.2,0.28699325154054867,-0.3122208850599457,0.25046939849853517,47.00636517642947,1205
2005,"David Newhan","BAL",14,0,0,0,0.357142857,0.357142857,0.571428571,0.928571428,0.214285714,0.307692307,2.5177835543014786,0.8399839718200947,0.398343631199428,147.28053279675683,2009
2005,"Ken Huckaby","TOR",1,0,0,0,1,1,1,2,0,1,0.586974768221343,0.4671319409012441,0.8900375366210938,480.70033278228743,1306
2005,"Aaron Hill","TOR",25,0,0,0,0.391304347,0.375,0.52173913,0.89673913,0.130434783,0.375,4.096710660252287,1.1006399772498157,0.3790527582168579,134.19930697623562,6104
2005,"Frank Menechino","TOR",3,0,0,0,0.333333333,0.333333333,0.333333333,0.666666666,0,0.333333333,0.2869840148163381,-0.07254446714395854,0.29667917887369794,78.34142050287115,931
2005,"Gabe Gross","TOR",11,0,0,0,0.181818181,0.181818181,0.181818181,0.363636362,0,0.181818181,-0.1760088538798363,-1.494279954400924,0.16182500665838068,-13.103786833359884,2184
2005,"Robinson Cano","NYY",27,0,0,0,0.481481481,0.481481481,0.555555555,1.037037036,0.074074074,0.481481481,6.130736693300856,2.8949803556581855,0.4553743291784216,185.95329994623833,3269
2005,"Melky Cabrera","NYY",6,0,0,0,0.166666666,0.166666666,0.166666666,0.333333332,0,0.166666666,-0.16300211529116926,-0.8820590792117625,0.14833958943684897,-22.248307566982962,4022
2005,"Russ Johnson","NYY",1,0,0,0,0,0,0,0,0,0,-0.14999537670250246,-0.26983820402260134,0,-100,1216
2005,"John Flaherty","NYY",6,0,0,0,0.2,0.166666666,0.4,0.566666666,0.2,0.166666666,0.13699787483804615,-0.5820590890825471,0.2087244987487793,18.698965040885042,1206
2005,"Nick Green","TBD",7,0,0,0,0.142857142,0.142857142,0.142857142,0.285714284,0,0.142857142,-0.3129974919936719,-1.1518972832343641,0.1271482195172991,-36.618268719819284,1502
2005,"Jonny Gomes","TBD",17,0,0,0,0.529411764,0.529411764,0.882352941,1.411764705,0.352941177,0.5,5.915677974276999,3.8783499098353187,0.6014052559347713,284.9775136977769,1845
2005,"Damon Hollins","TBD",7,0,0,0,0.142857142,0.142857142,0.428571428,0.57142857,0.285714286,0.142857142,0.25700250899340665,-0.5818972822472855,0.22548936094556535,30.067291836889883,1919
2005,"Joey Gathright","TBD",17,0,0,0,0.235294117,0.235294117,0.235294117,0.470588234,0,0.235294117,0.39795917575283973,-1.6393688886888411,0.20942059685202205,19.170992226486348,3913
2005,"Kevin Cash","TBD",2,0,0,0,0,0,0,0,0,0,-0.2999907534050049,-0.5396764080452027,0,-100,1593
2005,"Fernando Cortez","TBD",5,0,0,0,0,0,0,0,0,0,-0.7499768835125122,-1.3491910201130066,0,-100,3634
2005,"Pete Laforest","TBD",1,0,0,0,0,0,0,0,0,0,-0.14999537670250246,-0.26983820402260134,0,-100,1821
2005,"Eric Byrnes","BAL",8,0,0,0,0.125,0.125,0.125,0.25,0,0.125,-0.4629928686961742,-1.4217354872569652,0.11125469207763672,-47.39573958444649,905
2005,"Bernie Castro","BAL",6,0,0,0,0,0,0,0,0,0,-0.8999722602150148,-1.6190292241356081,0,-100,2096
2005,"Alejandro Freire","BAL",2,0,0,0,0.5,0.5,2,2.5,1.5,0,1.3698474950361268,1.130161840395929,1.0083303451538086,560.9152065600713,8588
2005,"Guillermo Quiroz","TOR",1,0,0,0,1,1,1,2,0,1,0.586974768221343,0.4671319409012441,0.8900375366210938,480.70033278228743,7989
2005,"Mark Bellhorn","NYY",3,0,0,0,0.333333333,0.333333333,0.333333333,0.666666666,0,0.333333333,0.2869840148163381,-0.07254446714395854,0.29667917887369794,78.34142050287115,264
2005,"Matt Lawton III","NYY",1,0,0,0,0,0,0,0,0,0,-0.14999537670250246,-0.26983820402260134,0,-100,390
2005,"Wil Nieves","NYY",1,0,0,0,0,0,0,0,0,0,-0.14999537670250246,-0.26983820402260134,0,-100,1556
2005,"Bubba Crosby","NYY",1,0,0,0,1,1,1,2,0,1,0.586974768221343,0.4671319409012441,0.8900375366210938,480.70033278228743,1722
2006,"Troy Glaus","TOR",15,0,0,0,0.266666666,0.266666666,0.466666666,0.733333332,0.2,0.214285714,1.5972402757266395,-0.2849478209158547,0.3092781980832418,82.45221198416998,15
2006,"Bengie Molina","TOR",20,0,0,0,0.45,0.45,0.7,1.15,0.25,0.421052631,5.208870832572732,2.6992867037160724,0.48948782682418823,201.6679622090954,24
2006,"Shea Hillenbrand","TOR",14,0,0,0,0.142857142,0.142857142,0.357142857,0.499999999,0.214285715,0.076923076,0.23484105344884673,-1.5218678367508145,0.20427551014082773,12.988808135292562,196
2006,"Frank Catalanotto","TOR",26,0,0,0,0.346153846,0.346153846,0.692307692,1.038461538,0.346153846,0.32,5.432388710066465,2.1699293425528072,0.42920114214603716,161.7859515047125,1241
2006,"Eric Hinske","TOR",11,0,0,0,0.454545454,0.454545454,0.818181818,1.272727272,0.363636364,0.4,3.288301478490622,1.908030207619459,0.5345434438098561,231.47402317443184,1305
2006,"Vernon Wells","TOR",36,0,0,0,0.305555555,0.305555555,0.555555555,0.86111111,0.25,0.264705882,5.42821787472139,0.9109664427794039,0.361132240957684,116.75569879928634,1326
2006,"Lyle Overbay","TOR",24,0,0,0,0.416666666,0.416666666,0.583333333,0.999999999,0.166666667,0.416666666,5.014802892006979,2.003301937378988,0.42921529710292816,161.79531556487373,1617
2006,"Russ Adams","TOR",17,0,0,0,0.235294117,0.235294117,0.352941176,0.588235293,0.117647059,0.235294117,0.9585932477739768,-1.1745532617541832,0.25064268532921286,43.6625163855882,4519
2006,"Aaron Hill","TOR",30,0,0,0,0.333333333,0.333333333,0.566666666,0.899999999,0.233333333,0.310344827,4.991473834020636,1.2270976407356475,0.3793902814388275,128.8341099741162,6104
2006,"John McDonald","TOR",11,0,0,0,0.272727272,0.272727272,0.454545454,0.727272726,0.181818182,0.272727272,1.1450022237256967,-0.23526904714546565,0.3064788850870999,80.60035644636643,395
2006,"Reed Johnson","TOR",15,0,0,0,0.266666666,0.266666666,0.266666666,0.533333332,0,0.266666666,0.6740872387050373,-1.208100857937457,0.2372421105702718,34.79750964597125,1702
2006,"Alex Rios","TOR",21,0,0,0,0.631578947,0.571428571,1.105263157,1.676691728,0.47368421,0.55,8.501343146408427,5.866279811108935,0.6584858780815488,313.4668134023274,2090
2006,"Gregg Zaun","TOR",22,0,0,0,0.285714285,0.272727272,0.476190476,0.748917748,0.190476191,0.272727272,2.2900044474513934,-0.4705380942909313,0.3064788850870999,80.60035644636643,580
2006,"Russell Branyan","TBD",10,0,0,0,0.1,0.1,0.2,0.3,0.1,0.1,-0.5173970189212227,-1.7721890833495522,0.124080491065979,-40.063348012554826,370
2006,"Travis Lee","TBD",16,0,0,0,0.333333333,0.3125,0.466666666,0.779166666,0.133333333,0.3125,1.8764133826648595,-0.13125392042046768,0.3219114728271961,90.80961961505263,958
2006,"Tomas Perez","TBD",16,0,0,0,0.125,0.125,0.1875,0.3125,0.0625,0.125,-0.7038059948729427,-2.71147329795827,0.13315392658114433,-34.060913905036244,965
2006,"Carl Crawford","TBD",31,0,0,0,0.387096774,0.387096774,0.64516129,1.032258064,0.258064516,0.344827586,6.647025943606946,2.757170543879124,0.43561796026845134,166.03092882287888,1201
2006,"Toby Hall","TBD",23,0,0,0,0.304347826,0.304347826,0.478260869,0.782608695,0.173913043,0.304347826,2.8923305506729617,0.006308802487803731,0.33183449506759644,97.37408872335148,1210
2006,"Ty Wigginton","TBD",24,0,0,0,0.333333333,0.333333333,0.666666666,0.999999999,0.333333333,0.304347826,4.717809711285258,1.7063087566572672,0.41473081707954407,152.21326290392548,1491
2006,"Jonny Gomes","TBD",14,0,0,0,0.357142857,0.357142857,0.857142857,1.214285714,0.5,0.25,3.738213468008251,1.9815045778085891,0.49717994247164043,206.75659894917845,1845
2006,"Damon Hollins","TBD",14,0,0,0,0.285714285,0.285714285,0.428571428,0.714285713,0.142857143,0.285714285,1.431834295277949,-0.32487459492171206,0.30435183218547274,79.19322737558794,1919
2006,"Jorge Cantu","TBD",8,0,0,0,0.375,0.375,0.375,0.75,0,0.375,1.0182432304914149,0.014409578948751377,0.33362171798944473,98.55640690987639,2521
2006,"Joey Gathright","TBD",17,0,0,0,0.411764705,0.411764705,0.588235294,0.999999999,0.176470589,0.411764705,3.538812625311779,1.405666115783619,0.4282968465019675,161.18772440449538,3913
2006,"Sean Burroughs","TBD",3,0,0,0,0,0,0,0,0,0,-0.4732410475039725,-0.8496786668324714,0,-100,1021
2006,"Nick Green","TBD",1,0,0,0,0,0,0,0,0,0,-0.1577470158346575,-0.28322622227749045,0,-100,1502
2006,"Johnny Damon","NYY",32,0,0,0,0.40625,0.40625,0.875,1.28125,0.46875,0.344827586,9.372505165326622,5.357170559155969,0.5274669993668795,226.7926771271172,185
2006,"Jason Giambi","NYY",21,0,0,0,0.4,0.38095238,0.8,1.18095238,0.4,0.315789473,5.21420373470345,2.579140399403958,0.4752685683114188,192.261363998526,818
2006,"Derek Jeter","NYY",32,0,0,0,0.387096774,0.387096774,0.451612903,0.838709677,0.064516129,0.387096774,4.986549655265623,0.9712150490949687,0.3670383537969282,120.66282450595831,826
2006,"Jorge Posada","NYY",21,0,0,0,0.285714285,0.285714285,0.761904761,1.047619046,0.476190476,0.210526315,4.264057428354424,1.6289940930549325,0.42230967964444843,157.2269782799529,841
2006,"Alex Rodriguez","NYY",27,0,0,0,0.407407407,0.407407407,0.74074074,1.148148147,0.333333333,0.36,6.847941017233307,3.4600024432768177,0.4815096546102453,196.39008781051865,1274
2006,"Miguel Cairo","NYY",3,0,0,0,0,0,0,0,0,0,-0.4732410475039725,-0.8496786668324714,0,-100,1412
2006,"Hideki Matsui","NYY",3,0,0,0,0,0,0,0,0,0,-0.4732410475039725,-0.8496786668324714,0,-100,1659
2006,"Bubba Crosby","NYY",2,0,0,0,0.5,0.5,0.5,1,0,0.5,0.44457908738691,0.1936206745012441,0.44482895731925964,172.12436529130542,1722
2006,"Robinson Cano","NYY",34,0,0,0,0.352941176,0.352941176,0.558823529,0.911764705,0.205882353,0.333333333,5.880632008794455,1.6143389897381348,0.38708894918946657,133.92708118790316,3269
2006,"Jeff Conine","BAL",16,0,0,0,0.3125,0.3125,0.375,0.6875,0.0625,0.3125,1.5764133622957321,-0.43125394078959495,0.2999647855758667,76.29102366710725,131
2006,"Jay Gibbons","BAL",22,0,0,0,0.181818181,0.181818181,0.227272727,0.409090908,0.045454546,0.181818181,-0.13014185176843812,-2.890684393510763,0.17771721157160672,-4.580549899280902,141
2006,"Melvin Mora","BAL",36,0,0,0,0.323529411,0.314285714,0.411764705,0.726050419,0.088235294,0.314285714,3.846506211270354,-0.6707452206716323,0.3097050871167864,82.73461585322167,157
2006,"Corey Patterson","BAL",17,0,0,0,0.294117647,0.294117647,0.647058823,0.94117647,0.352941176,0.2,2.9649724001351507,0.8318258906069909,0.38878659991657033,135.0501438481259,300
2006,"Kevin Millar","BAL",19,0,0,0,0.47368421,0.47368421,0.894736842,1.368421052,0.421052632,0.411764705,6.289770885428991,3.905665963015165,0.5721209394304376,256.3330130257526,529
2006,"Ramon Hernandez","BAL",19,0,0,0,0.315789473,0.315789473,0.315789473,0.631578946,0,0.315789473,1.5632454134788571,-0.8208595089349691,0.2809446046226903,63.70842662393633,918
2006,"Miguel Tejada","BAL",26,0,0,0,0.32,0.307692307,0.36,0.667692307,0.04,0.307692307,2.2791625611178317,-0.9832968063958246,0.2872465505049779,67.87741144168868,941
2006,"Brandon Fahey","BAL",13,0,0,0,0.23076923,0.23076923,0.307692307,0.538461537,0.076923077,0.23076923,0.5295081716872547,-1.1017215120695736,0.23231697999514067,31.539342251852613,4746
2006,"Nick Markakis","BAL",29,0,0,0,0.275862068,0.275862068,0.448275862,0.72413793,0.172413794,0.275862068,2.975921486115537,-0.6629755007266179,0.3047546024980216,79.45967576302601,5930
2006,"Luis Matos","BAL",6,0,0,0,0,0,0,0,0,0,-0.946482095007945,-1.6993573336649428,0,-100,152
2006,"Chris Gomez","BAL",12,0,0,0,0.5,0.5,0.916666666,1.416666666,0.416666666,0.454545454,4.190627602081316,2.6848771247673207,0.5933985660473505,270.40899907524135,1208
2006,"Terrence Long","NYY",11,0,0,0,0.181818181,0.181818181,0.181818181,0.363636362,0,0.181818181,-0.2150709360687826,-1.595342206939945,0.16175598447973077,-15.139528770513891,927
2006,"Andy Phillips","NYY",4,0,0,0,0.25,0.25,0.25,0.5,0,0.25,0.129085055717595,-0.3728317700537368,0.22241447865962982,24.988448528447393,2075
2006,"Kevin Reese","NYY",1,0,0,0,1,1,1,2,0,1,0.6023261032215674,0.47684689677873454,0.8896579146385193,466.39619881702134,2977
2006,"Gary Sheffield","NYY",5,0,0,0,0.2,0.2,0.2,0.4,0,0.2,-0.028661960117062485,-0.6560579923312272,0.17793158292770386,-4.438734824124206,114
2006,"Kelly Stinnett","NYY",2,0,0,0,0,0,0,0,0,0,-0.315494031669315,-0.5664524445549809,0,-100,356
2006,"Julio Lugo","TBD",14,0,0,0,0.357142857,0.357142857,0.5,0.857142857,0.142857143,0.357142857,2.1919074143341746,0.43519852413451354,0.36789882608822416,121.23206073640453,565
2006,"Aubrey Huff","TBD",9,0,0,0,0.111111111,0.111111111,0.111111111,0.222222222,0,0.111111111,-0.6596500234556926,-1.788962881441189,0.09885087940427992,-56.75372745091818,1213
2006,"Greg Norton","TBD",12,0,0,0,0.666666666,0.666666666,1.166666666,1.833333332,0.5,0.636363636,6.010773860562893,4.505023383248899,0.7709371348222097,387.8577381810739,1388
2006,"Josh Paul","TBD",7,0,0,0,0.428571428,0.428571428,0.714285714,1.142857142,0.285714286,0.428571428,1.7759902870643272,0.8976358419644965,0.4816096765654428,196.45625626395335,251
2006,"Brian Roberts","BAL",18,0,0,0,0.388888888,0.388888888,0.666666666,1.055555554,0.277777778,0.352941176,4.004218626129596,1.7455929101586032,0.445024483733707,172.25371369710362,166
2006,"Fernando Tatis","BAL",2,0,0,0,0,0,0,0,0,0,-0.315494031669315,-0.5664524445549809,0,-100,798
2006,"Chris Widger","BAL",1,0,0,0,1,1,1,2,0,1,0.6023261032215674,0.47684689677873454,0.8896579146385193,466.39619881702134,1541
2006,"Bernie Williams","NYY",20,0,0,0,0.4,0.4,0.65,1.05,0.25,0.368421052,4.448797713516505,1.9392135846598468,0.44500493109226225,172.24077885652378,857
2006,"Bobby Abreu","NYY",13,0,0,0,0.769230769,0.769230769,1.076923076,1.846153845,0.307692307,0.769230769,6.750020066188212,5.118790382431383,0.7923974715746366,402.0545941642682,945
2006,"Craig Wilson","NYY",8,0,0,0,0.125,0.125,0.125,0.25,0,0.125,-0.5019030076210351,-1.5057366591636987,0.11120723932981491,-48.57950985298163,1015
2006,"Sal Fasano","NYY",4,0,0,0,0,0,0,0,0,0,-0.63098806333863,-1.1329048891099618,0,-100,1205
2006,"Melky Cabrera","NYY",24,0,0,0,0.347826086,0.347826086,0.434782608,0.782608694,0.086956522,0.347826086,3.1851168302514075,0.17361587562341702,0.3399807525717694,102.76315814583756,4022
2006,"Nick Green","NYY",2,0,0,0,0.5,0.5,1,1.5,0.5,0.5,0.7445791077560373,0.49362069487037136,0.620402455329895,288.27313287486834,1502
2006,"Kevin Barker","TOR",3,0,0,0,0.666666666,0.666666666,1.666666666,2.333333332,1,0.5,1.9700582276300795,1.5936206083015807,0.9532857139905294,508.4884881575376,1019
2006,"John Hattig","TOR",3,0,0,0,0.333333333,0.333333333,0.333333333,0.666666666,0,0.333333333,0.28683207155225254,-0.08960554777624631,0.2965526382128398,74.03375411606675,2563
2006,"Adam Lind","TOR",5,0,0,0,0.2,0.2,0.4,0.6,0.2,0.2,0.27133806025206475,-0.3560579719621,0.248160982131958,42.020772209300965,8027
2006,"Jason Phillips","TOR",1,0,0,0,0,0,0,0,0,0,-0.1577470158346575,-0.28322622227749045,0,-100,892
2006,"Kevin Witt","TBD",2,0,0,0,0,0,0,0,0,0,-0.315494031669315,-0.5664524445549809,0,-100,362
2006,"Rocco Baldelli","TBD",6,0,0,0,0.333333333,0.333333333,0.833333333,1.166666666,0.5,0.2,1.4968171801261068,0.7439419414691092,0.4766428569952647,193.17050996156345,1656
2006,"Delmon Young","TBD",4,0,0,0,0.25,0.25,0.25,0.5,0,0.25,0.129085055717595,-0.3728317700537368,0.22241447865962982,24.988448528447393,2140
2006,"Shawn Riggans","TBD",7,0,0,0,0.142857142,0.142857142,0.142857142,0.285714284,0,0.142857142,-0.34415599178637746,-1.222510436886208,0.12709398780550277,-38.06980151277747,3393
2006,"B.J. Upton","TBD",5,0,0,0,0.6,0.6,0.8,1.4,0.2,0.6,1.7914842983645145,1.1640882661503498,0.6040241479873657,277.4382390298738,5015
2006,"Ben Zobrist","TBD",3,0,0,0,0.333333333,0.333333333,0.333333333,0.666666666,0,0.333333333,0.28683207155225254,-0.08960554777624631,0.2965526382128398,74.03375411606675,7435
2006,"David Newhan","BAL",8,0,0,0,0.285714285,0.25,0.285714285,0.535714285,0,0.25,0.25817011143519,-0.7456635401074736,0.22241447865962982,24.988448528447393,2009
2006,"Jeff Fiorentino","BAL",4,0,0,0,0.25,0.25,0.5,0.75,0.25,0.25,0.42908507608672225,-0.07283174968460952,0.3102012276649475,83.06283232022886,8024
2006,"Raul Chavez","BAL",1,0,0,0,0,0,0,0,0,0,-0.1577470158346575,-0.28322622227749045,0,-100,553
2007,"Johnny Damon","NYY",27,0,0,0,0.185185185,0.185185185,0.259259259,0.444444444,0.074074074,0.185185185,0.19701570078508143,-3.1413576622329544,0.192399506215696,5.8183553620237705,185
2007,"Doug Mientkiewicz","NYY",15,0,0,0,0.428571428,0.428571428,0.5,0.928571428,0.071428572,0.428571428,2.8422578352276253,0.9876059668842723,0.4095157640320914,151.08988212570597,741
2007,"Jason Giambi","NYY",11,0,0,0,0.636363636,0.636363636,1,1.636363636,0.363636364,0.6,4.793016280578946,3.43293824379382,0.702971263365312,347.4396573755466,818
2007,"Derek Jeter","NYY",38,0,0,0,0.315789473,0.315789473,0.657894736,0.973684209,0.342105263,0.235294117,7.167976121991762,2.4695247221886003,0.4084993381249277,150.40979605172484,826
2007,"Jorge Posada","NYY",21,0,0,0,0.428571428,0.428571428,0.857142857,1.285714285,0.428571429,0.4,6.255142349527922,3.658629733847227,0.53867468947456,237.50954725299948,841
2007,"Bobby Abreu","NYY",22,0,0,0,0.454545454,0.454545454,0.681818181,1.136363635,0.227272727,0.454545454,5.626822946967878,2.906666873397627,0.4885040900923989,203.9406213503662,945
2007,"Alex Rodriguez","NYY",23,0,0,0,0.434782608,0.434782608,0.913043478,1.347826086,0.47826087,0.35,7.350617351801936,4.5068178203421265,0.5645685921544614,254.83504288382653,1274
2007,"Wil Nieves","NYY",11,0,0,0,0,0,0,0,0,0,-1.6956470937304644,-3.05572513051559,0,-100,1556
2007,"Robinson Cano","NYY",31,0,0,0,0.387096774,0.387096774,0.774193548,1.161290322,0.387096774,0.321428571,7.891042862328935,4.058095667752672,0.48705625534057617,202.9718815286037,3269
2007,"Melky Cabrera","NYY",27,0,0,0,0.296296296,0.296296296,0.481481481,0.777777777,0.185185185,0.269230769,3.3784322213229685,0.04005885830493283,0.33282041549682617,99.77336401027002,4022
2007,"Kevin Thompson","NYY",2,0,0,0,0.5,0.5,1,1.5,0.5,0.5,0.7435122418555236,0.4962253260764098,0.626733660697937,296.4294149935216,7044
2007,"Josh Phelps","NYY",7,0,0,0,0.285714285,0.285714285,0.285714285,0.57142857,0,0.285714285,0.42457527633001135,-0.44092892889688684,0.2559859071459089,48.363734678349225,1318
2007,"Miguel Cairo","NYY",0,0,0,0,0,0,0,0,0,0,0,0,0,0,1412
2007,"Royce Clayton","TOR",13,0,0,0,0.333333333,0.333333333,0.333333333,0.666666666,0,0.333333333,1.253904192934661,-0.35346075962957835,0.29865022500356037,76.91024084903555,226
2007,"Frank Thomas","TOR",29,0,0,0,0.428571428,0.413793103,0.642857142,1.056650245,0.214285714,0.392857142,6.377379603507135,2.7917193247099856,0.445774847063525,175.3506740350888,255
2007,"John McDonald","TOR",26,0,0,0,0.25,0.24,0.333333333,0.573333333,0.083333333,0.24,1.3074119612479322,-1.9073179438805468,0.24362949371337891,40.09611316202373,395
2007,"Gregg Zaun","TOR",21,0,0,0,0.238095238,0.238095238,0.428571428,0.666666666,0.19047619,0.238095238,1.721914115547153,-0.8745985001335417,0.28141999812353224,65.38157233512337,580
2007,"Jason Phillips","TOR",9,0,0,0,0.444444444,0.444444444,0.555555555,0.999999999,0.111111111,0.444444444,1.9198992316284156,0.8071081106224036,0.4379243718253242,170.09795581332236,892
2007,"Vernon Wells","TOR",34,0,0,0,0.382352941,0.382352941,0.676470588,1.058823529,0.294117647,0.34375,7.554423988181534,3.3505464199366,0.4484911385704489,177.16813265525235,1326
2007,"Matt Stairs","TOR",21,0,0,0,0.38095238,0.38095238,0.761904761,1.142857141,0.380952381,0.315789473,5.229312016294285,2.6327994006135906,0.480460178284418,198.558475576253,1384
2007,"Alex Rios","TOR",30,0,0,0,0.4,0.4,0.633333333,1.033333333,0.233333333,0.379310344,6.523229867713455,2.8139261310267485,0.4428329070409139,173.38223499219905,2090
2007,"Aaron Hill","TOR",33,0,0,0,0.424242424,0.424242424,0.727272727,1.151515151,0.303030303,0.387096774,8.490385467427428,4.410151357072049,0.4903151844487046,205.15241656505765,6104
2007,"Adam Lind","TOR",5,0,0,0,0.75,0.6,0.75,1.35,0,0.6,1.4846864613602495,0.866469171912465,0.5375704050064087,236.77067540487923,8027
2007,"Lyle Overbay","TOR",25,0,0,0,0.32,0.32,0.4,0.72,0.08,0.32,2.760750312701081,-0.33033613453784094,0.3153055477142334,88.05424352877681,1617
2007,"Jay Gibbons","BAL",21,0,0,0,0.285714285,0.285714285,0.38095238,0.666666665,0.095238095,0.285714285,1.8737258289900343,-0.7227867866906604,0.29003511156354633,71.14590659207948,141
2007,"Melvin Mora","BAL",14,0,0,0,0.5,0.5,0.642857142,1.142857142,0.142857142,0.5,3.704585692988664,1.973577282534868,0.4990491441317967,210.99627031703315,157
2007,"Brian Roberts","BAL",31,0,0,0,0.29032258,0.29032258,0.516129032,0.806451612,0.225806452,0.266666666,4.113644991591134,0.2806977970148716,0.3418430705224314,105.81038253764399,166
2007,"Corey Patterson","BAL",31,0,0,0,0.233333333,0.225806451,0.233333333,0.459139784,0,0.225806451,0.4840401844961288,-3.3489070100801346,0.20231144274434737,12.450388205550258,300
2007,"Kevin Millar","BAL",21,0,0,0,0.35,0.333333333,0.4,0.733333333,0.05,0.333333333,2.3255375424329148,-0.2709750732477798,0.3156748272123791,88.30132680590071,529
2007,"Ramon Hernandez","BAL",20,0,0,0,0.3,0.3,0.55,0.85,0.25,0.263157894,2.9538569449929577,0.4809877872018199,0.35971249341964723,117.76673427644229,918
2007,"Miguel Tejada","BAL",29,0,0,0,0.310344827,0.310344827,0.551724137,0.862068964,0.24137931,0.259259259,4.447925843387737,0.8622655645905878,0.3664861300895954,122.29894458018644,941
2007,"Aubrey Huff","BAL",22,0,0,0,0.454545454,0.454545454,0.59090909,1.045454544,0.136363636,0.454545454,4.996822916958545,2.2766668433882935,0.4543774994936856,181.1066706855265,1213
2007,"Nick Markakis","BAL",27,0,0,0,0.37037037,0.37037037,0.74074074,1.11111111,0.37037037,0.32,6.408037028417976,3.06966366539994,0.46654068099127877,189.24500156977265,5930
2007,"Paul Bako","BAL",3,0,0,0,0.666666666,0.666666666,0.666666666,1.333333332,0,0.666666666,1.0411742195047258,0.6702438458360549,0.5973004500071207,276.7357840438401,676
2007,"Jay Payton","BAL",27,0,0,0,0.28,0.259259259,0.36,0.619259259,0.08,0.259259259,1.7006391276708424,-1.6377342353471935,0.2587662228831538,50.22403162753588,890
2007,"Freddie Bynum Jr.","BAL",4,0,0,0,0,0,0,0,0,0,-0.6165989431747143,-1.1111727747329418,0,-100,2099
2007,"Chris Gomez","BAL",2,0,0,0,0.5,0.5,1,1.5,0.5,0.5,0.7435122418555236,0.4962253260764098,0.626733660697937,296.4294149935216,1208
2007,"Hideki Matsui","NYY",15,0,0,0,0.333333333,0.333333333,0.466666666,0.799999999,0.133333333,0.333333333,2.016812500299892,0.16216063195653865,0.34393566449483237,107.21052789904866,1659
2007,"Carlos Pena","TBD",22,0,0,0,0.38095238,0.363636363,0.714285714,1.077922077,0.333333334,0.3,4.775162280500607,2.0550062069303547,0.4423703226176175,173.0727218027898,934
2007,"Carl Crawford","TBD",28,0,0,0,0.357142857,0.357142857,0.428571428,0.785714285,0.071428571,0.357142857,3.8019245322058066,0.3399077112982141,0.3455192872456142,108.27012286967646,1201
2007,"Greg Norton","TBD",11,0,0,0,0.181818181,0.181818181,0.272727272,0.454545453,0.090909091,0.181818181,0.10797633315529694,-1.2521017036298288,0.19540163603695956,7.827067132685139,1388
2007,"Ty Wigginton","TBD",7,0,0,0,0.285714285,0.285714285,0.285714285,0.57142857,0,0.285714285,0.42457527633001135,-0.44092892889688684,0.2559859071459089,48.363734678349225,1491
2007,"Jonny Gomes","TBD",13,0,0,0,0.538461538,0.538461538,0.615384615,1.153846153,0.076923077,0.538461538,3.5587354287823434,1.951370476218104,0.509936259343074,218.28079089923585,1845
2007,"Delmon Young","TBD",27,0,0,0,0.37037037,0.37037037,0.407407407,0.777777777,0.037037037,0.37037037,3.6560742679994847,0.3177009049814486,0.34507494061081495,107.97281250379783,2140
2007,"Brendan Harris","TBD",31,0,0,0,0.333333333,0.333333333,0.633333333,0.966666666,0.3,0.310344827,5.775926624512307,1.9429794299360434,0.4057455817858378,148.56726987824476,2178
2007,"Dioner Navarro","TBD",18,0,0,0,0.333333333,0.3125,0.4,0.7125,0.066666667,0.3125,1.7917456438299892,-0.4338365981820346,0.3023293763399124,79.37194471774576,3179
2007,"Akinori Iwamura","TBD",27,0,0,0,0.37037037,0.37037037,0.481481481,0.851851851,0.111111111,0.37037037,4.256074267999486,0.9177009049814496,0.3715576551578663,125.69227954781026,7781
2007,"Raul Casanova","TBD",4,0,0,0,0.5,0.5,1.25,1.75,0.75,0.333333333,1.8130058639202922,1.3184320323620646,0.7238534688949585,361.41184863378993,680
2007,"Dustan Mohr","TBD",3,0,0,0,0,0,0,0,0,0,-0.46244920738103573,-0.8333795810497064,0,-100,744
2007,"Josh Wilson","TBD",16,0,0,0,0.266666666,0.25,0.333333333,0.583333333,0.066666667,0.25,0.8408510810726653,-1.137444245160245,0.24633245915174484,41.90465536871992,2102
2007,"Jorge Cantu","TBD",1,0,0,0,0,0,0,0,0,0,-0.15414973579367858,-0.27779319368323546,0,-100,2521
2007,"Troy Glaus","TOR",22,0,0,0,0.545454545,0.545454545,1,1.545454545,0.454545455,0.47368421,8.708390514481376,5.988234440911125,0.6554301055994901,315.6300792158381,15
2007,"Reed Johnson","TOR",12,0,0,0,0.25,0.25,0.333333333,0.583333333,0.083333333,0.25,0.705638310804499,-0.7780831838701836,0.253780722618103,46.88825547484842,1702
2007,"B.J. Upton","TBD",14,0,0,0,0.285714285,0.285714285,0.571428571,0.857142856,0.285714286,0.23076923,2.0751319328692674,0.3441235224154711,0.3603451337133135,118.19003109574749,5015
2007,"Josh Paul","TBD",3,0,0,0,0,0,0,0,0,0,-0.46244920738103573,-0.8333795810497064,0,-100,251
2007,"Ben Zobrist","TBD",4,0,0,0,0,0,0,0,0,0,-0.6165989431747143,-1.1111727747329418,0,-100,7435
2007,"J.R. House","BAL",1,0,0,0,0,0,0,0,0,0,-0.15414973579367858,-0.27779319368323546,0,-100,992
2007,"Scott Moore","BAL",1,0,0,0,0,0,0,0,0,0,-0.15414973579367858,-0.27779319368323546,0,-100,4390
2007,"Tike Redman","BAL",3,0,0,0,0,0,0,0,0,0,-0.46244920738103573,-0.8333795810497064,0,-100,1003
2007,"Ray Olmedo","TOR",1,0,0,0,0,0,0,0,0,0,-0.15414973579367858,-0.27779319368323546,0,-100,1718
2007,"Russ Adams","TOR",1,0,0,0,0,0,0,0,0,0,-0.15414973579367858,-0.27779319368323546,0,-100,4519
2007,"Bronson Sardinha","NYY",1,0,0,0,0,0,0,0,0,0,-0.15414973579367858,-0.27779319368323546,0,-100,3585
2007,"Alberto Gonzalez","NYY",1,0,0,0,0,0,0,0,0,0,-0.15414973579367858,-0.27779319368323546,0,-100,4906
2007,"Jose Molina","NYY",2,0,0,0,0,0,0,0,0,0,-0.30829947158735715,-0.5555863873664709,0,-100,25
2008,"Jose Molina","NYY",20,0,0,0,0.421052631,0.4,0.578947368,0.978947368,0.157894737,0.4,3.803935469783999,1.3965506569521202,0.4129354327917099,154.39524212406008,25
2008,"Jason Giambi","NYY",17,0,0,0,0.235294117,0.235294117,0.588235294,0.823529411,0.352941177,0.133333333,2.2599851605148937,0.21370806960779695,0.3435741242240457,107.91639615964029,818
2008,"Jorge Posada","NYY",8,0,0,0,0.375,0.375,0.375,0.75,0,0.375,1.0136388734897808,0.05068494835702927,0.33602041751146317,102.85467546831235,841
2008,"Bobby Abreu","NYY",24,0,0,0,0.391304347,0.375,0.52173913,0.89673913,0.130434783,0.375,3.9409167680769186,1.0520549926786642,0.3814484626054764,133.29589917056668,945
2008,"Alex Rodriguez","NYY",25,0,0,0,0.44,0.44,0.52,0.96,0.08,0.44,4.9695955280295205,1.960364511989672,0.42333790540695193,161.36591399166568,1274
2008,"Hideki Matsui","NYY",6,0,0,0,0.5,0.5,0.833333333,1.333333333,0.333333333,0.5,1.9149864612003422,1.1927710173507788,0.5691686769326528,259.0867630728698,1659
2008,"Robinson Cano","NYY",37,0,0,0,0.388888888,0.378378378,0.611111111,0.989489489,0.222222223,0.361111111,7.21190642651384,2.758244522774865,0.41865284378464157,158.22646547239864,3269
2008,"Melky Cabrera","NYY",22,0,0,0,0.47368421,0.428571428,0.526315789,0.954887217,0.052631579,0.428571428,3.9735539942791878,1.3254307001641212,0.40132925623939153,146.61797114473845,4022
2008,"Alberto Gonzalez","NYY",7,0,0,0,0.5,0.5,0.666666666,1.166666666,0.166666666,0.5,1.8841508139974525,1.041566129506295,0.5085979501406351,218.49846480319735,4906
2008,"Johnny Damon","NYY",23,0,0,0,0.238095238,0.227272727,0.38095238,0.608225107,0.142857142,0.19047619,1.3746952153460312,-1.3937973194106292,0.25493379072709516,48.51872198196143,185
2008,"David Eckstein","TOR",9,0,0,0,0.111111111,0.111111111,0.222222222,0.333333333,0.111111111,0.111111111,-0.3163873757683309,-1.3997105415426763,0.13994208971659342,-28.536940156243702,10
2008,"Gregg Zaun","TOR",9,0,0,0,0.111111111,0.111111111,0.222222222,0.333333333,0.111111111,0.111111111,-0.3163873757683309,-1.3997105415426763,0.13994208971659342,-28.536940156243702,580
2008,"Scott Rolen","TOR",22,0,0,0,0.363636363,0.363636363,0.545454545,0.909090908,0.181818182,0.363636363,3.8025880296810137,1.1544647355659472,0.39191513711755926,140.30959257475388,970
2008,"Shannon Stewart","TOR",6,0,0,0,0.166666666,0.166666666,0.166666666,0.333333332,0,0.166666666,-0.16436619101259053,-0.8865816348621541,0.14934240778287253,-22.23780964037528,1322
2008,"Vernon Wells","TOR",29,0,0,0,0.214285714,0.206896551,0.357142857,0.564039408,0.142857143,0.206896551,1.2685192633038451,-2.2221887153023787,0.2355180732135115,35.50829639689332,1326
2008,"Lyle Overbay","TOR",25,0,0,0,0.48,0.48,0.56,1.04,0.08,0.48,5.7092718049334605,2.7000407888936127,0.45918008327484133,185.38367113253372,1617
2008,"Alex Rios","TOR",35,0,0,0,0.352941176,0.342857142,0.735294117,1.078151259,0.382352941,0.303030303,7.53526820816895,3.3223447857131614,0.4433378185544695,174.76780766526062,2090
2008,"Aaron Hill","TOR",6,0,0,0,0.166666666,0.166666666,0.333333333,0.499999999,0.166666667,0.166666666,0.13563385818993487,-0.5865815856596287,0.20991313457489014,18.350488629297157,6104
2008,"Adam Lind","TOR",21,0,0,0,0.428571428,0.428571428,0.809523809,1.238095237,0.380952381,0.368421052,5.955671664828628,3.427917611355156,0.526089574609484,230.21956026900747,8027
2008,"Matt Stairs","TOR",7,0,0,0,0.428571428,0.428571428,0.428571428,0.857142856,0,0.428571428,1.1643126181425358,0.3217279336513783,0.384023334298815,135.0213144962606,1384
2008,"Rod Barajas","TOR",13,0,0,0,0.153846153,0.153846153,0.153846153,0.307692306,0,0.153846153,-0.47940612667793625,-2.0442062550186573,0.1378545302611131,-29.935808723986824,45
2008,"Marco Scutaro","TOR",25,0,0,0,0.291666666,0.28,0.333333333,0.613333333,0.041666667,0.28,1.7108903712112302,-1.298340644828618,0.26543221950531004,55.55369384347215,1555
2008,"Carlos Pena","TBR",19,0,0,0,0.526315789,0.526315789,1.157894736,1.684210525,0.631578947,0.4375,8.22806233623859,5.941046764048305,0.7071384756188643,351.5399931704921,934
2008,"Carl Crawford","TBR",15,0,0,0,0.266666666,0.266666666,0.333333333,0.599999999,0.066666667,0.266666666,0.9985989870269604,-0.8069396225969486,0.2631761431694031,54.04190251966375,1201
2008,"Eric Hinske","TBR",18,0,0,0,0.277777777,0.277777777,0.388888888,0.666666665,0.111111111,0.277777777,1.586254079175161,-0.5803922523735299,0.28928449749946594,71.53704793070641,1305
2008,"Jonny Gomes","TBR",5,0,0,0,0.2,0.2,0.2,0.4,0,0.2,-0.013692446359835422,-0.6155386495678051,0.179210889339447,-2.223012022985278,1845
2008,"Gabe Gross","TBR",18,0,0,0,0.277777777,0.277777777,0.5,0.777777777,0.222222223,0.235294117,2.21762088597062,0.05097455442192946,0.3317759864860111,100.01049245169375,2184
2008,"Dioner Navarro","TBR",28,0,0,0,0.25,0.25,0.285714285,0.535714285,0.035714285,0.25,1.2588691372529648,-2.1114696007116653,0.23699305312974112,36.49667688945814,3179
2008,"Justin Ruggiano","TBR",5,0,0,0,0.4,0.4,0.4,0.8,0,0.4,0.7259838305441055,0.12413762733613581,0.358421778678894,117.86577368135485,7620
2008,"Akinori Iwamura","TBR",38,0,0,0,0.378378378,0.368421052,0.648648648,1.0170697,0.27027027,0.333333333,7.662599380410988,3.0885682360304187,0.42680682790906804,163.6904306129327,7781
2008,"Jason Bartlett","TBR",30,0,0,0,0.3,0.3,0.4,0.7,0.1,0.3,3.0368743001603864,-0.5742029190874315,0.3051587700843811,82.17435979098825,8219
2008,"Evan Longoria","TBR",16,0,0,0,0.3125,0.3125,0.375,0.6875,0.0625,0.3125,1.587601519278146,-0.3383063309873569,0.3027310371398926,80.54754178683324,9368
2008,"Nathan Haynes","TBR",3,0,0,0,0,0,0,0,0,0,-0.4520212339582657,-0.8131289558830475,0,-100,17
2008,"Andy Cannizaro","TBR",1,0,0,0,0,0,0,0,0,0,-0.15067374465275524,-0.27104298529434917,0,-100,7068
2008,"Shawn Riggans","TBR",2,0,0,0,0,0,0,0,0,0,-0.3013474893055105,-0.5420859705886983,0,-100,3393
2008,"B.J. Upton","TBR",12,0,0,0,0.166666666,0.166666666,0.25,0.416666666,0.083333334,0.166666666,-0.028732332822655915,-1.473163220521783,0.17962777117888132,-1.9436605055390779,5015
2008,"Cliff Floyd","TBR",6,0,0,0,0.333333333,0.333333333,0.333333333,0.666666666,0,0.333333333,0.5753100858913505,-0.1469053579582132,0.29868481556574505,77.83617844657485,518
2008,"Willy Aybar","TBR",17,0,0,0,0.4375,0.411764705,0.6875,1.099264705,0.25,0.411764705,3.786280367795293,1.7400032768881961,0.4523374122731826,180.79841376010336,2192
2008,"Melvin Mora","BAL",18,0,0,0,0.117647058,0.111111111,0.176470588,0.287581699,0.05882353,0.111111111,-0.9327748007391874,-3.099421132287878,0.11975184745258755,-42.06637291280118,157
2008,"Brian Roberts","BAL",27,0,0,0,0.307692307,0.307692307,0.538461538,0.846153845,0.230769231,0.307692307,3.914888927430622,0.664919430107586,0.35817842987867504,117.70270623590766,166
2008,"Kevin Millar","BAL",20,0,0,0,0.333333333,0.3,0.611111111,0.911111111,0.277777778,0.263157894,2.955949722771576,0.5485649099396972,0.361572328209877,119.9769493407786,529
2008,"Jay Payton","BAL",14,0,0,0,0.285714285,0.285714285,0.285714285,0.57142857,0,0.285714285,0.8492726824771899,-0.8358966865051252,0.25601555619921,49.24361042173192,890
2008,"Ramon Hernandez","BAL",22,0,0,0,0.272727272,0.272727272,0.454545454,0.727272726,0.181818182,0.238095238,2.3546021842635403,-0.2935211098515262,0.31218282742933795,86.88116371558577,918
2008,"Aubrey Huff","BAL",31,0,0,0,0.466666666,0.451612903,0.6,1.051612903,0.133333334,0.451612903,6.884581989229862,3.1531355293404504,0.4515632160248295,180.27962671706004,1213
2008,"Freddie Bynum Jr.","BAL",3,0,0,0,0.333333333,0.333333333,0.666666666,0.999999999,0.333333333,0.333333333,0.5876550921482007,0.2265473702234188,0.4198262691497803,159.01277498591972,2099
2008,"Luke Scott","BAL",18,0,0,0,0.277777777,0.277777777,0.555555555,0.833333332,0.277777778,0.235294117,2.517620935173145,0.35097460362445443,0.35196622875001693,113.53992520825122,3469
2008,"Nick Markakis","BAL",20,0,0,0,0.35,0.35,0.5,0.85,0.15,0.35,3.0642591928800575,0.6568743800481791,0.36813271045684814,124.37304569797502,5930
2008,"Adam Jones","BAL",26,0,0,0,0.28,0.269230769,0.48,0.749230769,0.2,0.24,2.791583531758985,-0.338016724922457,0.3125961927267221,87.15815880666615,6368
2008,"Oscar Salazar","BAL",9,0,0,0,0.222222222,0.222222222,0.333333333,0.555555555,0.111111111,0.222222222,0.4232889011356099,-0.6600342646387355,0.2395036949051751,38.179051901723035,495
2008,"Alex Cintron","BAL",7,0,0,0,0.142857142,0.142857142,0.285714285,0.428571427,0.142857143,0.142857142,-0.015039886462820437,-0.8576245709539779,0.1799255439213344,-1.7441237073632148,50
2008,"Brandon Fahey","BAL",7,0,0,0,0.285714285,0.285714285,0.285714285,0.57142857,0,0.285714285,0.42463634123859495,-0.4179483432525626,0.25601555619921,49.24361042173192,4746
2008,"Guillermo Quiroz","BAL",3,0,0,0,0.333333333,0.333333333,0.333333333,0.666666666,0,0.333333333,0.28765504294567523,-0.0734526789791066,0.29868481556574505,77.83617844657485,7989
2008,"Derek Jeter","NYY",13,0,0,0,0.307692307,0.307692307,0.384615384,0.692307691,0.076923077,0.307692307,1.2999464763324706,-0.2648536520082505,0.30366478058008045,81.17324101920053,826
2008,"Brett Gardner","NYY",15,0,0,0,0.266666666,0.266666666,0.266666666,0.533333332,0,0.266666666,0.6985989378244349,-1.1069396717994742,0.23894785245259603,37.80658321179478,9927
2008,"Xavier Nady","NYY",18,0,0,0,0.277777777,0.277777777,0.5,0.777777777,0.222222223,0.235294117,2.21762088597062,0.05097455442192946,0.3317759864860111,100.01049245169375,1658
2008,"Justin Christian","NYY",1,0,0,0,0,0,0,0,0,0,-0.15067374465275524,-0.27104298529434917,0,-100,8297
2008,"Chad Moeller","NYY",6,0,0,0,0.4,0.333333333,0.6,0.933333333,0.2,0.333333333,0.8753101350938757,0.1530946912443121,0.35925554235776264,118.42447671624727,66
2008,"Richie Sexson","NYY",2,0,0,0,0.5,0.5,0.5,1,0,0.5,0.4383287875984304,0.19759030631524255,0.44802722334861755,177.91016653352494,709
2008,"John McDonald","TOR",13,0,0,0,0.23076923,0.23076923,0.384615384,0.615384614,0.153846154,0.23076923,0.8602702486310554,-0.7045298797096656,0.2626932355073782,53.71830725738008,395
2008,"Brad Wilkerson","TOR",11,0,0,0,0.09090909,0.09090909,0.272727272,0.363636362,0.181818182,0.09090909,-0.34773492411687207,-1.6717965711744054,0.14423278245058926,-25.66175728005127,804
2008,"Juan Castro","BAL",5,0,0,0,0.4,0.4,1,1.4,0.6,0.25,1.6573506865420904,1.0555044833341207,0.5840760111808777,269.0761318805163,315
2008,"Luis Montanez","BAL",5,0,0,0,0.4,0.4,0.4,0.8,0,0.4,0.7259838305441055,0.12413762733613581,0.358421778678894,117.86577368135485,2923
2008,"Ben Zobrist","TBR",5,0,0,0,0.4,0.4,0.6,1,0.2,0.4,1.0259838797466312,0.42413767653866147,0.4311066508293152,166.57173160496183,7435
2008,"Fernando Perez","TBR",6,0,0,0,0.166666666,0.166666666,0.333333333,0.499999999,0.166666667,0.166666666,0.13563385818993487,-0.5865815856596287,0.20991313457489014,18.350488629297157,7755
2008,"Dan Johnson","TBR",2,0,0,0,0.5,0.5,2,2.5,1.5,0,1.3696956435964152,1.1289571623132273,1.0121628046035767,555.9360620314284,2167
2008,"Rocco Baldelli","TBR",3,0,0,0,0.333333333,0.333333333,0.333333333,0.666666666,0,0.333333333,0.28765504294567523,-0.0734526789791066,0.29868481556574505,77.83617844657485,1656
2008,"Kevin Mench","TOR",4,0,0,0,0.25,0.25,0.5,0.75,0.25,0.25,0.43698134749544537,-0.04449561507093036,0.3148697018623352,88.68163180760843,1261
2008,"Travis Snider","TOR",5,0,0,0,0.4,0.4,1.2,1.6,0.8,0.25,1.9573507357446154,1.3555045325366457,0.6567608833312988,317.7820898041232,2830
2008,"Joe Inglett","TOR",18,0,0,0,0.388888888,0.388888888,0.444444444,0.833333332,0.055555556,0.388888888,2.7656065837805173,0.5989602522318266,0.36865586042404175,124.72360723211565,7254
2008,"Jose Bautista","TOR",3,0,0,0,0.333333333,0.333333333,1.333333333,1.666666666,1,0,1.2190218989436599,0.8579141770188781,0.6747752030690511,329.85344211184383,1887
2008,"Cody Ransom","NYY",8,0,0,0,0.625,0.625,1.5,2.125,0.875,0.5,4.655725188496158,3.6927712633634058,0.8875298649072647,472.41982904994364,1126
2008,"Wilson Betemit","NYY",8,0,0,0,0.375,0.375,0.625,1,0.25,0.375,1.6136389718948316,0.6506850467620802,0.4268765076994896,163.737122872821,1861
2008,"Juan Miranda","NYY",3,0,0,0,1,0.666666666,1,1.666666666,0,0.666666666,1.0273313198496163,0.6662235979248343,0.5973696311314901,277.9841546204751,7783
2008,"Ivan Rodriguez","NYY",3,0,0,0,0,0,0,0,0,0,-0.4520212339582657,-0.8131289558830475,0,-100,1275
2009,"Pat Burrell","TBR",22,0,0,0,0.227272727,0.227272727,0.227272727,0.454545454,0,0.227272727,0.3591315642587578,-2.277283932209786,0.20336396314881064,13.071125179975127,949
2009,"Carl Crawford","TBR",33,0,0,0,0.40625,0.393939393,0.59375,0.987689393,0.1875,0.393939393,6.3743770384252025,2.419753793722386,0.41742306767087994,154.6699288055929,1201
2009,"Gabe Gross","TBR",8,0,0,0,0.285714285,0.285714285,0.285714285,0.57142857,0,0.285714285,0.476200073987424,-0.48249647018295566,0.2556575536727905,47.66301918988432,2184
2009,"Dioner Navarro","TBR",16,0,0,0,0.2,0.2,0.2,0.4,0,0.2,-0.06137973384558726,-1.9787728221863465,0.17896028757095336,-3.071758691315825,3179
2009,"Matt Joyce","TBR",5,0,0,0,0.2,0.2,0.8,1,0.6,0,0.9131204531221835,0.31393511301569615,0.40466604232788084,146.23123365911235,3353
2009,"Akinori Iwamura","TBR",21,0,0,0,0.45,0.428571428,0.6,1.028571428,0.15,0.428571428,4.367668626610392,1.851090198163146,0.43536387171064106,166.53766222335048,7781
2009,"Jason Bartlett","TBR",25,0,0,0,0.458333333,0.44,0.583333333,1.023333333,0.125,0.44,5.239381089741876,2.24345438920944,0.4372897672653198,167.81163049047595,8219
2009,"Evan Longoria","TBR",30,0,0,0,0.357142857,0.333333333,0.857142857,1.19047619,0.5,0.259259259,7.13867574904792,3.5435637084089957,0.47164382139841715,190.53662962469764,9368
2009,"Carlos Pena","TBR",10,0,0,0,0.3,0.3,0.7,1,0.4,0.222222222,1.9331537637599059,0.7347830835469313,0.4176075875759125,154.7919876073246,934
2009,"Gabe Kapler","TBR",7,0,0,0,0.428571428,0.428571428,0.571428571,0.999999999,0.142857143,0.428571428,1.4558895422034641,0.617030066054382,0.43536387171064106,166.53766222335048,1256
2009,"Ben Zobrist","TBR",14,0,0,0,0.214285714,0.214285714,0.214285714,0.428571428,0,0.214285714,0.09413563231725797,-1.5835833199809064,0.1917431652545929,5.384037622217532,7435
2009,"Willy Aybar","TBR",7,0,0,0,0.571428571,0.571428571,1,1.571428571,0.428571429,0.571428571,2.7951039999716665,1.9562445238225843,0.6669477309499469,319.72898515494916,2192
2009,"Shawn Riggans","TBR",4,0,0,0,0.25,0.25,1,1.25,0.75,0,1.0647995859196795,0.5854513138344897,0.5058325529098511,213.15226884408617,3393
2009,"Brian Roberts","BAL",26,0,0,0,0.384615384,0.384615384,0.576923076,0.96153846,0.192307692,0.384615384,4.948487420391115,1.8327236518373806,0.4139895507922539,152.3986781464476,166
2009,"Gregg Zaun","BAL",11,0,0,0,0.09090909,0.09090909,0.181818181,0.272727271,0.090909091,0.09090909,-0.6292559833079883,-1.9474637315422603,0.11435856602408669,-45.80540696857711,580
2009,"Cesar Izturis","BAL",22,0,0,0,0.181818181,0.181818181,0.181818181,0.363636362,0,0.181818181,-0.3800829329019759,-3.01649842937052,0.16269117051904852,-13.833681272176456,656
2009,"Ryan Freel","BAL",5,0,0,0,0.2,0.2,0.2,0.4,0,0.2,-0.01918116682674602,-0.6183665069332333,0.17896028757095336,-3.071758691315825,1207
2009,"Aubrey Huff","BAL",16,0,0,0,0.1875,0.1875,0.25,0.4375,0.0625,0.1875,0.09077734702600004,-1.8266157413147592,0.19047169387340546,4.542966989775492,1213
2009,"Ty Wigginton","BAL",30,0,0,0,0.3,0.3,0.3,0.6,0,0.3,2.1025564905217253,-1.4925555501171983,0.26844043135643003,56.11881550341765,1491
2009,"Luke Scott","BAL",20,0,0,0,0.263157894,0.25,0.315789473,0.565789473,0.052631579,0.25,0.9624898101574841,-1.434251550268465,0.24185749888420105,38.534366370397336,3469
2009,"Nick Markakis","BAL",28,0,0,0,0.518518518,0.5,0.851851851,1.351851851,0.333333333,0.461538461,8.86659042272945,5.511152518133121,0.566918072955949,253.5599710844942,5930
2009,"Adam Jones","BAL",15,0,0,0,0.2,0.2,0.2,0.4,0,0.2,-0.057543500480238055,-1.8550995207996999,0.17896028757095336,-3.0717586913158255,6368
2009,"Felix Pie","BAL",18,0,0,0,0.176470588,0.176470588,0.235294117,0.411764705,0.058823529,0.176470588,-0.06448424375805448,-2.2215514681414086,0.17926747658673456,-2.868555014374994,3751
2009,"Chad Moeller","BAL",2,0,0,0,0,0,0,0,0,0,-0.303358265594992,-0.5430324016375869,0,-100,66
2009,"Robert Andino","BAL",8,0,0,0,0.375,0.375,0.375,0.75,0,0.375,1.004210429102234,0.04551388493185437,0.33555053919553757,100.51174614946781,4900
2009,"Jose Molina","NYY",7,0,0,0,0.571428571,0.571428571,0.571428571,1.142857142,0,0.571428571,1.8951040590604644,1.056244582911382,0.511315107345581,216.77894546055148,25
2009,"Johnny Damon","NYY",24,0,0,0,0.291666666,0.291666666,0.541666666,0.833333332,0.25,0.227272727,3.398805532883093,0.5227159003719541,0.35502781718969345,113.39584779986829,185
2009,"Derek Jeter","NYY",38,0,0,0,0.315789473,0.315789473,0.447368421,0.763157894,0.131578948,0.297297297,4.6390685001803575,0.0852599153710546,0.3313797790753214,97.75281354274394,826
2009,"Jorge Posada","NYY",16,0,0,0,0.4375,0.4375,0.6875,1.125,0.25,0.4,3.9799369556178656,2.0625438672771064,0.484705101698637,199.17658758611805,841
2009,"Cody Ransom","NYY",2,0,0,0,0.5,0.5,1,1.5,0.5,0.5,0.7358562118694761,0.49618207582688123,0.6289721131324768,294.60834353634874,1126
2009,"Mark Teixeira","NYY",29,0,0,0,0.413793103,0.413793103,0.620689655,1.034482758,0.206896552,0.392857142,6.304180675661556,2.8289057030439304,0.4467439445956,174.06551164269803,1281
2009,"Robinson Cano","NYY",37,0,0,0,0.361111111,0.351351351,0.694444444,1.045795795,0.333333333,0.294117647,7.694565350340181,3.2605938335521754,0.435336037262066,166.51924990388102,3269
2009,"Melky Cabrera","NYY",30,0,0,0,0.344827586,0.344827586,0.379310344,0.72413793,0.034482758,0.344827586,3.4070173456383,-0.18809469500062384,0.32107438506751224,90.93585770405433,4022
2009,"Nick Swisher","NYY",25,0,0,0,0.4,0.4,0.72,1.12,0.32,0.375,6.03246817313754,3.0365414726051037,0.47569028377532957,193.21334002562241,4599
2009,"Ramiro Pena","NYY",1,0,0,0,0,0,0,0,0,0,-0.151679132797496,-0.27151620081879346,0,-100,8841
2009,"Brett Gardner","NYY",11,0,0,0,0.2,0.181818181,0.2,0.381818181,0,0.181818181,-0.19004146645098796,-1.50824921468526,0.16269117051904852,-13.833681272176456,9927
2009,"Angel Berroa","NYY",7,0,0,0,0.166666666,0.166666666,0.166666666,0.333333332,0,0.166666666,-0.1993370162282825,-1.0381964923773648,0.14913357297579447,-22.801950089560343,591
2009,"Hideki Matsui","NYY",26,0,0,0,0.461538461,0.461538461,1,1.461538461,0.538461539,0.363636363,9.256122953597098,6.140359185043364,0.6145391510083125,285.0610263403879,1659
2009,"Michel Hernandez","TBR",4,0,0,0,0.25,0.25,0.25,0.5,0,0.25,0.13249796597074998,-0.34685030611443984,0.2237003594636917,26.52352840605092,1835
2009,"B.J. Upton","TBR",13,0,0,0,0.23076923,0.23076923,0.307692307,0.538461537,0.076923077,0.23076923,0.545814745418488,-1.012067138858379,0.23442670015188363,33.61893792913509,5015
2009,"Rod Barajas","TOR",25,0,0,0,0.24,0.24,0.48,0.72,0.24,0.173913043,2.5079119029248633,-0.4880147976075732,0.30503464698791505,80.32566792674885,45
2009,"Kevin Millar","TOR",20,0,0,0,0.4,0.4,0.75,1.15,0.35,0.333333333,5.044736541537546,2.6479951811115967,0.48893059194087984,201.97172383771166,529
2009,"Scott Rolen","TOR",9,0,0,0,0.222222222,0.222222222,0.333333333,0.555555555,0.111111111,0.222222222,0.41331677944773815,-0.665216832743939,0.23919396267996895,36.77245327272808,970
2009,"Vernon Wells","TOR",33,0,0,0,0.333333333,0.333333333,0.454545454,0.787878787,0.121212121,0.333333333,4.325948007665642,0.37132476296282624,0.3422844536376722,104.96618984553223,1326
2009,"Marco Scutaro","TOR",18,0,0,0,0.277777777,0.277777777,0.277777777,0.555555554,0,0.277777777,0.9658480954487421,-1.1912191289346121,0.24855595495965746,42.96535457125468,1555
2009,"Lyle Overbay","TOR",25,0,0,0,0.4,0.4,0.72,1.12,0.32,0.375,6.002468248968164,3.006541548435727,0.4742377161979675,192.25247535416145,1617
2009,"Alex Rios","TOR",12,0,0,0,0.416666666,0.416666666,0.5,0.916666666,0.083333334,0.416666666,2.175922872537452,0.7378780562818825,0.4030958314736684,145.19254867118408,2090
2009,"Aaron Hill","TOR",38,0,0,0,0.368421052,0.368421052,0.631578947,0.999999999,0.263157895,0.314285714,7.682100754095951,3.1282921692866474,0.4283144536771272,161.87451480884982,6104
2009,"Adam Lind","TOR",25,0,0,0,0.36,0.36,0.84,1.2,0.48,0.272727272,6.557856955267197,3.561930254734761,0.501129105091095,210.04096654494603,8027
2009,"Travis Snider","TOR",12,0,0,0,0.333333333,0.333333333,0.5,0.833333333,0.166666667,0.333333333,1.7067084315110759,0.26866361525550636,0.3557647615671158,113.88333205060648,2830
2009,"Jose Bautista","TOR",21,0,0,0,0.3,0.285714285,0.75,1.035714285,0.45,0.166666666,4.046930054063777,1.5303516256165302,0.41687594992773874,154.3080137259045,1887
2009,"Alex Rodriguez","NYY",17,0,0,0,0.411764705,0.411764705,0.764705882,1.176470587,0.352941177,0.375,4.398257859258461,2.361027702896405,0.49677958909203024,207.1637880049669,1274
2009,"Francisco Cervelli","NYY",3,0,0,0,0.333333333,0.333333333,0.666666666,0.999999999,0.333333333,0.333333333,0.5841770790719802,0.22466587500808777,0.41931474208831787,155.9212599973049,5275
2009,"Melvin Mora","BAL",14,0,0,0,0.153846153,0.142857142,0.23076923,0.373626372,0.076923077,0.142857142,-0.34507888453974184,-2.0227978368379063,0.1537675474371229,-19.736603996382957,157
2009,"Nolan Reimold","BAL",16,0,0,0,0.533333333,0.5,0.733333333,1.233333333,0.2,0.5,4.386849793437138,2.469456705096379,0.5154899917542934,219.54060625918368,3441
2009,"Matt Wieters","BAL",12,0,0,0,0.583333333,0.583333333,0.666666666,1.249999999,0.083333333,0.583333333,3.6543518668589203,2.216307050603351,0.5522294044494629,243.8435056624066,4298
2009,"Jerry Hairston Jr.","NYY",1,0,0,0,1,1,1,2,0,1,0.5875353643632379,0.46769829634194054,0.8948014378547668,470.4528348665521,144
2009,"Eric Hinske","NYY",7,0,0,0,0.428571428,0.428571428,0.714285714,1.142857142,0.285714286,0.428571428,1.7558895225071982,0.917030046358116,0.48724141291209633,200.85434212148306,1305
2009,"John McDonald","TOR",18,0,0,0,0.375,0.352941176,0.5,0.852941176,0.125,0.352941176,2.60125590283882,0.44418867845546534,0.3585349531734691,115.71579705203287,395
2009,"Raul Chavez","TOR",2,0,0,0,0,0,0,0,0,0,-0.303358265594992,-0.5430324016375869,0,-100,553
2009,"Justin Turner","BAL",1,0,0,0,0,0,0,0,0,0,-0.151679132797496,-0.27151620081879346,0,-100,5235
2009,"Jeff Fiorentino","BAL",2,0,0,0,0.5,0.5,0.5,1,0,0.5,0.43585623156574205,0.1961820955231471,0.4474007189273834,174.4999638928847,8024
2009,"Chris Richard","TBR",2,0,0,0,0,0,0,0,0,0,-0.303358265594992,-0.5430324016375869,0,-100,163
2009,"Gregg Zaun","TBR",2,0,0,0,0.5,0.5,0.5,1,0,0.5,0.43585623156574205,0.1961820955231471,0.4474007189273834,174.4999638928847,580
2009,"Fernando Perez","TBR",1,0,0,0,0,0,0,0,0,0,-0.151679132797496,-0.27151620081879346,0,-100,7755
2009,"Edwin Encarnacion","TOR",3,0,0,0,0.666666666,0.666666666,0.666666666,1.333333332,0,0.666666666,1.0233915959289799,0.6638803918650875,0.5965342919031779,273.15092088410717,2151
2009,"Randy Ruiz","TOR",5,0,0,0,0.8,0.8,2.2,3,1.4,0.666666666,4.363065544857049,3.763880204750562,1.2398812174797058,698.7210230353271,2761
2010,"Derek Jeter","NYY",28,0,0,0,0.357142857,0.357142857,0.392857142,0.749999999,0.035714285,0.357142857,3.4858949366362535,0.2705117646010362,0.3330691180058888,105.81337342929903,826
2010,"Nick Johnson","NYY",7,0,0,0,0,0,0,0,0,0,-0.9926749191303632,-1.7965207121391675,0,-100,828
2010,"Jorge Posada","NYY",17,0,0,0,0.294117647,0.294117647,0.588235294,0.882352941,0.294117647,0.25,2.7085016595411946,0.7563047336626697,0.3766275924794814,135.4142855682096,841
2010,"Randy Winn","NYY",6,0,0,0,0.333333333,0.333333333,0.333333333,0.666666666,0,0.333333333,0.5804547024215136,-0.10855597730031862,0.2983575463294983,82.22452657886001,1235
2010,"Alex Rodriguez","NYY",34,0,0,0,0.303030303,0.294117647,0.484848484,0.778966131,0.181818181,0.272727272,4.176017029192028,0.2716231774349791,0.3309776818051058,104.39210190930932,1274
2010,"Mark Teixeira","NYY",29,0,0,0,0.24137931,0.24137931,0.586206896,0.827586206,0.344827586,0.153846153,4.0200646681573735,0.6898463828351836,0.3507372942464105,117.82008713704231,1281
2010,"Robinson Cano","NYY",30,0,0,0,0.517241379,0.5,0.827586206,1.327586206,0.310344827,0.464285714,9.262543407998576,5.817490009389415,0.5635164141654968,262.41780571733926,3269
2010,"Nick Swisher","NYY",23,0,0,0,0.478260869,0.478260869,1,1.478260869,0.521739131,0.4,8.333566760318497,5.69235915471814,0.6305256485939026,307.9550860005003,4599
2010,"Curtis Granderson","NYY",14,0,0,0,0.384615384,0.357142857,1,1.357142857,0.615384616,0.25,4.0449199937696765,2.4372284077520674,0.538716869694846,245.56484780657075,4747
2010,"Brett Gardner","NYY",28,0,0,0,0.37037037,0.37037037,0.407407407,0.777777777,0.037037037,0.37037037,3.7620651074939464,0.5466819354587292,0.34540501126536616,114.19644232557415,9927
2010,"Marcus Thames","NYY",10,0,0,0,0.222222222,0.2,0.222222222,0.422222222,0,0.2,0.01321189148987767,-1.135139241379843,0.17901452779769897,1.122921239264162,1523
2010,"Carlos Pena","TBR",27,0,0,0,0.185185185,0.185185185,0.333333333,0.518518518,0.148148148,0.153846153,0.9903946131492369,-2.1101534455990083,0.22323926510634245,31.176603771998302,934
2010,"Pat Burrell","TBR",8,0,0,0,0.625,0.625,1.25,1.875,0.625,0.571428571,3.9847979841373755,3.066117077841599,0.800333634018898,423.35102944884125,949
2010,"Carl Crawford","TBR",32,0,0,0,0.413793103,0.4,0.551724137,0.951724137,0.137931034,0.4,5.902498674323207,2.2277750491401016,0.408056910832723,156.772620597233,1201
2010,"Dioner Navarro","TBR",7,0,0,0,0,0,0,0,0,0,-0.9926749191303632,-1.7965207121391675,0,-100,3179
2010,"B.J. Upton","TBR",21,0,0,0,0.35,0.35,1.05,1.4,0.7,0.1875,6.832714599738485,4.421177220712072,0.5842978775501251,276.5402073670872,5015
2010,"Ben Zobrist","TBR",24,0,0,0,0.291666666,0.291666666,0.416666666,0.708333332,0.125,0.260869565,2.547145621104064,-0.20889709778326493,0.31009985506534576,90.20421488058201,7435
2010,"Jason Bartlett","TBR",32,0,0,0,0.21875,0.21875,0.53125,0.75,0.3125,0.166666666,3.523646301522017,-0.15107732366108853,0.31508122757077217,93.58939242975688,8219
2010,"Reid Brignac","TBR",14,0,0,0,0.214285714,0.214285714,0.357142857,0.571428571,0.142857143,0.214285714,0.7616285780934605,-0.8460630079241481,0.24540255325181143,46.238048256265515,8380
2010,"Evan Longoria","TBR",27,0,0,0,0.307692307,0.296296296,0.615384615,0.911680911,0.307692308,0.24,4.37835928126805,1.2778112225198048,0.3801768532505742,137.82624690323968,9368
2010,"John Jaso","TBR",16,0,0,0,0.375,0.375,0.5625,0.9375,0.1875,0.375,2.9249855699189613,1.0876237573274088,0.4060039110481739,155.37746920641732,5887
2010,"Gabe Kapler","TBR",2,0,0,0,0.5,0.5,0.5,1,0,0.5,0.43203805394366585,0.20236782736972175,0.44753631949424744,183.60153325335486,1256
2010,"Willy Aybar","TBR",5,0,0,0,0.6,0.6,1.4,2,0.8,0.5,2.6789111544542674,2.104735588019407,0.8474629759788513,455.3785861385737,2192
2010,"Julio Lugo","BAL",7,0,0,0,0.285714285,0.285714285,0.571428571,0.857142856,0.285714286,0.285714285,1.0086439930166011,0.20479820000779667,0.357577451637813,122.46843399505676,565
2010,"Cesar Izturis","BAL",26,0,0,0,0.384615384,0.384615384,0.423076923,0.807692307,0.038461539,0.384615384,3.769516342102072,0.7838033966407988,0.3586898193909572,123.22436267540891,656
2010,"Miguel Tejada","BAL",24,0,0,0,0.333333333,0.333333333,0.5,0.833333333,0.166666667,0.304347826,3.5628050995764156,0.8067623806890869,0.36302825311819714,126.17262009563542,941
2010,"Ty Wigginton","BAL",27,0,0,0,0.384615384,0.37037037,0.653846153,1.024216523,0.269230769,0.32,5.50967818102415,2.4091301222759047,0.4325819037578724,173.43900227285545,1491
2010,"Garrett Atkins","BAL",4,0,0,0,0,0,0,0,0,0,-0.5672428109316361,-1.0265832640795243,0,-100,1790
2010,"Luis Montanez","BAL",9,0,0,0,0.111111111,0.111111111,0.111111111,0.222222222,0,0.111111111,-0.5606368651866973,-1.5941528847694457,0.09945251544316609,-52.94481565379976,2923
2010,"Nolan Reimold","BAL",3,0,0,0,0.666666666,0.666666666,1,1.666666666,0.333333334,0.666666666,1.3058868296831083,0.9613814898221922,0.7217847307523092,369.97176829928725,3441
2010,"Luke Scott","BAL",19,0,0,0,0.5,0.47368421,0.666666666,1.140350876,0.166666666,0.47368421,4.646531839948686,2.4646646874962177,0.4832252891440141,207.85458774385236,3469
2010,"Matt Wieters","BAL",23,0,0,0,0.304347826,0.304347826,0.434782608,0.739130434,0.130434782,0.304347826,2.6479701101980826,0.006762504597725805,0.3213537050330121,97.8519626069017,4298
2010,"Nick Markakis","BAL",30,0,0,0,0.5,0.5,0.8,1.3,0.3,0.48275862,9.221557194359685,5.776503795750524,0.5618077039718627,261.2566222524939,5930
2010,"Adam Jones","BAL",29,0,0,0,0.333333333,0.321428571,0.592592592,0.914021163,0.259259259,0.269230769,4.81835830527039,1.4881400199482013,0.3851656700883593,141.2164833767856,6368
2010,"Rhyne Hughes","BAL",7,0,0,0,0.571428571,0.571428571,0.714285714,1.285714285,0.142857143,0.571428571,2.1699629375704403,1.3661171445616358,0.5650713528905597,263.474491130183,9955
2010,"Craig Tatum","BAL",4,0,0,0,0.25,0.25,0.25,0.5,0,0.25,0.14841664847784786,-0.3109238046700403,0.22376815974712372,31.536023241612614,7468
2010,"Francisco Cervelli","NYY",14,0,0,0,0.538461538,0.5,0.615384615,1.115384615,0.076923077,0.5,3.324266396668529,1.71657481065092,0.4743369562285287,201.8143679043772,5275
2010,"Ramiro Pena","NYY",12,0,0,0,0.363636363,0.363636363,0.454545454,0.818181817,0.090909091,0.363636363,1.7484219563332408,0.3704005968895763,0.35959086093035614,123.8366809846148,8841
2010,"Kevin Russo","NYY",1,0,0,0,0,0,0,0,0,0,-0.14181070273290902,-0.25664581601988107,0,-100,3630
2010,"Alex Gonzalez","TOR",10,0,0,0,0.2,0.2,0.3,0.5,0.1,0.2,0.3132119105527452,-0.8351392223169752,0.21653541922569275,26.620889750695426,520
2010,"Vernon Wells","TOR",30,0,0,0,0.166666666,0.166666666,0.2,0.366666666,0.033333334,0.166666666,-0.3760237658769833,-3.8210771644861445,0.1616857369740804,-10.653157258491051,1326
2010,"Lyle Overbay","TOR",28,0,0,0,0.392857142,0.392857142,0.821428571,1.214285713,0.428571429,0.32,7.624513246653954,4.409130074618736,0.5179317827735629,231.43998372003065,1617
2010,"Jose Bautista","TOR",30,0,0,0,0.310344827,0.3,0.724137931,1.024137931,0.413793104,0.192307692,5.950559136008058,2.505505737398896,0.42544019818305967,168.58573314906732,1887
2010,"John Buck","TOR",21,0,0,0,0.55,0.523809523,0.7,1.223809523,0.15,0.523809523,5.794229353301835,3.3826919742754233,0.5224488462720599,234.50963208032732,2041
2010,"Travis Snider","TOR",17,0,0,0,0.470588235,0.470588235,0.705882352,1.176470587,0.235294117,0.4375,4.5554800187067785,2.6032830928282538,0.5125104749903959,227.755840569774,2830
2010,"Fred Lewis","TOR",24,0,0,0,0.458333333,0.458333333,0.541666666,0.999999999,0.083333333,0.458333333,5.068797226040241,2.3127545071529116,0.4415090357263883,179.5055886775905,4693
2010,"Aaron Hill","TOR",11,0,0,0,0,0,0,0,0,0,-1.5599177300619993,-2.823103976218692,0,-100,6104
2010,"Adam Lind","TOR",16,0,0,0,0.3125,0.3125,0.5625,0.875,0.25,0.3125,2.5093261295723455,0.6719643169807925,0.3735124282538891,133.29732202312636,8027
2010,"Jose Molina","TOR",9,0,0,0,0.375,0.375,0.375,0.75,0,0.375,1.139054350910827,0.10553833132807854,0.3356522396206856,107.56877824748375,25
2010,"John McDonald","TOR",21,0,0,0,0.4,0.38095238,0.65,1.03095238,0.25,0.35,4.28823722683801,1.8766998478115975,0.43275652329126996,173.55766798666437,395
2010,"Randy Ruiz","TOR",4,0,0,0,0.25,0.25,0.5,0.75,0.25,0.25,0.44841666754071535,-0.010923785607172823,0.31757038831710815,95.28094452019076,2761
2010,"Matt Joyce","TBR",14,0,0,0,0.357142857,0.357142857,0.5,0.857142857,0.142857143,0.357142857,2.1929474969124283,0.5852559108948194,0.3732700731073107,133.13262540583253,3353
2010,"Sean Rodriguez","TBR",12,0,0,0,0.416666666,0.416666666,0.416666666,0.833333332,0,0.416666666,1.8765688642525111,0.4985475048088466,0.37294693291187286,132.91302991610746,6589
2010,"Kelly Shoppach","TBR",4,0,0,0,0.666666666,0.666666666,1,1.666666666,0.333333334,0.666666666,1.7411824395774778,1.2818419864295896,0.7217847307523092,369.97176829928725,3867
2010,"Corey Patterson","BAL",10,0,0,0,0.4,0.4,0.4,0.8,0,0.4,1.4445308103088452,0.29617967743912477,0.35802905559539794,122.77532924865795,300
2010,"Josh Bell","BAL",5,0,0,0,0.4,0.4,0.4,0.8,0,0.4,0.7222654051544226,0.14808983871956238,0.35802905559539794,122.77532924865795,2510
2010,"Jake Fox","BAL",4,0,0,0,0.25,0.25,1,1.25,0.75,0,1.0894029193053412,0.630062466157453,0.5179901719093323,231.47966306368684,6267
2010,"Scott Moore","BAL",3,0,0,0,0.333333333,0.333333333,0.333333333,0.666666666,0,0.333333333,0.2902273512107568,-0.05427798865015931,0.2983575463294983,82.22452657886001,4390
2010,"Yunel Escobar","TOR",23,0,0,0,0.304347826,0.304347826,0.347826086,0.652173912,0.04347826,0.304347826,2.0479700720723475,-0.5932375335280096,0.28872684292171313,75.67981607522235,4191
2010,"Rocco Baldelli","TBR",4,0,0,0,0,0,0,0,0,0,-0.5672428109316361,-1.0265832640795243,0,-100,1656
2010,"Brad Hawpe","TBR",5,0,0,0,0.2,0.2,0.2,0.4,0,0.2,0.006605945744938835,-0.5675696206899215,0.17901452779769897,1.122921239264162,1885
2010,"Desmond Jennings","TBR",1,0,0,0,0,0,0,0,0,0,-0.14181070273290902,-0.25664581601988107,0,-100,1965
2010,"Dan Johnson","TBR",5,0,0,0,0.6,0.6,1.2,1.8,0.6,0.5,2.3789111353914,1.8047355689565394,0.7724211931228637,404.38264911571116,2167
2010,"Edwin Encarnacion","TOR",7,0,0,0,0.142857142,0.142857142,0.142857142,0.285714284,0,0.142857142,-0.2770154597208791,-1.0808612527296835,0.12786751985549927,-33.634909620562624,2151
2010,"J.P. Arencibia","TOR",1,0,0,0,0,0,0,0,0,0,-0.14181070273290902,-0.25664581601988107,0,-100,697
2010,"Mike McCoy","TOR",2,0,0,0,0.5,0.5,0.5,1,0,0.5,0.43203805394366585,0.20236782736972175,0.44753631949424744,183.60153325335486,4583
2010,"Brian Roberts","BAL",8,0,0,0,0.375,0.375,0.375,0.75,0,0.375,1.0124927563651795,0.09381185006940314,0.3356522396206856,107.56877824748375,166
2010,"Felix Pie","BAL",12,0,0,0,0.166666666,0.166666666,0.333333333,0.499999999,0.166666667,0.166666666,0.2995904793520561,-1.0784308800916085,0.20858684678872427,21.219300342895753,3751
2010,"Robert Andino","BAL",5,0,0,0,0.25,0.2,0.25,0.45,0,0.2,0.006605945744938835,-0.5675696206899215,0.17901452779769897,1.122921239264162,4900
2010,"Austin Kearns","NYY",1,0,0,0,0,0,0,0,0,0,-0.14181070273290902,-0.25664581601988107,0,-100,332
2010,"Lance Berkman","NYY",1,0,0,0,0,0,0,0,0,0,-0.14181070273290902,-0.25664581601988107,0,-100,548
2010,"Eduardo Nunez","NYY",3,0,0,0,0,0,0,0,0,0,-0.42543210819872707,-0.7699374480596433,0,-100,6848
2010,"Juan Miranda","NYY",1,0,0,0,0,0,0,0,0,0,-0.14181070273290902,-0.25664581601988107,0,-100,7783
2011,"Derek Jeter","NYY",31,0,0,0,0.266666666,0.266666666,0.266666666,0.533333332,0,0.266666666,1.555976403781046,-1.9261581172264919,0.2374243418375651,43.10490867212341,826
2011,"Jorge Posada","NYY",11,0,0,0,0,0,0,0,0,0,-1.5138084750644158,-2.7494045954219293,0,-100,841
2011,"Alex Rodriguez","NYY",6,0,0,0,0.5,0.5,1,1.5,0.5,0.4,2.232820195439624,1.5588586752446165,0.6444133917490641,319.5861262769806,1274
2011,"Mark Teixeira","NYY",21,0,0,0,0.142857142,0.142857142,0.285714285,0.428571427,0.142857143,0.1,0.16853591126087547,-2.19032940942165,0.18411811192830405,6.892211169716846,1281
2011,"Robinson Cano","NYY",30,0,0,0,0.4,0.4,0.733333333,1.133333333,0.333333333,0.379310344,7.368611416769648,3.9988038157946106,0.4844763517379761,210.93556781110036,3269
2011,"Nick Swisher","NYY",24,0,0,0,0.347826086,0.347826086,0.391304347,0.739130433,0.043478261,0.347826086,2.889512622941805,0.19366654216177578,0.3261729841646941,103.3948174466182,4599
2011,"Russell Martin","NYY",20,0,0,0,0.35,0.35,0.7,1.05,0.35,0.277777777,4.368982776905734,2.1224443762557104,0.45012751817703245,187.6012610814687,4616
2011,"Curtis Granderson","NYY",17,0,0,0,0.352941176,0.352941176,0.588235294,0.94117647,0.235294118,0.3125,3.131893770860311,1.2223361303077902,0.40686779863694134,158.21349270222146,4747
2011,"Brett Gardner","NYY",23,0,0,0,0.347826086,0.347826086,0.608695652,0.956521738,0.260869566,0.318181818,4.284768124164565,1.7012489634170374,0.40947857110396674,159.987077398737,9927
2011,"Eric Chavez","NYY",19,0,0,0,0.526315789,0.526315789,0.684210526,1.210526315,0.157894737,0.526315789,5.328180081277201,3.193968600659678,0.5284819979416696,240.83006901827392,906
2011,"Johnny Damon","TBR",26,0,0,0,0.5,0.5,0.73076923,1.23076923,0.23076923,0.48,7.4233813244382425,4.502881403593212,0.5349091658225427,245.1962582359962,185
2011,"Felipe Lopez","TBR",5,0,0,0,0.4,0.4,0.4,0.8,0,0.4,0.7204932848370338,0.15885868467452763,0.35613651275634767,123.75004044477946,1311
2011,"Casey Kotchman","TBR",21,0,0,0,0.285714285,0.285714285,0.428571428,0.714285713,0.142857143,0.25,2.2814179806057995,-0.07744734007672596,0.3113097236269996,93.29770949756256,1930
2011,"Dan Johnson","TBR",7,0,0,0,0.285714285,0.285714285,0.285714285,0.57142857,0,0.285714285,0.44525538027986705,-0.34103305994764144,0.25438322339739117,54.62564178250282,2167
2011,"Matt Joyce","TBR",19,0,0,0,0.210526315,0.210526315,0.263157894,0.473684209,0.052631579,0.210526315,0.5024159803069963,-1.631795500310527,0.20740071095918355,22.708856188699595,3353
2011,"B.J. Upton","TBR",26,0,0,0,0.44,0.44,0.72,1.16,0.28,0.391304347,6.757986672291629,3.8374867514465967,0.5025566196441651,223.21809601772458,5015
2011,"John Jaso","TBR",7,0,0,0,0.428571428,0.428571428,0.857142857,1.285714285,0.428571429,0.428571428,2.0495493468153763,1.2632609065878677,0.5441098553793771,251.44659310871825,5887
2011,"Ben Zobrist","TBR",28,0,0,0,0.392857142,0.392857142,0.678571428,1.07142857,0.285714286,0.37037037,6.3395553359314825,3.194401575021448,0.4601947324616568,194.4402550640027,7435
2011,"Sam Fuld","TBR",13,0,0,0,0.384615384,0.384615384,0.923076923,1.307692307,0.538461539,0.333333333,3.8480755587456517,2.387825598323136,0.5481716669522799,254.20591700109796,8254
2011,"Reid Brignac","TBR",15,0,0,0,0.133333333,0.133333333,0.133333333,0.266666666,0,0.133333333,-0.6556962379487989,-2.340600038436317,0.11871217091878256,-37.54022310053265,8380
2011,"Kelly Shoppach","TBR",8,0,0,0,0.142857142,0.142857142,0.142857142,0.285714284,0,0.142857142,-0.29604416324012317,-1.194659523500133,0.12719161169869558,-31.779856545342927,3867
2011,"Elliot Johnson","TBR",5,0,0,0,0.2,0.2,0.2,0.4,0,0.2,0.016199261722058753,-0.5454353384404473,0.17806825637817383,2.782342785795382,4751
2011,"Sean Rodriguez","TBR",8,0,0,0,0,0,0,0,0,0,-1.100951618228666,-1.9995669784886758,0,-100,6589
2011,"Corey Patterson","TOR",15,0,0,0,0.2,0.2,0.4,0.6,0.2,0.2,0.9185977870521581,-0.7663060134353602,0.25138961474100746,52.591983711040236,300
2011,"J.P. Arencibia","TOR",16,0,0,0,0.25,0.25,0.4375,0.6875,0.1875,0.2,1.5609246957687664,-0.2363060247512531,0.29730135202407837,83.78135607655733,697
2011,"Juan Rivera","TOR",6,0,0,0,0,0,0,0,0,0,-0.8257137136714996,-1.499675233866507,0,-100,843
2011,"Jose Bautista","TOR",28,0,0,0,0.37037037,0.357142857,0.629629629,0.986772486,0.259259259,0.307692307,5.380913228021995,2.23575946711196,0.4169133646147592,165.03778026887952,1887
2011,"Travis Snider","TOR",22,0,0,0,0.318181818,0.318181818,0.545454545,0.863636363,0.227272727,0.318181818,3.402441117376884,0.931248876661857,0.3694832216609608,132.8169043561487,2830
2011,"Jayson Nix","TOR",5,0,0,0,0.2,0.2,0.2,0.4,0,0.2,0.016199261722058753,-0.5454353384404473,0.17806825637817383,2.782342785795382,3790
2011,"Yunel Escobar","TOR",17,0,0,0,0.352941176,0.352941176,0.588235294,0.94117647,0.235294118,0.3125,3.131893770860311,1.2223361303077902,0.40686779863694134,158.21349270222146,4191
2011,"Aaron Hill","TOR",19,0,0,0,0.47368421,0.47368421,0.684210526,1.157894736,0.210526316,0.444444444,4.96953793564807,2.835326455030547,0.5046198117105585,224.61969110927106,6104
2011,"Adam Lind","TOR",23,0,0,0,0.217391304,0.217391304,0.217391304,0.434782608,0,0.217391304,0.3562342131674602,-2.227284947580068,0.19355245258497156,13.301273017011386,8027
2011,"Jose Molina","TOR",4,0,0,0,0.333333333,0.333333333,0.333333333,0.666666666,0,0.333333333,0.3885828883723002,-0.060724791757704656,0.29678042729695636,83.4274745584514,25
2011,"John McDonald","TOR",10,0,0,0,0.5,0.5,0.5,1,0,0.5,2.1452805927890424,1.0220113924640302,0.44517064094543457,184.23388927427146,395
2011,"Edwin Encarnacion","TOR",17,0,0,0,0.235294117,0.235294117,0.235294117,0.470588234,0,0.235294117,0.4776539037239847,-1.4319037368285361,0.20949206632726333,24.129583549145508,2151
2011,"Brian Roberts","BAL",4,0,0,0,0.25,0.25,0.25,0.5,0,0.25,0.153818214000642,-0.2954894661293629,0.22258532047271729,33.024267200541395,166
2011,"Derrek Lee","BAL",11,0,0,0,0.454545454,0.454545454,1.181818181,1.636363635,0.727272727,0.333333333,4.498965282323213,3.2633691619656995,0.6910105618563566,351.2411359904026,525
2011,"Vladimir Guerrero","BAL",31,0,0,0,0.366666666,0.354838709,0.5,0.854838709,0.133333334,0.354838709,4.681046658189356,1.1989121371818179,0.36486282656269686,129.67811606967928,778
2011,"Luke Scott","BAL",1,0,0,0,0,0,0,0,0,0,-0.13761895227858326,-0.24994587231108448,0,-100,3469
2011,"J.J. Hardy","BAL",32,0,0,0,0.2,0.1875,0.3,0.4875,0.1,0.161290322,0.7676095055413845,-2.8268519354986545,0.2042970061302185,20.600406120116848,3797
2011,"Matt Wieters","BAL",21,0,0,0,0.285714285,0.285714285,0.38095238,0.666666665,0.095238095,0.285714285,1.9357661031199578,-0.42309921756256774,0.29050211679367793,79.16240911547389,4298
2011,"Nick Markakis","BAL",28,0,0,0,0.392857142,0.392857142,0.535714285,0.928571427,0.142857143,0.392857142,5.0639035734905535,1.91874981258052,0.402600816317967,155.3147894882039,5930
2011,"Jake Fox","BAL",3,0,0,0,0,0,0,0,0,0,-0.4128568568357498,-0.7498376169332535,0,-100,6267
2011,"Adam Jones","BAL",22,0,0,0,0.454545454,0.454545454,0.545454545,0.999999999,0.090909091,0.454545454,4.5853233017667225,2.1141310610516957,0.4374538551677357,178.99161966461497,6368
2011,"Mark Reynolds","BAL",18,0,0,0,0.444444444,0.444444444,1,1.444444444,0.555555556,0.333333333,6.294166544344076,4.272281983759053,0.6160193416807387,300.2971023159405,7619
2011,"Rajai Davis","TOR",9,0,0,0,0.333333333,0.333333333,0.555555555,0.888888888,0.222222222,0.333333333,1.474311461118032,0.46336918082552087,0.38105784522162545,140.67993166871722,3708
2011,"Eric Thames","TOR",15,0,0,0,0.266666666,0.266666666,0.333333333,0.599999999,0.066666667,0.266666666,1.0528917894213288,-0.6320120110661894,0.2627075672149658,60.280645805203115,3711
2011,"Mike McCoy","TOR",11,0,0,0,0,0,0,0,0,0,-1.5138084750644158,-2.7494045954219293,0,-100,4583
2011,"Felix Pie","BAL",3,0,0,0,0,0,0,0,0,0,-0.4128568568357498,-0.7498376169332535,0,-100,3751
2011,"Blake Davis","BAL",2,0,0,0,0,0,0,0,0,0,-0.2752379045571665,-0.49989174462216895,0,-100,5812
2011,"Andruw Jones","NYY",1,0,0,0,0,0,0,0,0,0,-0.13761895227858326,-0.24994587231108448,0,-100,96
2011,"Eduardo Nunez","NYY",10,0,0,0,0.333333333,0.3,0.777777777,1.077777777,0.444444444,0.222222222,1.982344367465469,0.8590751671404567,0.42457287311553954,170.2411395165325,6848
2011,"Francisco Cervelli","NYY",11,0,0,0,0.363636363,0.363636363,0.727272727,1.09090909,0.363636364,0.3,2.5490194383018605,1.313423317944347,0.4669154557314786,199.005866235187,5275
2011,"Desmond Jennings","TBR",21,0,0,0,0.45,0.45,0.7,1.15,0.25,0.421052631,5.388514912735149,3.029649592052622,0.4983512401580811,220.36124165995784,1965
2011,"Robinson Chirinos","TBR",3,0,0,0,0,0,0,0,0,0,-0.4128568568357498,-0.7498376169332535,0,-100,3142
2011,"Evan Longoria","TBR",24,0,0,0,0.333333333,0.333333333,0.708333333,1.041666666,0.375,0.238095238,5.168452849532397,2.472606768752368,0.44621249039967853,184.94165231048328,9368
2011,"Jesus Montero","NYY",3,0,0,0,0,0,0,0,0,0,-0.4128568568357498,-0.7498376169332535,0,-100,5514
2011,"Chris Dickerson","NYY",1,0,0,0,0,0,0,0,0,0,-0.13761895227858326,-0.24994587231108448,0,-100,7095
2011,"Chris Woodward","TOR",2,0,0,0,0,0,0,0,0,0,-0.2752379045571665,-0.49989174462216895,0,-100,1329
2011,"Adam Loewen","TOR",5,0,0,0,0.4,0.4,0.4,0.8,0,0.4,0.7204932848370338,0.15885868467452763,0.35613651275634767,123.75004044477946,2134
2011,"Mark Teahen","TOR",2,0,0,0,0,0,0,0,0,0,-0.2752379045571665,-0.49989174462216895,0,-100,4511
2011,"Brett Lawrie","TOR",5,0,0,0,0.2,0.2,0.2,0.4,0,0.2,0.016199261722058753,-0.5454353384404473,0.17806825637817383,2.782342785795382,5247
2011,"David Cooper","TOR",4,0,0,0,0.75,0.75,1.25,2,0.5,0.75,2.162406222510948,1.713098542380943,0.8573801517486572,464.2615398460996,7752
2011,"Kelly Johnson","TOR",2,0,0,0,0.5,0.5,0.5,1,0,0.5,0.42905611855780845,0.204402278492806,0.44517064094543457,184.23388927427146,2234
2011,"Brandon Guyer","TBR",3,0,0,0,0.333333333,0.333333333,0.333333333,0.666666666,0,0.333333333,0.29143716627922517,-0.045543593818278494,0.29678042729695636,83.4274745584514,2636
2011,"Jose Lobaton","TBR",1,0,0,0,0,0,0,0,0,0,-0.13761895227858326,-0.24994587231108448,0,-100,4243
2011,"Josh Bell","BAL",2,0,0,0,0,0,0,0,0,0,-0.2752379045571665,-0.49989174462216895,0,-100,2510
2011,"Nolan Reimold","BAL",18,0,0,0,0.352941176,0.333333333,0.529411764,0.862745097,0.176470588,0.294117647,2.69427483744155,0.6723902768565282,0.3631946775648329,128.54488689268783,3441
2011,"Robert Andino","BAL",25,0,0,0,0.416666666,0.416666666,0.583333333,0.999999999,0.166666667,0.391304347,5.19347624726055,2.38530324644802,0.43658823768297833,178.4035768752136,4900
2011,"Ryan Adams","BAL",3,0,0,0,0.666666666,0.666666666,0.666666666,1.333333332,0,0.666666666,0.9957311893942,0.6587504292966964,0.5935608545939127,285.0403039900915,6343
2011,"Craig Tatum","BAL",3,0,0,0,0,0,0,0,0,0,-0.4128568568357498,-0.7498376169332535,0,-100,7468
2011,"Matt Angle","BAL",9,0,0,0,0.333333333,0.333333333,0.444444444,0.777777777,0.111111111,0.333333333,1.1743114799778538,0.1633691996853429,0.33891913625929093,112.05370311358432,8136
2011,"Pedro Florimon","BAL",1,0,0,0,0,0,0,0,0,0,-0.13761895227858326,-0.24994587231108448,0,-100,8385
2011,"Chris Davis","BAL",11,0,0,0,0.363636363,0.363636363,0.454545454,0.818181817,0.090909091,0.363636363,1.603367598535662,0.3677714781781485,0.35823759165677155,125.17737332461833,9272
2012,"Jose Molina","TBR",13,0,0,0,0.461538461,0.461538461,0.461538461,0.923076922,0,0.461538461,2.4521610783078476,0.9687074394562051,0.40778693786034215,161.31281548435135,25
2012,"Carlos Pena","TBR",25,0,0,0,0.32,0.32,0.68,1,0.36,0.260869565,4.991766040103616,2.1389705807735337,0.42153740882873536,170.7565777271266,934
2012,"Desmond Jennings","TBR",19,0,0,0,0.210526315,0.210526315,0.315789473,0.526315788,0.105263158,0.210526315,0.7998681784003372,-1.368256370690525,0.22532987594604492,36.002117676645916,1965
2012,"Matt Joyce","TBR",22,0,0,0,0.454545454,0.454545454,0.636363636,1.09090909,0.181818182,0.428571428,5.284060600606173,2.773600596395701,0.47198496623472735,205.4037355565588,3353
2012,"Luke Scott","TBR",21,0,0,0,0.285714285,0.285714285,0.619047619,0.904761904,0.333333334,0.210526315,3.5280917672788474,1.1317435814415786,0.3821068718319848,143.67586046600874,3469
2012,"Jeff Keppinger","TBR",21,0,0,0,0.333333333,0.333333333,0.571428571,0.904761904,0.238095238,0.3,3.5942398395333313,1.1978916536960624,0.38602910723005024,146.36963427525998,3856
2012,"Stephen Vogt","TBR",3,0,0,0,0,0,0,0,0,0,-0.4165855651482322,-0.758921020267842,0,-100,5000
2012,"Ben Zobrist","TBR",25,0,0,0,0.291666666,0.28,0.5,0.78,0.208333334,0.25,3.038792419335688,0.18599696000560598,0.32426445007324217,103.94994272169988,7435
2012,"Reid Brignac","TBR",2,0,0,0,0,0,0,0,0,0,-0.27772371009882146,-0.505947346845228,0,-100,8380
2012,"Evan Longoria","TBR",17,0,0,0,0.176470588,0.176470588,0.235294117,0.411764705,0.058823529,0.176470588,0.06803104198795286,-1.8718698703565029,0.17789248157950008,3.422326421193031,9368
2012,"Sean Rodriguez","TBR",19,0,0,0,0.333333333,0.333333333,0.555555555,0.888888888,0.222222222,0.294117647,3.16800147806871,0.9998769289778479,0.38052865531709457,142.59194838994213,6589
2012,"Chris Gimenez","TBR",7,0,0,0,0.285714285,0.285714285,0.285714285,0.57142857,0,0.285714285,0.44708874597085424,-0.3516939826415687,0.2524395329611642,54.62090942003067,7324
2012,"Raul Ibanez","NYY",11,0,0,0,0.272727272,0.272727272,0.363636363,0.636363635,0.090909091,0.272727272,0.9012021722844172,-0.3540278298208189,0.2749247442592274,70.06365243338408,607
2012,"Derek Jeter","NYY",38,0,0,0,0.421052631,0.421052631,0.447368421,0.868421052,0.02631579,0.421052631,6.376223339509067,2.0399742413273416,0.3818466035943282,143.4971093991235,826
2012,"Eric Chavez","NYY",9,0,0,0,0.875,0.777777777,2.25,3.027777777,1.375,0.666666666,7.147407648639703,6.120401283280874,1.161785364151001,679.1555777928597,906
2012,"Alex Rodriguez","NYY",29,0,0,0,0.344827586,0.344827586,0.517241379,0.862068965,0.172413793,0.321428571,4.582027636322172,1.2727849034992766,0.36965071332865745,135.12102626184677,1274
2012,"Mark Teixeira","NYY",20,0,0,0,0.4,0.4,1.05,1.45,0.65,0.294117647,6.899488110669266,4.6172517432052,0.6024682581424713,295.01907951560054,1281
2012,"Robinson Cano","NYY",28,0,0,0,0.25,0.25,0.5,0.75,0.25,0.222222222,3.2222068158931387,0.027075901443447035,0.31620447976248606,98.41439099597581,3269
2012,"Nick Swisher","NYY",29,0,0,0,0.5,0.48275862,1.035714285,1.518472905,0.535714285,0.423076923,10.537096530671406,7.2278537978485105,0.6253470757911945,310.7321496182168,4599
2012,"Russell Martin","NYY",14,0,0,0,0.357142857,0.357142857,0.785714285,1.142857142,0.428571428,0.307692307,3.447151074415318,1.8495856171904723,0.4795065437044416,210.56952147602806,4616
2012,"Curtis Granderson","NYY",21,0,0,0,0.428571428,0.428571428,0.809523809,1.238095237,0.380952381,0.368421052,5.926774385315815,3.5304261994785464,0.524336230187189,241.3583505666358,4747
2012,"Andruw Jones","NYY",17,0,0,0,0.375,0.352941176,1.125,1.477941176,0.75,0.153846153,5.670364755137092,3.730463842792636,0.5882437790141386,285.2497705789052,96
2012,"Eduardo Nunez","NYY",7,0,0,0,0.714285714,0.714285714,0.857142857,1.571428571,0.142857143,0.714285714,2.875771323798789,2.076988595186366,0.6844641310828072,351.33347999811923,6848
2012,"Endy Chavez","BAL",25,0,0,0,0.32,0.32,0.32,0.64,0,0.32,2.204940549031649,-0.6478549102984329,0.28273227691650393,75.4258311025732,768
2012,"Wilson Betemit","BAL",11,0,0,0,0.454545454,0.454545454,0.454545454,0.909090908,0,0.454545454,2.020323922748305,0.7650939206430688,0.40160834789276123,157.06938740224774,1861
2012,"Ronny Paulino","BAL",9,0,0,0,0.111111111,0.111111111,0.111111111,0.222222222,0,0.111111111,-0.5401958297863316,-1.5672021951451611,0.0981709294848972,-51.33008062995449,2129
2012,"J.J. Hardy","BAL",39,0,0,0,0.23076923,0.23076923,0.461538461,0.692307691,0.230769231,0.189189189,3.727260975279264,-0.7230999412756638,0.29191328012026274,81.73130322827362,3797
2012,"Matt Wieters","BAL",34,0,0,0,0.352941176,0.352941176,0.588235294,0.94117647,0.235294118,0.352941176,6.163427203252173,2.283625378563262,0.398634160266203,155.0267285816748,4298
2012,"Luis Exposito","BAL",1,0,0,0,0,0,0,0,0,0,-0.13886185504941073,-0.252973673422614,0,-100,4398
2012,"Robert Andino","BAL",25,0,0,0,0.291666666,0.291666666,0.416666666,0.708333332,0.125,0.260869565,2.685056575707725,-0.1677388836223569,0.3066457112630208,91.84947134702881,4900
2012,"Nick Markakis","BAL",10,0,0,0,0.1,0.1,0.1,0.2,0,0.1,-0.6790576848357427,-1.8201758685677754,0.08835383653640747,-58.07241636040813,5930
2012,"Adam Jones","BAL",34,0,0,0,0.264705882,0.264705882,0.617647058,0.88235294,0.352941176,0.193548387,5.394982984574006,1.5151811598850944,0.37049123820136576,135.6982950023315,6368
2012,"Mark Reynolds","BAL",23,0,0,0,0.545454545,0.52173913,1.09090909,1.61264822,0.545454545,0.45,9.051145987092617,6.426574164508941,0.6629268345625504,336.54176063396255,7619
2012,"Chris Davis","BAL",24,0,0,0,0.416666666,0.416666666,0.5,0.916666666,0.083333334,0.416666666,4.3629240971034715,1.624240456146592,0.3992707431316376,155.46393085953187,9272
2012,"Nick Johnson","BAL",1,0,0,0,1,1,1,2,0,1,0.5706990106089538,0.45658719223575056,0.8835383653640747,488.05677780633357,828
2012,"Ryan Flaherty","BAL",11,0,0,0,0.545454545,0.545454545,0.818181818,1.363636363,0.272727273,0.545454545,3.599884771174226,2.34465476906899,0.5804132548245516,279.87180142768557,7888
2012,"Elliot Johnson","TBR",7,0,0,0,0.142857142,0.142857142,0.571428571,0.714285713,0.428571429,0,0.6809406545692112,-0.11784207404321173,0.29403812544686453,83.19063753858373,4751
2012,"B.J. Upton","TBR",15,0,0,0,0.333333333,0.333333333,0.333333333,0.666666666,0,0.333333333,1.4648765025506623,-0.2468007730473869,0.2945127884546916,83.51663397911753,5015
2012,"Drew Sutton","TBR",8,0,0,0,0.25,0.25,0.25,0.5,0,0.25,0.3082268909214434,-0.6046676560641828,0.22088459134101868,32.949116000715506,7430
2012,"Will Rhymes","TBR",3,0,0,0,1,1,1,2,0,1,1.7120970318268613,1.3697615767072517,0.8835383653640747,488.0567778063335,9802
2012,"Steve Tolleson","BAL",3,0,0,0,0,0,0,0,0,0,-0.4165855651482322,-0.758921020267842,0,-100,4450
2012,"Steve Pearce","BAL",4,0,0,0,0.5,0.333333333,0.5,0.833333333,0,0.333333333,0.3906337340135099,-0.06581353947930317,0.2945127884546916,83.51663397911753,9957
2012,"J.P. Arencibia","TOR",18,0,0,0,0.277777777,0.277777777,0.777777777,1.055555554,0.5,0.133333333,3.878529260172595,1.8245165294549357,0.4412154091729058,184.2713407552988,697
2012,"Jose Bautista","TOR",11,0,0,0,0.272727272,0.272727272,0.909090909,1.181818181,0.636363637,0.111111111,2.788027720797861,1.5327977186926245,0.4885117465799505,216.7542547189651,1887
2012,"Edwin Encarnacion","TOR",27,0,0,0,0.36,0.333333333,0.8,1.133333333,0.44,0.25,6.067015989067039,2.985996892990551,0.4527090743735985,192.16513884431686,2151
2012,"Kelly Johnson","TOR",19,0,0,0,0.105263157,0.105263157,0.157894736,0.263157893,0.052631579,0.105263157,-0.9192535337692329,-3.087378082860095,0.11266493797302246,-41.375660128922284,2234
2012,"Rajai Davis","TOR",21,0,0,0,0.45,0.428571428,0.7,1.128571428,0.25,0.4,5.01336157085006,2.6170133850127915,0.47017561821710496,204.16108339343367,3708
2012,"Yunel Escobar","TOR",30,0,0,0,0.379310344,0.379310344,0.551724137,0.931034481,0.172413793,0.357142857,5.505091512177417,2.0817369609813188,0.4014056797685294,156.93019583682178,4191
2012,"Ben Francisco","TOR",6,0,0,0,0.5,0.5,0.833333333,1.333333333,0.333333333,0.5,1.8955114283843115,1.2108405181450919,0.5662882129351298,270.17078554397085,4677
2012,"Brett Lawrie","TOR",31,0,0,0,0.310344827,0.3,0.517241379,0.817241379,0.206896552,0.275862068,4.199058351466812,0.66159198189751,0.3415748357772827,115.83863855586137,5247
2012,"Adam Lind","TOR",22,0,0,0,0.318181818,0.318181818,0.318181818,0.636363636,0,0.318181818,1.9119652485215162,-0.5984947556889559,0.28112584352493286,74.32253980122624,8027
2012,"Colby Rasmus","TOR",32,0,0,0,0.387096774,0.387096774,0.741935483,1.129032257,0.354838709,0.344827586,7.779962234389015,4.12838404644651,0.47564488841641334,207.91735381664233,9893
2012,"Jeff Mathis","TOR",6,0,0,0,0.5,0.5,0.5,1,0,0.5,1.2955114666786294,0.6108405564394097,0.44176918268203735,184.65166993592152,3448
2012,"Omar Vizquel","TOR",12,0,0,0,0.3,0.25,0.3,0.55,0,0.25,0.4623403363821651,-0.9070014840962742,0.22088459134101868,32.949116000715506,411
2012,"Dewayne Wise","NYY",2,0,0,0,0,0,0,0,0,0,-0.27772371009882146,-0.505947346845228,0,-100,1554
2012,"Darnell McDonald","NYY",2,0,0,0,0,0,0,0,0,0,-0.27772371009882146,-0.505947346845228,0,-100,1867
2012,"Jayson Nix","NYY",14,0,0,0,0.23076923,0.23076923,0.615384615,0.846153845,0.384615385,0.166666666,2.0104982340101705,0.41293277678532464,0.35172752233651966,122.81145848408362,3790
2012,"Chris Stewart","NYY",10,0,0,0,0.111111111,0.1,0.111111111,0.211111111,0,0.1,-0.6790576848357427,-1.8201758685677754,0.08835383653640747,-58.07241636040813,3878
2012,"Travis Snider","TOR",7,0,0,0,0.666666666,0.571428571,1.333333333,1.904761904,0.666666667,0.5,3.1096232323971464,2.3108405037847235,0.7260627235685077,379.9032081166724,2830
2012,"Anthony Gose","TOR",9,0,0,0,0.444444444,0.444444444,0.777777777,1.222222221,0.333333333,0.375,2.5318995414454832,1.504893176086654,0.5232091082466973,240.584248235953,5097
2012,"Yan Gomes","TOR",2,0,0,0,0.5,0.5,1,1.5,0.5,0.5,0.7318371364123843,0.5036134996659778,0.628547728061676,312.93034334799546,9627
2012,"Moises Sierra","TOR",1,0,0,0,1,1,4,5,3,0,1.5141117848656755,1.3999999664924723,2.0582668781280518,1294.8550903770292,6050
2012,"Adeiny Hechavarria","TOR",5,0,0,0,0.4,0.4,0.6,1,0.2,0.4,1.0248124369225167,0.4542533450565004,0.42812676429748536,175.2821177266687,10459
2012,"Chris Dickerson","NYY",0,0,0,0,0,0,0,0,0,0,0,0,0,0,7095
2012,"Ichiro Suzuki","NYY",4,0,0,0,0,0,0,0,0,0,-0.5554474201976429,-1.011894693690456,0,-100,1101
2012,"Steve Pearce","NYY",3,0,0,0,0,0,0,0,0,0,-0.4165855651482322,-0.758921020267842,0,-100,9957
2012,"Lew Ford","BAL",5,0,0,0,0.2,0.2,0.2,0.4,0,0.2,0.015251590411310967,-0.5553075014547054,0.17670767307281493,2.6086052136742985,1724
2012,"Nate McLouth","BAL",11,0,0,0,0.09090909,0.09090909,0.09090909,0.18181818,0,0.09090909,-0.8179195398851533,-2.0731495419903894,0.08032166957855225,-63.588872867142875,3190
2012,"Manny Machado","BAL",12,0,0,0,0.333333333,0.333333333,0.416666666,0.749999999,0.083333333,0.333333333,1.4719011828933706,0.1025593624149314,0.32564254601796466,104.89641288112982,11493
2012,"Jim Thome","BAL",5,0,0,0,0.4,0.4,0.8,1.2,0.4,0.4,1.3248124177753584,0.7542533259093419,0.5028381824493409,226.59358709149836,409
2012,"Xavier Avery","BAL",0,0,0,0,0,0,0,0,0,0,0,0,0,0,8471
2012,"Jose Lobaton","TBR",3,0,0,0,0.333333333,0.333333333,0.666666666,0.999999999,0.333333333,0.333333333,0.5929752813629736,0.2506398262433638,0.419031818707784,169.03574958716683,4243
2012,"Ben Francisco","TBR",2,0,0,0,0.5,0.5,2,2.5,1.5,0,1.3752499298162648,1.1470262930698583,1.0291334390640259,588.0508262212694,4677
2012,"Ryan Roberts","TBR",2,0,0,0,0,0,0,0,0,0,-0.27772371009882146,-0.505947346845228,0,-100,5653
2013,"Nate McLouth","BAL",22,0,0,0,0.136363636,0.136363636,0.136363636,0.272727272,0,0.136363636,-0.9101778156820703,-3.3205482549730707,0.12108157168735158,-36.41390153925871,3190
2013,"J.J. Hardy","BAL",26,0,0,0,0.269230769,0.269230769,0.346153846,0.615384615,0.076923077,0.269230769,1.9267333581143662,-0.9218862519568158,0.2685232689747444,65.22467397582581,3797
2013,"Matt Wieters","BAL",25,0,0,0,0.125,0.12,0.208333333,0.328333333,0.083333333,0.12,-0.7187876035188577,-3.4578449208949946,0.13719515562057494,-25.30604163567079,4298
2013,"Nick Markakis","BAL",26,0,0,0,0.192307692,0.192307692,0.346153846,0.538461538,0.153846154,0.16,1.1862056938867391,-1.6624139161844431,0.23215745274837202,40.15598698501295,5930
2013,"Adam Jones","BAL",21,0,0,0,0.333333333,0.333333333,0.666666666,0.999999999,0.333333333,0.263157894,4.208418286870525,1.9076101402745704,0.42977860995701384,176.38565118358426,6368
2013,"Ryan Flaherty","BAL",4,0,0,0,0.25,0.25,0.25,0.5,0,0.25,0.15061814566001397,-0.2876310251201679,0.22198288142681122,33.14217098434422,7888
2013,"Chris Davis","BAL",22,0,0,0,0.318181818,0.318181818,0.954545454,1.272727272,0.636363636,0.166666666,6.272883751991263,3.8625133127002633,0.5379627699201758,250.96213880037476,9272
2013,"Steve Pearce","BAL",3,0,0,0,0,0,0,0,0,0,-0.4086096757986335,-0.7372965538837699,0,-100,9957
2013,"Manny Machado","BAL",34,0,0,0,0.333333333,0.323529411,0.606060606,0.929590017,0.272727273,0.28125,5.81950043327106,2.0943824816395136,0.3924459183917326,150.650451028888,11493
2013,"Nolan Reimold","BAL",2,0,0,0,0,0,0,0,0,0,-0.27240645053242235,-0.4915310359225133,0,-100,3441
2013,"Chris Dickerson","BAL",2,0,0,0,0.5,0.5,0.5,1,0,0.5,0.4230245961924363,0.20390001080234538,0.44396576285362244,186.16553053627064,7095
2013,"Alexi Casilla","BAL",3,0,0,0,0,0,0,0,0,0,-0.4086096757986335,-0.7372965538837699,0,-100,5248
2013,"Shelley Duncan","TBR",4,0,0,0,0,0,0,0,0,0,-0.5448129010648447,-0.9830620718450266,0,-100,3620
2013,"Ryan Roberts","TBR",6,0,0,0,0.166666666,0.166666666,0.166666666,0.333333332,0,0.166666666,-0.12178830487240838,-0.7791620610426813,0.14798858761787415,-17.865615532964583,5653
2013,"Sean Rodriguez","TBR",13,0,0,0,0.384615384,0.384615384,0.538461538,0.923076922,0.153846154,0.384615384,2.3065131931253933,0.8822033880898025,0.4004416878406818,156.1623152565098,6589
2013,"Sam Fuld","TBR",4,0,0,0,0,0,0,0,0,0,-0.5448129010648447,-0.9830620718450266,0,-100,8254
2013,"Kelly Johnson","TBR",8,0,0,0,0.375,0.375,0.75,1.125,0.375,0.285714285,1.9470017112478997,1.070503369687536,0.48464857041835785,214.21012500925883,2234
2013,"Jose Lobaton","TBR",3,0,0,0,0,0,0,0,0,0,-0.4086096757986335,-0.7372965538837699,0,-100,4243
2013,"J.P. Arencibia","TOR",25,0,0,0,0.04,0.04,0.04,0.08,0,0.04,-2.7096495849304207,-5.448706902306558,0.035517261028289795,-95.39745103927399,697
2013,"Mark DeRosa","TOR",13,0,0,0,0.153846153,0.153846153,0.153846153,0.307692306,0,0.153846153,-0.3797798350110279,-1.804089640046619,0.1366048501088069,-25.712967304858243,1392
2013,"Jose Bautista","TOR",23,0,0,0,0.478260869,0.478260869,1.173913043,1.652173912,0.695652174,0.333333333,9.568739142846576,7.04880641086053,0.7050982117652893,366.1765492402505,1887
2013,"Edwin Encarnacion","TOR",25,0,0,0,0.28,0.28,0.52,0.8,0.24,0.217391304,3.3636054418247574,0.6245481244486207,0.3456923460960388,118.42098964990427,2151
2013,"Maicer Izturis","TOR",13,0,0,0,0.333333333,0.307692307,0.5,0.807692307,0.166666667,0.307692307,1.6110821464005352,0.1867723413649441,0.33213926278627837,109.07820462514789,2437
2013,"Rajai Davis","TOR",23,0,0,0,0.478260869,0.478260869,0.565217391,1.04347826,0.086956522,0.478260869,5.117067220812434,2.5971344888263883,0.45797091722488403,195.8199496480452,3708
2013,"Melky Cabrera","TOR",12,0,0,0,0.272727272,0.25,0.363636363,0.613636363,0.090909091,0.25,0.7518543809609648,-0.5628931313795809,0.2539030611515045,55.146269262455384,4022
2013,"Brett Lawrie","TOR",20,0,0,0,0.25,0.25,0.4,0.65,0.15,0.210526315,1.7034251015030832,-0.48782075239782624,0.28265258073806765,74.96468068392478,5247
2013,"Colby Rasmus","TOR",16,0,0,0,0.25,0.25,0.25,0.5,0,0.25,0.6024725826400559,-1.1505241004806717,0.22198288142681122,33.14217098434422,9893
2013,"Emilio Bonifacio","TOR",12,0,0,0,0.25,0.25,0.583333333,0.833333333,0.333333333,0.181818181,1.702188754163978,0.38744124182343215,0.3550192266702652,124.85045209508966,4054
2013,"Adam Lind","TOR",22,0,0,0,0.476190476,0.454545454,0.904761904,1.359307358,0.428571428,0.4,6.728508146693464,4.318137707402464,0.5644057067957792,269.19051303858583,8027
2013,"Munenori Kawasaki","TOR",11,0,0,0,0.181818181,0.181818181,0.181818181,0.363636362,0,0.181818181,-0.10737338447860563,-1.3125586041241057,0.16144209558313544,-8.59147252981753,13047
2013,"Jose Molina","TBR",17,0,0,0,0.588235294,0.588235294,0.705882352,1.294117646,0.117647058,0.588235294,5.238855525684842,3.37629654986907,0.5673764453214758,271.2383844178134,25
2013,"Desmond Jennings","TBR",30,0,0,0,0.321428571,0.310344827,0.464285714,0.774630541,0.142857143,0.285714285,3.6820553844698685,0.39518660361850455,0.33061447842367764,108.02709823235905,1965
2013,"Matt Joyce","TBR",20,0,0,0,0.2,0.2,0.25,0.45,0.05,0.2,0.357659625556134,-1.8335862283447755,0.19673841297626496,15.739958040825645,3353
2013,"Luke Scott","TBR",14,0,0,0,0.153846153,0.142857142,0.23076923,0.373626372,0.076923077,0.142857142,-0.2159831162963162,-1.7498552140269528,0.15420751486505782,-13.578613156671802,3469
2013,"Yunel Escobar","TBR",30,0,0,0,0.2,0.2,0.2,0.4,0,0.2,0.08648952236281635,-3.2003792584885478,0.17758630514144896,2.537499073958928,4191
2013,"James Loney","TBR",23,0,0,0,0.285714285,0.260869565,0.333333333,0.594202898,0.047619048,0.260869565,1.3399120432072176,-1.1800206887788283,0.24828831786694733,51.275759631703366,4556
2013,"Ben Zobrist","TBR",30,0,0,0,0.344827586,0.344827586,0.379310344,0.72413793,0.034482758,0.344827586,3.4183622881131575,0.13149350726179349,0.31939163495754375,100.29065837774162,7435
2013,"Evan Longoria","TBR",26,0,0,0,0.384615384,0.384615384,0.653846153,1.038461537,0.269230769,0.333333333,5.6136953007140455,2.7650756906428633,0.4495825148545779,190.03742487078756,9368
2013,"Wil Myers","TBR",21,0,0,0,0.333333333,0.333333333,0.571428571,0.904761904,0.238095238,0.3,3.5580838576484344,1.25727571105248,0.39023804664611816,149.12846000957109,10047
2013,"Jose Reyes","TOR",23,0,0,0,0.272727272,0.260869565,0.409090909,0.669960474,0.136363637,0.227272727,1.9902464724293079,-0.529686259556738,0.2843905713247216,76.16276026884586,1736
2013,"Josh Thole","TOR",3,0,0,0,0.333333333,0.333333333,0.333333333,0.666666666,0,0.333333333,0.28682137092622517,-0.041865507158911276,0.2959771752357483,84.14995750165303,9689
2013,"Ichiro Suzuki","NYY",38,0,0,0,0.184210526,0.184210526,0.184210526,0.368421052,0,0.184210526,-0.3077052330420139,-4.4710723554537415,0.16356633368291354,-7.12713416089957,1101
2013,"Vernon Wells","NYY",16,0,0,0,0.25,0.25,0.25,0.5,0,0.25,0.6024725826400559,-1.1505241004806717,0.22198288142681122,33.14217098434422,1326
2013,"Lyle Overbay","NYY",23,0,0,0,0.38095238,0.347826086,0.571428571,0.919254657,0.190476191,0.347826086,3.6307739685997036,1.110841236613658,0.375461775323619,138.94247330246048,1617
2013,"Luis Alfonso Cruz","NYY",8,0,0,0,0.125,0.125,0.125,0.25,0,0.125,-0.39419475540483084,-1.2706930969651946,0.11099144071340561,-43.369508791619,3188
2013,"Robinson Cano","NYY",32,0,0,0,0.419354838,0.40625,0.580645161,0.986895161,0.161290323,0.40625,6.18210011880902,2.6761067525675646,0.42057251930236816,170.0394549757567,3269
2013,"Brent Lillibridge","NYY",4,0,0,0,0.25,0.25,0.25,0.5,0,0.25,0.15061814566001397,-0.2876310251201679,0.22198288142681122,33.14217098434422,3501
2013,"Chris Stewart","NYY",27,0,0,0,0.269230769,0.269230769,0.346153846,0.615384615,0.076923077,0.269230769,2.000838487272611,-0.9573434154936165,0.2685232689747444,65.22467397582581,3878
2013,"Alberto Gonzalez","NYY",1,0,0,0,0,0,0,0,0,0,-0.13620322526621118,-0.24576551796125665,0,-100,4906
2013,"Zoilo Almonte","NYY",2,0,0,0,0,0,0,0,0,0,-0.27240645053242235,-0.4915310359225133,0,-100,6732
2013,"Eduardo Nunez","NYY",27,0,0,0,0.423076923,0.423076923,0.576923076,0.999999999,0.153846153,0.423076923,5.481475085694851,2.523293182928623,0.4331196638254019,178.68879854386066,6848
2013,"Brett Gardner","NYY",21,0,0,0,0.476190476,0.476190476,0.571428571,1.047619047,0.095238095,0.476190476,4.664042681572726,2.363234534976771,0.45748073430288405,195.48204324266257,9927
2013,"Travis Hafner","NYY",3,0,0,0,0,0,0,0,0,0,-0.4086096757986335,-0.7372965538837699,0,-100,1573
2013,"Alfonso Soriano","NYY",15,0,0,0,0.466666666,0.466666666,0.666666666,1.133333332,0.2,0.428571428,3.7753033212838565,2.1318689308581744,0.4952609777450562,221.52576219545455,847
2013,"Alex Rodriguez","NYY",16,0,0,0,0.375,0.375,0.5625,0.9375,0.1875,0.333333333,2.943669049292786,1.1906723661720586,0.40881144627928734,161.93198788478313,1274
2013,"Curtis Granderson","NYY",15,0,0,0,0.266666666,0.266666666,0.533333333,0.799999999,0.266666667,0.266666666,1.9086756407826868,0.2652412503570048,0.336372705300649,111.99651792865608,4747
2013,"Mark Reynolds","NYY",12,0,0,0,0.25,0.25,0.5,0.75,0.25,0.181818181,1.4021888101830549,0.08744129784250929,0.3230990469455719,102.84635381697846,7619
2013,"Jayson Nix","NYY",0,0,0,0,0,0,0,0,0,0,0,0,0,0,3790
2013,"Brian Roberts","BAL",17,0,0,0,0.235294117,0.235294117,0.294117647,0.529411764,0.05882353,0.235294117,0.7662693013547676,-1.0962896744610053,0.23145695644266465,39.67310155995644,166
2013,"Wilson Betemit","BAL",4,0,0,0,0,0,0,0,0,0,-0.5448129010648447,-0.9830620718450266,0,-100,1861
2013,"Taylor Teagarden","BAL",1,0,0,0,0,0,0,0,0,0,-0.13620322526621118,-0.24576551796125665,0,-100,5199
2013,"Danny Valencia","BAL",14,0,0,0,0.5,0.5,0.785714285,1.285714285,0.285714285,0.5,4.1311720062234745,2.597299908492838,0.5506703683308193,259.72209086575293,6364
2013,"Brendan Ryan","NYY",9,0,0,0,0.444444444,0.444444444,0.777777777,1.222222221,0.333333333,0.375,2.506229532706547,1.5201688984511375,0.5294577876726786,245.09924996824373,6073
2013,"John Ryan Murphy","NYY",1,0,0,0,0,0,0,0,0,0,-0.13620322526621118,-0.24576551796125665,0,-100,10346
2013,"Anthony Gose","TOR",7,0,0,0,0.333333333,0.333333333,0.333333333,0.666666666,0,0.333333333,0.6692498654945254,-0.09768618337079298,0.2959771752357483,84.14995750165303,5097
2013,"Moises Sierra","TOR",8,0,0,0,0.375,0.375,0.375,0.75,0,0.375,0.9966673380448866,0.12016899648452281,0.3329743221402168,109.65385076030742,6050
2013,"Ryan Goins","TOR",10,0,0,0,0.3,0.3,0.3,0.6,0,0.3,0.7242608875124643,-0.3713620394379904,0.2663794577121735,63.746842894729504,9807
2013,"Kevin Pillar","TOR",5,0,0,0,0.4,0.4,1,1.4,0.6,0.25,1.6601803403216742,1.112368876846447,0.5978514075279235,292.2462255138222,12434
2014,"Delmon Young","BAL",10,0,0,0,0.1,0.1,0.1,0.2,0,0.1,-0.6191543543906769,-1.693542158064421,0.08915095925331115,-56.328155253894764,2140
2014,"Nelson Cruz","BAL",37,0,0,0,0.486486486,0.486486486,0.783783783,1.270270269,0.297297297,0.457142857,10.894849111536308,6.919614237943454,0.5537987383636268,267.88357896255644,2434
2014,"J.J. Hardy","BAL",21,0,0,0,0.315789473,0.3,0.315789473,0.615789473,0,0.3,1.5715717991800657,-0.6846425885347969,0.2674528777599335,68.08344598917894,3797
2014,"Matt Wieters","BAL",10,0,0,0,0.3,0.3,0.3,0.6,0,0.3,0.748367523419079,-0.3260202802546652,0.2674528777599335,68.08344598917894,4298
2014,"Steve Lombardozzi Jr.","BAL",11,0,0,0,0.363636363,0.363636363,0.363636363,0.727272726,0,0.363636363,1.3018369329944015,0.12001034895328282,0.32418530637567694,107.66895547561148,5422
2014,"Nick Markakis","BAL",33,0,0,0,0.303030303,0.303030303,0.393939393,0.696969696,0.09090909,0.303030303,3.4379889486024258,-0.10749080352093011,0.30571348558772693,94.78009358701323,5930
2014,"Adam Jones","BAL",38,0,0,0,0.459459459,0.447368421,0.648648648,1.096017069,0.189189189,0.432432432,8.826827258795335,4.744153604835107,0.4727388934085244,211.32341857928486,6368
2014,"Chris Davis","BAL",14,0,0,0,0.285714285,0.285714285,0.285714285,0.57142857,0,0.285714285,0.9109623450057353,-0.5931805801375066,0.2547170264380319,59.19690304324512,9272
2014,"Jonathan Schoop","BAL",31,0,0,0,0.29032258,0.29032258,0.354838709,0.645161289,0.064516129,0.29032258,2.714811059213667,-0.6157911321749404,0.28406083007012645,79.67177861950321,11265
2014,"David Lough","BAL",9,0,0,0,0.333333333,0.333333333,0.666666666,0.999999999,0.333333333,0.333333333,1.748659047262839,0.7817100239564692,0.42320698499679565,176.76213012124973,7215
2014,"Ryan Flaherty","BAL",24,0,0,0,0.458333333,0.458333333,0.583333333,1.041666666,0.125,0.458333333,5.294373651473303,2.715842922656317,0.4575022757053375,200.69194572773708,7888
2014,"Steve Clevenger","BAL",4,0,0,0,0.25,0.25,0.5,0.75,0.25,0.25,0.4625948307296486,0.03283970926015087,0.32066482305526733,105.21250985399342,9542
2014,"Brian Roberts","NYY",13,0,0,0,0.461538461,0.461538461,0.461538461,0.923076922,0,0.461538461,2.4087757521450466,1.0120716073691791,0.41146596578451305,168.5697393008923,166
2014,"Carlos Beltran","NYY",22,0,0,0,0.5,0.5,0.954545454,1.454545454,0.454545454,0.45,7.762895470002504,5.399242301920267,0.6299471123652025,321.01672088800694,589
2014,"Derek Jeter","NYY",27,0,0,0,0.37037037,0.37037037,0.518518518,0.888888888,0.148148148,0.346153846,4.573707481657323,1.6728604117382129,0.39074302602697303,154.11014100103694,826
2014,"Alfonso Soriano","NYY",10,0,0,0,0.444444444,0.4,0.777777777,1.177777777,0.333333333,0.4,2.3321284897529346,1.2577406860791904,0.47394874691963196,212.16760362141525,847
2014,"Ichiro Suzuki","NYY",13,0,0,0,0.461538461,0.461538461,0.692307692,1.153846153,0.230769231,0.461538461,3.278775746659251,1.8820716018833834,0.4987224340438843,229.45364355658663,1101
2014,"Mark Teixeira","NYY",21,0,0,0,0.25,0.238095238,0.65,0.888095238,0.4,0.157894736,3.190621347616806,0.9344069599019436,0.36797521511713666,138.22371736736716,1281
2014,"Jacoby Ellsbury","NYY",23,0,0,0,0.260869565,0.260869565,0.52173913,0.782608695,0.260869565,0.260869565,2.875860480792674,0.4047685323430623,0.3329061192014943,113.753972938622,4727
2014,"Brian McCann","NYY",19,0,0,0,0.315789473,0.315789473,0.421052631,0.736842104,0.105263158,0.315789473,2.2270265944536987,0.18568976747358465,0.3227029976091887,106.63466258229862,4810
2014,"Yangervis Solarte","NYY",7,0,0,0,0.285714285,0.285714285,0.428571428,0.714285713,0.142857143,0.285714285,0.7554811816458602,0.0034097190742391733,0.310595554964883,98.18659685786392,5352
2014,"Kelly Johnson","NYY",3,0,0,0,0.333333333,0.333333333,0.666666666,0.999999999,0.333333333,0.333333333,0.5928863600592041,0.2705700189570808,0.42755309740702313,179.79466509713515,2234
2014,"Brett Gardner","NYY",16,0,0,0,0.333333333,0.333333333,0.666666666,0.999999999,0.333333333,0.285714285,3.2196278914459633,1.5006074055679726,0.4322442293167114,183.06794021057772,9927
2014,"David DeJesus","TBR",18,0,0,0,0.333333333,0.333333333,0.611111111,0.944444444,0.277777778,0.294117647,3.311287499146802,1.3773894525340626,0.40973183512687683,167.35973565265218,1825
2014,"Desmond Jennings","TBR",17,0,0,0,0.294117647,0.294117647,0.588235294,0.882352941,0.294117647,0.25,2.7578180895714794,0.9313588233261144,0.3813919670441571,147.58536420045897,1965
2014,"Matt Joyce","TBR",20,0,0,0,0.2,0.2,0.35,0.55,0.15,0.157894736,1.0831825443919503,-1.0655930629555381,0.24049272239208222,49.2717802080738,3353
2014,"Yunel Escobar","TBR",15,0,0,0,0.333333333,0.333333333,0.666666666,0.999999999,0.333333333,0.285714285,3.0184011482305904,1.4068194427199743,0.4322442293167114,183.0679402105777,4191
2014,"James Loney","TBR",26,0,0,0,0.384615384,0.384615384,0.5,0.884615384,0.115384616,0.384615384,4.350029653909315,1.5566213643575795,0.38802096247673035,152.21079921151767,4556
2014,"Ryan Hanigan","TBR",11,0,0,0,0.272727272,0.272727272,0.272727272,0.545454544,0,0.272727272,0.6180759940895233,-0.5637505899515953,0.2431389797817577,51.11822763785069,4952
2014,"Ben Zobrist","TBR",29,0,0,0,0.275862068,0.275862068,0.379310344,0.655172412,0.103448276,0.275862068,2.591633188110892,-0.5240914425429661,0.2863974427354747,81.30216894629055,7435
2014,"Evan Longoria","TBR",25,0,0,0,0.333333333,0.32,0.375,0.695,0.041666667,0.32,2.5127992871431286,-0.17317022204123184,0.300929057598114,91.44172038157956,9368
2014,"Wil Myers","TBR",19,0,0,0,0.210526315,0.210526315,0.315789473,0.526315788,0.105263158,0.210526315,0.8595047166439426,-1.1818321103361715,0.22885988260570325,41.154872454365076,10047
2014,"Jose Molina","TBR",9,0,0,0,0,0,0,0,0,0,-1.1726237639659993,-2.1395727872723693,0,-100,25
2014,"Brandon Guyer","TBR",6,0,0,0,0.166666666,0.166666666,0.166666666,0.333333332,0,0.166666666,-0.09798823707245502,-0.7426209192767015,0.14858493208885193,-14.857621506203536,2636
2014,"Sean Rodriguez","TBR",10,0,0,0,0.5,0.5,1.1,1.6,0.6,0.444444444,3.9698588040213605,2.8954710003476163,0.6874813139438629,361.16167392381556,6589
2014,"Logan Forsythe","TBR",8,0,0,0,0,0,0,0,0,0,-1.0423322346364439,-1.9018424775754392,0,-100,7185
2014,"Jose Reyes","TOR",34,0,0,0,0.28125,0.272727272,0.3125,0.585227272,0.03125,0.272727272,2.2195076275149437,-1.4334109049757864,0.2549920009844231,59.388768750042566,1736
2014,"Jose Bautista","TOR",30,0,0,0,0.4,0.4,0.733333333,1.133333333,0.333333333,0.333333333,7.4582935222055085,4.235130111184276,0.49402376810709636,226.17511151499028,1887
2014,"Edwin Encarnacion","TOR",21,0,0,0,0.476190476,0.476190476,1.19047619,1.666666666,0.714285714,0.3125,8.871334149945856,6.615119762230993,0.7206750625655765,384.32287965775197,2151
2014,"Dioner Navarro","TOR",25,0,0,0,0.36,0.36,0.44,0.8,0.08,0.36,3.4965602351909992,0.8105907260066387,0.3522354292869568,127.24115489828756,3179
2014,"Melky Cabrera","TOR",26,0,0,0,0.461538461,0.461538461,1,1.461538461,0.538461539,0.363636363,9.233429024030272,6.440020734478536,0.6329107238696172,323.0846047100923,4022
2014,"Erik Kratz","TOR",3,0,0,0,0.333333333,0.333333333,1.333333333,1.666666666,1,0,1.2468557262797595,0.9245393851776363,0.7117752234141032,378.11294513256917,4403
2014,"Steve Tolleson","TOR",8,0,0,0,0.375,0.375,0.375,0.75,0,0.375,1.0089505820781899,0.14944033913919458,0.33431609719991684,114.73779645533155,4450
2014,"Anthony Gose","TOR",24,0,0,0,0.347826086,0.347826086,0.434782608,0.782608694,0.086956522,0.347826086,3.2070076747254603,0.6284769459084741,0.3441033104191656,121.56690339098628,5097
2014,"Brett Lawrie","TOR",13,0,0,0,0.076923076,0.076923076,0.153846153,0.230769229,0.076923077,0.076923076,-0.7100289332363509,-2.106733078012218,0.09866609940162072,-49.68888949714699,5247
2014,"Kevin Pillar","TOR",17,0,0,0,0.352941176,0.352941176,0.352941176,0.705882352,0,0.352941176,1.8876096348268243,0.06115036858145913,0.31465044442345114,101.01592867116902,12434
2014,"Juan Francisco","TOR",11,0,0,0,0.272727272,0.272727272,0.363636363,0.636363635,0.090909091,0.272727272,0.9180760032325159,-0.26375058080860275,0.27869804338975385,75.92985097442629,6978
2014,"Adam Lind","TOR",14,0,0,0,0.5,0.5,0.642857142,1.142857142,0.142857142,0.5,3.5322451470915803,2.0281022219483384,0.4988393953868321,229.5352542766594,8027
2014,"Kevin Kiermaier","TBR",11,0,0,0,0.454545454,0.454545454,0.909090909,1.363636363,0.454545455,0.4,3.5095672326340397,2.327740648592921,0.5858680389144204,290.2601919888567,11038
2014,"Jerry Sands","TBR",1,0,0,0,0,0,0,0,0,0,-0.13029152932955548,-0.2377303096969299,0,-100,4016
2014,"Nick Hundley","BAL",6,0,0,0,0.166666666,0.166666666,0.666666666,0.833333332,0.5,0,0.8559811382910932,0.21134845608684663,0.3558876117070516,129.78949462856883,3376
2014,"Caleb Joseph","BAL",11,0,0,0,0.6,0.545454545,0.9,1.445454545,0.3,0.5,3.623328186167706,2.4415016021265874,0.5993521484461698,299.6688381337362,7087
2014,"Steve Pearce","BAL",22,0,0,0,0.318181818,0.318181818,0.409090909,0.727272727,0.090909091,0.318181818,2.5199129453699105,0.15625977728767307,0.3192212066867135,104.20521489330669,9957
2014,"Manny Machado","BAL",9,0,0,0,0.444444444,0.444444444,0.555555555,0.999999999,0.111111111,0.444444444,1.8624200007965048,0.895470977490135,0.4396875633133782,188.26158652054676,11493
2014,"Dan Johnson","TOR",2,0,0,0,0,0,0,0,0,0,-0.26058305865911097,-0.4754606193938598,0,-100,2167
2014,"Josh Thole","TOR",7,0,0,0,0.5,0.5,0.5,1,0,0.5,1.4811225808601844,0.7290511182885635,0.4457547962665558,192.49504723225263,9689
2014,"Ryan Goins","TOR",15,0,0,0,0.466666666,0.466666666,0.6,1.066666666,0.133333334,0.466666666,3.4319536506767983,1.820371945166182,0.4681911031405131,208.1501612520512,9807
2014,"Colby Rasmus","TOR",11,0,0,0,0.363636363,0.363636363,1,1.363636363,0.636363637,0.222222222,3.50977569286449,2.3279491088233715,0.5858927477489818,290.2774327773933,9893
2014,"Munenori Kawasaki","TOR",12,0,0,0,0.363636363,0.363636363,0.454545454,0.818181817,0.090909091,0.363636363,1.7474584823317025,0.4581931179232095,0.3597443699836731,132.48057881218708,13047
2014,"Danny Valencia","TOR",8,0,0,0,0.142857142,0.125,0.142857142,0.267857142,0,0.125,-0.3585712957315659,-1.2180815386705612,0.11143869906663895,-40.77670509851054,6364
2014,"Martin Prado","NYY",5,0,0,0,0.2,0.2,0.2,0.4,0,0.2,0.03230329225710045,-0.5048906095797716,0.1783019185066223,5.8776453676420735,3312
2014,"Stephen Drew","NYY",15,0,0,0,0.266666666,0.266666666,0.466666666,0.733333332,0.2,0.266666666,1.6806708431051571,0.06908913759454083,0.31596583127975464,101.93375045579964,4251
2014,"Chase Headley","NYY",16,0,0,0,0.3125,0.3125,0.4375,0.75,0.125,0.3125,1.934140243537487,0.2151197576594963,0.3274904601275921,109.97515315466248,4720
2014,"Francisco Cervelli","NYY",11,0,0,0,0.545454545,0.545454545,0.545454545,1.09090909,0,0.545454545,2.669358810804157,1.4875322267630384,0.4862779595635154,220.770411151133,5275
2014,"John Mayberry Jr.","TOR",2,0,0,0,0.5,0.5,1,1.5,0.5,0.5,0.7231778893887595,0.5083003286540106,0.6413296461105347,328.95897558341846,3390
2014,"Marcus Stroman","TOR",0,0,0,0,0,0,0,0,0,0,0,0,0,0,13431
2014,"Alejandro De Aza","BAL",11,0,0,0,0.454545454,0.454545454,1.09090909,1.545454544,0.636363636,0.333333333,4.193536631769368,3.0117100477282497,0.666939074342901,346.82816061515405,3371
2014,"Kelly Johnson","BAL",1,0,0,0,1,1,2,3,1,1,0.853469418718315,0.7460306383509406,1.2826592922210693,776.4519070422685,2234
2014,"Nick Franklin","TBR",8,0,0,0,0.142857142,0.125,0.142857142,0.267857142,0,0.125,-0.3585712957315659,-1.2180815386705612,0.11143869906663895,-40.77670509851054,10166
2014,"Antoan Richardson","NYY",5,0,0,0,0.2,0.2,0.2,0.4,0,0.2,0.03230329225710045,-0.5048906095797716,0.1783019185066223,5.8776453676420735,209
2014,"Chris Young","NYY",9,0,0,0,0.555555555,0.555555555,0.666666666,1.222222221,0.111111111,0.555555555,2.546180939701383,1.5792319163950133,0.5387441847059462,257.37914276669886,3882
2014,"Jose Pirela","NYY",10,0,0,0,0.3,0.3,0.6,0.9,0.3,0.3,1.6183675179332835,0.5439797142595392,0.3808862864971161,147.23252152158162,5485
2014,"Austin Romine","NYY",7,0,0,0,0.428571428,0.428571428,0.571428571,0.999999999,0.142857143,0.428571428,1.439242120550738,0.687170657979117,0.4379540681838989,187.05202631720223,5491
2014,"Brendan Ryan","NYY",6,0,0,0,0,0,0,0,0,0,-0.781749175977333,-1.4263818581815795,0,-100,6073
2014,"Zelous Wheeler","NYY",4,0,0,0,0,0,0,0,0,0,-0.5211661173182219,-0.9509212387877196,0,-100,8822
2014,"Eury Perez","NYY",7,0,0,0,0.285714285,0.285714285,0.285714285,0.57142857,0,0.285714285,0.4554811725028676,-0.2965902900687533,0.2547170264380319,59.19690304324512,10299
2014,"John Ryan Murphy","NYY",4,0,0,0,0.5,0.5,0.75,1.25,0.25,0.5,1.1463557696345266,0.7166006481650288,0.5435422211885452,260.72701140783556,10346
2015,"Travis Snider","BAL",13,0,0,0,0.384615384,0.384615384,0.538461538,0.923076922,0.153846154,0.384615384,2.2973177664023354,0.8355991549831345,0.3936513845737164,152.71207911268064,2830
2015,"Alejandro De Aza","BAL",8,0,0,0,0,0,0,0,0,0,-1.102637022985784,-2.002156168474523,0,-100,3371
2015,"Adam Jones","BAL",16,0,0,0,0.5625,0.5625,0.8125,1.375,0.25,0.533333333,5.375560077652059,3.5765217866745815,0.5929582342505455,290.3350099779145,6368
2015,"Caleb Joseph","BAL",10,0,0,0,0.3,0.3,0.6,0.9,0.3,0.222222222,1.6796143143836524,0.5552153825227286,0.3826941967010498,145.1460556091107,7087
2015,"Everth Cabrera","BAL",11,0,0,0,0.272727272,0.272727272,0.272727272,0.545454544,0,0.272727272,0.5953358872246054,-0.6415029378224107,0.24022468653592197,46.76975002979175,8155
2015,"Chris Davis","BAL",23,0,0,0,0.391304347,0.391304347,0.652173913,1.04347826,0.260869566,0.363636363,5.010752568234755,2.4246350249546307,0.44514022184454877,188.26552197500516,9272
2015,"Steve Pearce","BAL",21,0,0,0,0.238095238,0.238095238,0.333333333,0.571428571,0.095238095,0.238095238,1.2246806900743374,-1.1365570668336025,0.24547679083687918,50.396368925628245,9957
2015,"Jonathan Schoop","BAL",11,0,0,0,0.181818181,0.181818181,0.181818181,0.363636362,0,0.181818181,-0.10848471071874759,-1.3453235357657638,0.16014979102394797,-8.5225885273331,11265
2015,"Jimmy Paredes","BAL",19,0,0,0,0.526315789,0.526315789,0.631578947,1.157894736,0.105263158,0.526315789,5.0194429355375485,2.8830849650017933,0.5031122031964754,228.29562628227507,5481
2015,"Manny Machado","BAL",30,0,0,0,0.275862068,0.266666666,0.344827586,0.611494252,0.068965518,0.266666666,2.095675833045389,-1.2775209625373822,0.2599161386489868,60.36685096830227,11493
2015,"Ryan Flaherty","BAL",20,0,0,0,0.529411764,0.47368421,0.882352941,1.356037151,0.352941177,0.444444444,5.854811662871207,3.6060137991493595,0.5388539527591906,252.97558252586572,7888
2015,"Delmon Young","BAL",8,0,0,0,0.125,0.125,0.125,0.25,0,0.125,-0.3988164250424313,-1.2983355705311703,0.11010298132896423,-43.08030012553613,2140
2015,"Ryan Lavarnway","BAL",1,0,0,0,0,0,0,0,0,0,-0.137829627873223,-0.2502695210593154,0,-100,8879
2015,"Jose Reyes","TOR",14,0,0,0,0.357142857,0.357142857,0.428571428,0.785714285,0.071428571,0.357142857,1.8894881423392704,0.3153296377339772,0.34139756645475117,116.63041102103502,1736
2015,"Jose Bautista","TOR",25,0,0,0,0.25,0.24,0.375,0.615,0.125,0.208333333,1.7236316901153654,-1.087365639536944,0.2587765407562256,59.579949754099395,1887
2015,"Edwin Encarnacion","TOR",28,0,0,0,0.357142857,0.357142857,0.357142857,0.714285714,0,0.357142857,3.178976398983284,0.030659389772697748,0.31457994665418354,98.11263583283623,2151
2015,"Russell Martin","TOR",21,0,0,0,0.38095238,0.38095238,0.714285714,1.095238094,0.333333334,0.35,4.85259122222769,2.491353465319751,0.4616811105183193,199.68713433850886,4616
2015,"Josh Donaldson","TOR",31,0,0,0,0.419354838,0.419354838,0.677419354,1.096774192,0.258064516,0.379310344,7.339846846802792,3.8542101580339283,0.46880643983041087,204.6072296834508,5038
2015,"Michael Saunders","TOR",6,0,0,0,0.333333333,0.333333333,0.333333333,0.666666666,0,0.333333333,0.5806634286473675,-0.09397593046918667,0.2936079502105713,83.63130906787497,9981
2015,"Kevin Pillar","TOR",33,0,0,0,0.4375,0.424242424,0.53125,0.955492424,0.09375,0.424242424,6.205110479933466,2.4945940047924173,0.40781436183235864,162.49172513725279,12434
2015,"Dalton Pompey","TOR",6,0,0,0,0,0,0,0,0,0,-0.826977767239338,-1.5016171263558924,0,-100,12797
2015,"Devon Travis","TOR",9,0,0,0,0.333333333,0.333333333,0.666666666,0.999999999,0.333333333,0.25,1.8174439422568753,0.8054849035820439,0.42521577411227757,174.50753574807663,13862
2015,"Danny Valencia","TOR",7,0,0,0,0.428571428,0.428571428,0.857142857,1.285714285,0.428571429,0.333333333,2.093103198003321,1.3060239457006746,0.546705995287214,258.397479002265,6364
2015,"Ryan Goins","TOR",23,0,0,0,0.391304347,0.391304347,0.739130434,1.130434781,0.347826087,0.363636363,5.5807525072722255,2.9946349639921004,0.4761553847271463,209.68173332994246,9807
2015,"Josh Thole","TOR",5,0,0,0,0,0,0,0,0,0,-0.689148139366115,-1.2513476052965768,0,-100,9689
2015,"Carlos Beltran","NYY",17,0,0,0,0.4375,0.411764705,0.8125,1.224264705,0.375,0.375,4.430089139587388,2.5186109554238176,0.49862220006830554,225.19524417752166,589
2015,"Mark Teixeira","NYY",19,0,0,0,0.157894736,0.157894736,0.315789473,0.473684209,0.157894737,0.111111111,0.4391476635246451,-1.69721030701111,0.20141799826371043,19.973429753519046,1281
2015,"Alex Rodriguez","NYY",28,0,0,0,0.357142857,0.357142857,0.714285714,1.071428571,0.357142857,0.28,6.318322739688384,3.1700057304777975,0.45489630103111267,195.0021705828443,1274
2015,"Garrett Jones","NYY",4,0,0,0,0.25,0.25,0.25,0.5,0,0.25,0.15250208645046076,-0.29725748629390875,0.22020596265792847,32.94666539051053,2714
2015,"Stephen Drew","NYY",19,0,0,0,0.315789473,0.315789473,0.578947368,0.894736841,0.263157895,0.277777777,3.1506093430499607,1.0142513725142055,0.38001615122744914,143.29684436692355,4251
2015,"Chase Headley","NYY",19,0,0,0,0.47368421,0.47368421,0.631578947,1.105263157,0.157894737,0.47368421,4.615622280441823,2.479264309906068,0.47651340459522445,209.92894883524386,4720
2015,"Jacoby Ellsbury","NYY",30,0,0,0,0.366666666,0.366666666,0.466666666,0.833333332,0.1,0.344827586,4.553586540466014,1.1803897448832432,0.3624510924021403,131.16803454288123,4727
2015,"Brian McCann","NYY",23,0,0,0,0.217391304,0.217391304,0.434782608,0.652173912,0.217391304,0.181818181,1.8954702336137155,-0.6906473096664091,0.2756296966386878,71.2171850555149,4810
2015,"Didi Gregorius","NYY",32,0,0,0,0.387096774,0.387096774,0.516129032,0.903225806,0.129032258,0.366666666,5.594402532525185,1.996325950570229,0.39128397741625387,151.0773660454197,6012
2015,"Brett Gardner","NYY",29,0,0,0,0.413793103,0.413793103,0.724137931,1.137931034,0.310344828,0.37037037,7.2416853941113,3.980928491714621,0.48500576101500414,215.79298703732954,9927
2015,"Gregorio Petit","NYY",3,0,0,0,0.333333333,0.333333333,0.333333333,0.666666666,0,0.333333333,0.29033171432368376,-0.04698796523459334,0.2936079502105713,83.63130906787497,3812
2015,"Chris Young","NYY",18,0,0,0,0.388888888,0.388888888,0.722222222,1.11111111,0.333333334,0.352941176,4.292259511714165,2.268341434364502,0.47092096673117745,206.0673269653492,3882
2015,"David DeJesus","TBR",10,0,0,0,0.6,0.6,0.7,1.3,0.1,0.6,3.144627251775515,2.020228319914591,0.566038978099823,271.7470540989194,1825
2015,"Brandon Guyer","TBR",20,0,0,0,0.35,0.35,0.8,1.15,0.45,0.277777777,4.963049055253542,2.7142511915316945,0.4830523908138275,214.44416971074673,2636
2015,"Rene Rivera","TBR",5,0,0,0,0.4,0.4,0.6,1,0.2,0.4,1.0184929993682188,0.456293533437757,0.4274188756942749,176.028794536723,3648
2015,"James Loney","TBR",35,0,0,0,0.228571428,0.228571428,0.285714285,0.514285713,0.057142857,0.228571428,1.406527693679274,-2.528868567833959,0.22278526169913157,34.72769145260441,4556
2015,"Asdrubal Cabrera","TBR",36,0,0,0,0.333333333,0.333333333,0.527777777,0.86111111,0.194444444,0.314285714,5.630429142560544,1.5825929878612182,0.3682262036535475,135.15579380845682,4962
2015,"Steven Souza Jr.","TBR",20,0,0,0,0.631578947,0.6,0.894736842,1.494736842,0.263157895,0.578947368,7.235703302836854,4.986905439115007,0.6252624988555908,312.6413561050102,5667
2015,"Logan Forsythe","TBR",33,0,0,0,0.3125,0.303030303,0.5,0.803030303,0.1875,0.28125,4.336276887445878,0.6257604123048296,0.3369408773653435,113.55303251932315,7185
2015,"Joey Butler","TBR",15,0,0,0,0.133333333,0.133333333,0.333333333,0.466666666,0.2,0.071428571,0.2866455770741844,-1.3999528207172012,0.1964078744252523,16.513900250321317,7799
2015,"Evan Longoria","TBR",32,0,0,0,0.516129032,0.5,0.93548387,1.43548387,0.419354838,0.448275862,10.889927644398494,7.291851062443539,0.598386861383915,294.08351926337184,9368
2015,"Kevin Kiermaier","TBR",25,0,0,0,0.375,0.375,0.583333333,0.958333333,0.208333333,0.347826086,4.7322115113084555,1.9212141816561463,0.40938474237918854,163.57608512678107,11038
2015,"Bobby Wilson","TBR",2,0,0,0,0.5,0.5,0.5,1,0,0.5,0.4281613421969068,0.20328155582472207,0.44041192531585693,185.00059642260388,6564
2015,"Justin Smoak","TOR",8,0,0,0,0.625,0.625,1.625,2.25,1,0.5,4.879363504340098,3.9798443588513592,0.9358011037111282,527.0706796145489,9054
2015,"Chris Colabello","TOR",16,0,0,0,0.5,0.5,0.75,1.25,0.25,0.466666666,4.671739479708707,2.8727011887312286,0.5379067435860634,252.32152721989124,13051
2015,"Ezequiel Carrera","TOR",3,0,0,0,0,0,0,0,0,0,-0.413488883619669,-0.7508085631779462,0,-100,9048
2015,"Chris Parmelee","BAL",9,0,0,0,0.444444444,0.444444444,1,1.444444444,0.555555556,0.444444444,3.04481550849476,2.0328564698199285,0.59588713116116,292.3574360896838,2554
2015,"J.J. Hardy","BAL",16,0,0,0,0.3125,0.3125,0.375,0.6875,0.0625,0.3125,1.6138288865928243,-0.18520940438465375,0.29872287064790726,87.16320143820778,3797
2015,"Matt Wieters","BAL",11,0,0,0,0.272727272,0.272727272,0.545454545,0.818181817,0.272727273,0.2,1.541784686510429,0.30494586146341296,0.3479038151827725,121.12302640450217,4298
2015,"David Lough","BAL",6,0,0,0,0.2,0.2,0.8,1,0.6,0,1.153345509435674,0.4787061503191197,0.41305885314941404,166.11308720845483,7215
2015,"Nolan Reimold","BAL",12,0,0,0,0.25,0.25,0.333333333,0.583333333,0.083333333,0.25,0.7575062021990105,-0.5917725160340979,0.2514931857585907,54.55073644340908,3441
2015,"Cole Figueroa","NYY",4,0,0,0,0,0,0,0,0,0,-0.551318511492892,-1.0010780842372615,0,-100,8790
2015,"John Ryan Murphy","NYY",6,0,0,0,0.166666666,0.166666666,0.666666666,0.833333332,0.5,0,0.8232916299898386,0.14865227087328434,0.34421571095784503,118.57636173344856,10346
2015,"Rob Refsnyder","NYY",7,0,0,0,0.285714285,0.285714285,0.714285714,0.999999999,0.428571429,0.166666666,1.3892826000599683,0.6022033477573218,0.4208740166255406,171.50951841249739,13770
2015,"John Jaso","TBR",9,0,0,0,0.666666666,0.666666666,1,1.666666666,0.333333334,0.666666666,3.882456765343995,2.870497726669164,0.7123647928237915,372.786167988927,5887
2015,"Tim Beckham","TBR",5,0,0,0,0.2,0.2,0.2,0.4,0,0.2,0.01467245857723773,-0.5475270073532241,0.17616477012634277,2.5358791840918693,7949
2015,"Curt Casali","TBR",4,0,0,0,0,0,0,0,0,0,-0.551318511492892,-1.0010780842372615,0,-100,12510
2015,"Mikie Mahtook","TBR",15,0,0,0,0.333333333,0.333333333,0.6,0.933333333,0.266666667,0.285714285,2.6981073137518714,1.0115089159604858,0.39760242303212484,155.44030191831487,13130
2015,"Grady Sizemore","TBR",5,0,0,0,0.2,0.2,0.4,0.6,0.2,0.2,0.31467240142486613,-0.24752706450559572,0.25125410556793215,54.3856497110484,2197
2015,"Brendan Ryan","NYY",1,0,0,0,0,0,0,0,0,0,-0.137829627873223,-0.2502695210593154,0,-100,6073
2015,"Greg Bird","NYY",7,0,0,0,0.428571428,0.428571428,0.857142857,1.285714285,0.428571429,0.333333333,2.093103198003321,1.3060239457006746,0.546705995287214,258.397479002265,14131
2015,"Jose Pirela","NYY",1,0,0,0,1,1,1,2,0,1,0.5659909700701298,0.45355107688403745,0.8808238506317139,489.1084584867905,5485
2015,"Troy Tulowitzki","TOR",10,0,0,0,0.2,0.2,0.2,0.4,0,0.2,0.02934491715447546,-1.0950540147064483,0.17616477012634277,2.5358791840918693,3531
2015,"Ben Revere","TOR",6,0,0,0,0.5,0.5,0.5,1,0,0.5,1.2844840265907205,0.6098446674741662,0.44041192531585693,185.00059642260388,4712
2015,"Cliff Pennington","TOR",6,0,0,0,0,0,0,0,0,0,-0.826977767239338,-1.5016171263558924,0,-100,3395
2015,"Matt Hague","TOR",1,0,0,0,1,1,1,2,0,1,0.5659909700701298,0.45355107688403745,0.8808238506317139,489.1084584867905,7772
2015,"Munenori Kawasaki","TOR",1,0,0,0,1,1,1,2,0,1,0.5659909700701298,0.45355107688403745,0.8808238506317139,489.1084584867905,13047
2015,"J.P. Arencibia","TBR",5,0,0,0,0.2,0.2,0.2,0.4,0,0.2,0.01467245857723773,-0.5475270073532241,0.17616477012634277,2.5358791840918693,697
2015,"Richie Shaffer","TBR",7,0,0,0,0.285714285,0.285714285,0.714285714,0.999999999,0.428571429,0.166666666,1.3892826000599683,0.6022033477573218,0.4208740166255406,171.50951841249739,13271
2015,"Luke Maile","TBR",6,0,0,0,0.166666666,0.166666666,0.333333333,0.499999999,0.166666667,0.166666666,0.17684277355164305,-0.49779658556491124,0.2093784213066101,25.470163818943195,13355
2015,"Daniel Nava","TBR",2,0,0,0,0.5,0.5,0.5,1,0,0.5,0.4281613421969068,0.20328155582472207,0.44041192531585693,185.00059642260388,5450
2015,"Nick Franklin","TBR",2,0,0,0,0.5,0.5,0.5,1,0,0.5,0.4281613421969068,0.20328155582472207,0.44041192531585693,185.00059642260388,10166
2015,"Christian Walker","BAL",2,0,0,0,0,0,0,0,0,0,-0.275659255746446,-0.5005390421186308,0,-100,13419
2015,"Dariel Alvarez","BAL",2,0,0,0,0.5,0.5,0.5,1,0,0.5,0.4281613421969068,0.20328155582472207,0.44041192531585693,185.00059642260388,15580
2015,"Gerardo Parra","BAL",6,0,0,0,0.166666666,0.166666666,0.333333333,0.499999999,0.166666667,0.166666666,0.17684277355164305,-0.49779658556491124,0.2093784213066101,25.470163818943195,8553
2015,"Paul Janish","BAL",3,0,0,0,0,0,0,0,0,0,-0.413488883619669,-0.7508085631779462,0,-100,7412
2016,"J.J. Hardy","BAL",17,0,0,0,0.4375,0.411764705,1.125,1.536764705,0.6875,0.285714285,6.02713684733019,4.024460516823388,0.6050131671568927,295.28968721504134,3797
2016,"Caleb Joseph","BAL",4,0,0,0,0.75,0.75,0.75,1.5,0,0.75,1.5958150740750843,1.1245971139558368,0.658840611577034,332.2834573953672,7087
2016,"Pedro Alvarez","BAL",5,0,0,0,0.4,0.4,0.6,1,0.2,0.4,1.0262531585891124,0.4372307084400532,0.4240947365760803,170.95060862063858,2495
2016,"Hyun Soo Kim","BAL",4,0,0,0,0,0,0,0,0,0,-0.5787831907729497,-1.0500011508921971,0,-100,18718
2016,"Jose Bautista","TOR",25,0,0,0,0.36,0.36,0.8,1.16,0.44,0.272727272,6.319302642349646,3.3741903916043494,0.4816852855682373,210.53063247139852,1887
2016,"Edwin Encarnacion","TOR",28,0,0,0,0.392857142,0.392857142,0.857142857,1.249999999,0.464285715,0.291666666,7.972581738397543,4.674056017562811,0.5204207045691354,237.15216733701544,2151
2016,"Troy Tulowitzki","TOR",18,0,0,0,0.277777777,0.277777777,0.333333333,0.61111111,0.055555556,0.277777777,1.3198060534250602,-0.8006747671115533,0.2642131182882521,61.069414989507536,3531
2016,"Josh Thole","TOR",3,0,0,0,0,0,0,0,0,0,-0.4340873930797123,-0.7875008631691478,0,-100,9689
2016,"Josh Donaldson","TOR",26,0,0,0,0.28,0.269230769,0.4,0.669230769,0.12,0.269230769,2.181971816967123,-0.8809449238079853,0.27705841110302853,69.89754746742655,5038
2016,"Ryan Goins","TOR",10,0,0,0,0.2,0.2,0.2,0.4,0,0.2,0.0027741996329816443,-1.1752707006651368,0.17569082975387573,0.23105951573652753,9807
2016,"Michael Saunders","TOR",19,0,0,0,0.210526315,0.210526315,0.210526315,0.42105263,0,0.210526315,0.15024419695920052,-2.088041113607225,0.1849377155303955,6.586129331614618,9981
2016,"Darwin Barney","TOR",8,0,0,0,0.125,0.125,0.5,0.625,0.375,0,0.5049339897889761,-0.4375019304495188,0.2518448531627655,52.56912740367553,2430
2016,"Kevin Pillar","TOR",30,0,0,0,0.344827586,0.344827586,0.379310344,0.72413793,0.034482758,0.344827586,3.4680855726339708,-0.06604912826038517,0.3154519611391528,96.28412743130386,12434
2016,"Russell Martin","TOR",20,0,0,0,0.4,0.4,0.55,0.95,0.15,0.368421052,3.8426470354488726,1.4865572348526357,0.40819689333438874,160.0245621478486,4616
2016,"Ezequiel Carrera","TOR",12,0,0,0,0.272727272,0.25,0.272727272,0.522727272,0,0.25,0.43824869252918475,-0.9754051878285576,0.21961353719234467,30.417641141157493,9048
2016,"Chris Colabello","TOR",6,0,0,0,0.166666666,0.166666666,0.166666666,0.333333332,0,0.166666666,-0.14330869787674655,-0.8501356380556178,0.14640902479489645,-19.89332823454411,13051
2016,"Desmond Jennings","TBR",8,0,0,0,0.25,0.25,0.5,0.75,0.25,0.25,0.8921657359993438,-0.05027018423915107,0.31050488352775574,92.88416939518021,1965
2016,"Brandon Guyer","TBR",7,0,0,0,0.285714285,0.285714285,0.285714285,0.57142857,0,0.285714285,0.4368615927126938,-0.3877698374959892,0.2509868996483939,51.97948515931531,2636
2016,"Steven Souza Jr.","TBR",17,0,0,0,0.176470588,0.176470588,0.235294117,0.411764705,0.058823529,0.176470588,0.014769674552941467,-1.98790665595386,0.17640751950881062,0.7236159870731921,5667
2016,"Logan Morrison","TBR",20,0,0,0,0.2,0.2,0.35,0.55,0.15,0.157894736,0.943182682318161,-1.4129071182780761,0.232506063580513,39.27823564616472,9205
2016,"Logan Forsythe","TBR",24,0,0,0,0.5,0.5,0.875,1.375,0.375,0.454545454,7.970962419871383,5.143654659155898,0.5778499493996302,276.62133232850874,7185
2016,"Corey Dickerson","TBR",22,0,0,0,0.409090909,0.409090909,0.772727272,1.181818181,0.363636363,0.38095238,5.7781213807947935,3.1864226001389326,0.49364631555297156,218.75104120790684,10762
2016,"Evan Longoria","TBR",32,0,0,0,0.366666666,0.34375,0.766666666,1.110416666,0.4,0.275862068,7.0561642055522835,3.286420524598304,0.44258143194019794,183.65588502863318,9368
2016,"Brad Miller","TBR",22,0,0,0,0.285714285,0.272727272,0.476190476,0.748917748,0.190476191,0.238095238,2.403523233986986,-0.18817554666887495,0.3077543161132119,90.99379804474225,12775
2016,"Kevin Kiermaier","TBR",22,0,0,0,0.409090909,0.409090909,0.681818181,1.09090909,0.272727272,0.38095238,5.178121439814907,2.5864226591590462,0.4605949168855494,196.03594002462586,11038
2016,"Hank Conger","TBR",3,0,0,0,0.333333333,0.333333333,0.333333333,0.666666666,0,0.333333333,0.29077869520296573,-0.06263477488646985,0.2928180495897929,80.72861051685912,2505
2016,"Tim Beckham","TBR",7,0,0,0,0.571428571,0.571428571,0.571428571,1.142857142,0,0.571428571,1.8865937692780497,1.0619623390693667,0.5019737992967878,224.474237304578,7949
2016,"Steve Pearce","TBR",3,0,0,0,0.333333333,0.333333333,0.333333333,0.666666666,0,0.333333333,0.29077869520296573,-0.06263477488646985,0.2928180495897929,80.72861051685912,9957
2016,"Carlos Beltran","NYY",6,0,0,0,0.166666666,0.166666666,0.166666666,0.333333332,0,0.166666666,-0.14330869787674655,-0.8501356380556178,0.14640902479489645,-19.89332823454411,589
2016,"Brian McCann","NYY",14,0,0,0,0.357142857,0.357142857,0.5,0.857142857,0.142857143,0.357142857,2.1985892146879533,0.5493263542705872,0.36567153675215586,130.7983321979297,4810
2016,"Didi Gregorius","NYY",27,0,0,0,0.37037037,0.37037037,0.555555555,0.925925925,0.185185185,0.346153846,4.879508569141454,1.6987873383365342,0.39436951610777116,150.52147648534668,6012
2016,"Dustin Ackley","NYY",1,0,0,0,0,0,0,0,0,0,-0.14469579769323743,-0.2625002877230493,0,-100,10099
2016,"Alex Rodriguez","NYY",15,0,0,0,0.2,0.2,0.666666666,0.866666666,0.466666666,0.076923076,2.1794298360438114,0.41236248559663324,0.3514358123143514,121.01460339795108,1274
2016,"Mark Teixeira","NYY",17,0,0,0,0.176470588,0.176470588,0.176470588,0.352941176,0,0.176470588,-0.28523029593700244,-2.287906626443804,0.15502132037106683,-13.974390660932167,1281
2016,"Starlin Castro","NYY",28,0,0,0,0.428571428,0.428571428,0.678571428,1.107142856,0.25,0.428571428,6.716910544953813,3.418384824119081,0.466073249067579,199.80101124241628,4579
2016,"Jacoby Ellsbury","NYY",29,0,0,0,0.25,0.25,0.357142857,0.607142857,0.107142857,0.25,1.9912437723964254,-1.4250864384681183,0.25856697133609224,57.1890103928815,4727
2016,"Chase Headley","NYY",27,0,0,0,0.37037037,0.37037037,0.481481481,0.851851851,0.111111111,0.37037037,4.2418742565792,1.0611530257742796,0.36574954235995255,130.85194279673658,4720
2016,"Aaron Hicks","NYY",11,0,0,0,0.181818181,0.181818181,0.181818181,0.363636362,0,0.181818181,-0.14192159806025584,-1.4377709883881864,0.15971893613988702,-10.745879257143828,5297
2016,"Austin Romine","NYY",8,0,0,0,0.714285714,0.714285714,1.285714285,1.999999999,0.571428571,0.666666666,4.398964698403279,3.4565287781647838,0.8417344008173261,457.98013275216,5491
2016,"Brett Gardner","NYY",31,0,0,0,0.333333333,0.333333333,0.533333333,0.866666666,0.2,0.333333333,4.83371302926244,1.1817738383382723,0.36431924303372704,129.86894675942773,9927
2016,"Ronald Torreyes","NYY",7,0,0,0,0.142857142,0.142857142,0.142857142,0.285714284,0,0.142857142,-0.2880044955699842,-1.112635925778667,0.12549344982419694,-34.26789091331603,11400
2016,"Justin Smoak","TOR",8,0,0,0,0.25,0.25,0.25,0.5,0,0.25,0.2921657950194565,-0.6502701252190384,0.21961353719234467,30.417641141157493,9054
2016,"Devon Travis","TOR",19,0,0,0,0.315789473,0.315789473,0.736842105,1.052631578,0.421052632,0.235294117,4.075244880608839,1.836959570042414,0.43528763244026586,178.64310492456974,13862
2016,"Matt Dominguez","TOR",3,0,0,0,0,0,0,0,0,0,-0.4340873930797123,-0.7875008631691478,0,-100,4903
2016,"Nolan Reimold","BAL",9,0,0,0,0.333333333,0.333333333,0.666666666,0.999999999,0.333333333,0.25,1.8099703686610946,0.7497299583927879,0.4190741247600979,167.50011302892173,3441
2016,"Matt Wieters","BAL",16,0,0,0,0.1875,0.1875,0.25,0.4375,0.0625,0.1875,0.15946547224617857,-1.7254063682308112,0.18743298947811127,8.301046172886958,4298
2016,"Adam Jones","BAL",18,0,0,0,0.277777777,0.277777777,0.666666666,0.944444443,0.388888889,0.1875,3.195074619529455,1.0745937989928414,0.39046919345855713,147.84091750157015,6368
2016,"Ryan Flaherty","BAL",12,0,0,0,0.083333333,0.083333333,0.083333333,0.166666666,0,0.083333333,-1.0114834840361713,-2.4251373643939136,0.07320451239744823,-70.20429761024573,7888
2016,"Mark Trumbo","BAL",25,0,0,0,0.36,0.36,0.76,1.12,0.4,0.272727272,6.019302671859703,3.0741904211144067,0.46714267015457156,200.5359879507549,6876
2016,"Joey Rickard","BAL",17,0,0,0,0.352941176,0.352941176,0.470588235,0.823529411,0.117647059,0.352941176,2.489367909890919,0.48669157938411767,0.35281503901762123,121.96249896009373,13277
2016,"Chris Davis","BAL",21,0,0,0,0.333333333,0.333333333,0.761904761,1.095238094,0.428571428,0.222222222,4.848353715577352,2.374459424951303,0.4551472890944708,192.29197088951108,9272
2016,"Paul Janish","BAL",3,0,0,0,0.333333333,0.333333333,0.333333333,0.666666666,0,0.333333333,0.29077869520296573,-0.06263477488646985,0.2928180495897929,80.72861051685912,7412
2016,"Jonathan Schoop","BAL",26,0,0,0,0.307692307,0.307692307,0.615384615,0.923076922,0.307692308,0.25,4.512106473321532,1.4491897325464245,0.3856682043809157,144.54136114161665,11265
2016,"Nick Franklin","TBR",15,0,0,0,0.4,0.4,0.466666666,0.866666666,0.066666666,0.4,2.47875953478745,0.7116921843402723,0.3756193518638611,137.6351268851598,10166
2016,"Manny Machado","BAL",33,0,0,0,0.393939393,0.393939393,0.666666666,1.060606059,0.272727273,0.354838709,7.423566301372205,3.5360181303884133,0.4479760437300711,187.36341807086635,11493
2016,"Oswaldo Arcia","TBR",3,0,0,0,0,0,0,0,0,0,-0.4340873930797123,-0.7875008631691478,0,-100,10306
2016,"Curt Casali","TBR",9,0,0,0,0.375,0.375,0.75,1.125,0.375,0.285714285,2.1989994371486237,1.138759026880317,0.47145839035511017,203.5020355307804,12510
2016,"Rob Refsnyder","NYY",4,0,0,0,0.25,0.25,0.25,0.5,0,0.25,0.14608289750972825,-0.3251350626095192,0.21961353719234467,30.417641141157493,13770
2016,"Gary Sanchez","NYY",24,0,0,0,0.5,0.5,0.958333333,1.458333333,0.458333333,0.428571428,8.638596704890917,5.811288944175433,0.6115622743964195,299.790665679007,11442
2016,"Bobby Wilson","TBR",6,0,0,0,0.5,0.5,0.666666666,1.166666666,0.166666666,0.5,1.6064234491785532,0.8995965089996818,0.4998213052749634,222.99490143761082,6564
2016,"Matt Duffy","TBR",6,0,0,0,0,0,0,0,0,0,-0.8681747861594246,-1.5750017263382956,0,-100,13836
2016,"Luke Maile","TBR",2,0,0,0,1,1,2.5,3.5,1.5,1,2.0979748642310785,1.862365884171455,1.4466064870357513,873.6881268267539,13355
2016,"Steve Pearce","BAL",1,0,0,0,0,0,0,0,0,0,-0.14469579769323743,-0.2625002877230493,0,-100,9957
2016,"Michael Bourn","BAL",5,0,0,0,0.2,0.2,0.2,0.4,0,0.2,0.0013870998164908221,-0.5876353503325684,0.17569082975387573,0.23105951573652753,6387
2016,"Drew Stubbs","BAL",2,0,0,0,0,0,0,0,0,0,-0.28939159538647485,-0.5250005754460986,0,-100,9328
2016,"Tyler Austin","NYY",2,0,0,0,0.5,0.5,1,1.5,0.5,0.5,0.7354744633861467,0.4998654833265231,0.6210097670555115,306.28360577630775,11850
2016,"Billy Butler","NYY",8,0,0,0,0.571428571,0.5,1,1.5,0.428571429,0.428571428,2.67953225463701,1.7370963343985153,0.5812651589512825,278.9684895943328,7399
2016,"Mason Williams","NYY",7,0,0,0,0.666666666,0.666666666,0.833333333,1.499999999,0.166666667,0.666666666,2.71983779370477,1.895206363496087,0.6462303300698599,323.6168401890141,11859
2016,"Donovan Solano","NYY",4,0,0,0,0.25,0.25,0.25,0.5,0,0.25,0.14608289750972825,-0.3251350626095192,0.21961353719234467,30.417641141157493,8623
2016,"B.J. Upton","TOR",2,0,0,0,0.5,0.5,0.5,1,0,0.5,0.4354744928962031,0.1998655128365794,0.43922707438468933,181.35054926826234,5015
2016,"Dalton Pompey","TOR",0,0,0,0,0,0,0,0,0,0,0,0,0,0,12797
2017,"Welington Castillo","BAL",15,0,0,0,0.466666666,0.466666666,0.533333333,0.999999999,0.066666667,0.466666666,3.2448242488408305,1.4167662593627195,0.4328120787938436,175.32952504712082,3256
2017,"J.J. Hardy","BAL",20,0,0,0,0.3,0.3,0.3,0.6,0,0.3,1.4604129438730826,-0.9769977087643991,0.2630006432533264,59.18352309375617,3797
2017,"Adam Jones","BAL",30,0,0,0,0.3,0.3,0.5,0.8,0.2,0.275862068,4.02160507768055,0.3654890987243278,0.3353244860967,108.65089356514608,6368
2017,"Ryan Flaherty","BAL",3,0,0,0,0,0,0,0,0,0,-0.44676330764221445,-0.8123749055378366,0,-100,7888
2017,"Mark Trumbo","BAL",29,0,0,0,0.379310344,0.379310344,0.517241379,0.896551723,0.137931035,0.357142857,5.050137925647295,1.5158924793229471,0.38283011008953227,141.14333601759094,6876
2017,"Chris Davis","BAL",22,0,0,0,0.45,0.409090909,0.8,1.209090909,0.35,0.35,5.543959761128081,2.862808043226851,0.475088742646304,204.24551334178435,9272
2017,"Craig Gentry","BAL",8,0,0,0,0.25,0.25,0.375,0.625,0.125,0.25,0.5882428043216814,-0.38672145673331126,0.26360464096069336,59.59663967024807,9571
2017,"Trey Mancini","BAL",19,0,0,0,0.764705882,0.684210526,1.411764705,2.095975231,0.647058823,0.647058823,10.119946302076348,7.80440618207074,0.8076355645531103,431.6977087951195,15149
2017,"Jonathan Schoop","BAL",27,0,0,0,0.518518518,0.518518518,0.777777777,1.296296295,0.259259259,0.48,8.498383410742042,5.207879029681441,0.5494554219422517,255.11012355651582,11265
2017,"Seth Smith","BAL",17,0,0,0,0.294117647,0.294117647,0.352941176,0.647058823,0.058823529,0.294117647,1.4673703788056278,-0.6044286759362315,0.278755503542283,69.95938178708624,7331
2017,"Manny Machado","BAL",30,0,0,0,0.266666666,0.266666666,0.6,0.866666666,0.333333334,0.185185185,4.543770890867992,0.8876549119117696,0.35595000982284547,122.7581420632278,11493
2017,"Steven Souza Jr.","TBR",15,0,0,0,0.4,0.4,0.8,1.2,0.4,0.307692307,4.0669900217888,2.2389320323106876,0.4977630933125814,219.75409889960667,5667
2017,"Derek Norris","TBR",12,0,0,0,0.25,0.25,0.333333333,0.583333333,0.083333333,0.25,0.7323642266022587,-0.7300821649802303,0.24879216154416403,49.46534163504656,6867
2017,"Shane Peterson","TBR",5,0,0,0,0.4,0.4,1,1.4,0.6,0.25,1.6659919347927148,1.0566392716333444,0.5713108777999878,270.0586092734192,7423
2017,"Tim Beckham","TBR",16,0,0,0,0.4375,0.4375,0.625,1.0625,0.1875,0.4,3.7268889691222444,1.7769604470122593,0.45249365270137787,188.7911397742653,7949
2017,"Logan Morrison","TBR",21,0,0,0,0.238095238,0.238095238,0.571428571,0.809523809,0.333333333,0.157894736,2.733657533794699,0.17437634852534364,0.3307274807067144,105.50667777481728,9205
2017,"Evan Longoria","TBR",30,0,0,0,0.310344827,0.3,0.48275862,0.78275862,0.172413793,0.275862068,3.7216051179200234,0.06548913896380082,0.32347450256347654,100.54585513698488,9368
2017,"Corey Dickerson","TBR",25,0,0,0,0.44,0.44,0.8,1.24,0.36,0.416666666,7.115822199022706,4.069058883225854,0.5137608337402344,230.69608042779572,10762
2017,"Kevin Kiermaier","TBR",29,0,0,0,0.392857142,0.392857142,0.571428571,0.964285713,0.178571429,0.37037037,5.695453951810769,2.1612085054864214,0.40919902494975496,159.1788942655676,11038
2017,"Brad Miller","TBR",19,0,0,0,0.526315789,0.526315789,1,1.526315789,0.473684211,0.5,7.239543046220095,4.924002926214487,0.6279895870309127,308.8251708544764,12775
2017,"Peter Bourjos","TBR",5,0,0,0,0.2,0.2,0.2,0.4,0,0.2,-0.0047996802668275745,-0.614152343426198,0.17533376216888427,-0.7780319644691455,2578
2017,"Daniel Robertson","TBR",3,0,0,0,0,0,0,0,0,0,-0.44676330764221445,-0.8123749055378366,0,-100,14145
2017,"Rickie Weeks Jr.","TBR",9,0,0,0,0.555555555,0.555555555,0.777777777,1.333333332,0.222222222,0.555555555,2.9587391589453933,1.8619043652585265,0.5660381184683906,266.45219776362904,1849
2017,"Jesus Sucre","TBR",9,0,0,0,0.5,0.444444444,0.875,1.319444444,0.375,0.375,2.5499191895434885,1.453084395856622,0.5122102234098647,229.63550880088036,5942
2017,"Starlin Castro","NYY",11,0,0,0,0.363636363,0.363636363,0.454545454,0.818181817,0.090909091,0.363636363,1.6210911616198604,0.28051530266924546,0.3511067953976718,119.44552657124838,4579
2017,"Jacoby Ellsbury","NYY",16,0,0,0,0.133333333,0.133333333,0.2,0.333333333,0.066666667,0.133333333,-0.484485241077496,-2.4344137631874814,0.14058914184570312,-24.542325146963613,4727
2017,"Greg Bird","NYY",1,0,0,0,1,1,1,2,0,1,0.5908847299227917,0.4690141972909177,0.8766688108444214,478.9144085013335,14131
2017,"Aaron Hicks","NYY",8,0,0,0,0.375,0.375,0.5,0.875,0.125,0.375,1.328048636791878,0.35308437573688534,0.37318824231624603,134.54858349302975,5297
2017,"Chris Carter","NYY",2,0,0,0,0,0,0,0,0,0,-0.29784220509480963,-0.5415832703585578,0,-100,9911
2017,"Caleb Joseph","BAL",12,0,0,0,0.25,0.25,0.333333333,0.583333333,0.083333333,0.25,0.7323642266022587,-0.7300821649802303,0.24879216154416403,49.46534163504656,7087
2017,"Joey Rickard","BAL",6,0,0,0,0.333333333,0.333333333,0.5,0.833333333,0.166666667,0.333333333,0.8860850094164912,0.15486181362524656,0.3514728546142578,119.6959002539707,13277
2017,"Francisco Pena","BAL",1,0,0,0,0,0,0,0,0,0,-0.14892110254740482,-0.2707916351792789,0,-100,8298
2017,"Hyun Soo Kim","BAL",4,0,0,0,0.25,0.25,0.25,0.5,0,0.25,0.14412142228057728,-0.34336070824691906,0.21916720271110535,29.20274556464353,18718
2017,"Colby Rasmus","TBR",1,0,0,0,0,0,0,0,0,0,-0.14892110254740482,-0.2707916351792789,0,-100,9893
2017,"Gary Sanchez","NYY",19,0,0,0,0.277777777,0.263157894,0.666666666,0.92982456,0.388888889,0.176470588,3.0314997388895097,0.7159596188839019,0.36554089972847387,129.31802723331597,11442
2017,"Garrett Cooper","NYY",5,0,0,0,0.2,0.2,0.4,0.6,0.2,0.2,0.2952002794936992,-0.3141523836656712,0.2464336633682251,47.852198604498106,15279
2017,"Matt Holliday","NYY",14,0,0,0,0.307692307,0.285714285,0.538461538,0.824175823,0.230769231,0.23076923,1.8053136768064646,0.09912621996022722,0.3292780007634844,104.51527634309461,1873
2017,"Chase Headley","NYY",27,0,0,0,0.444444444,0.444444444,0.592592592,1.037037036,0.148148148,0.444444444,6.0568000599045355,2.766295678843936,0.4422971760785138,181.81705119190926,4720
2017,"Ji Man Choi","NYY",3,0,0,0,1,0.666666666,1.5,2.166666666,0.5,0.666666666,1.3328483170587055,0.9672367191630833,0.7029457092285156,360.0929425888612,5452
2017,"Austin Romine","NYY",11,0,0,0,0.272727272,0.272727272,0.272727272,0.545454544,0,0.272727272,0.5812853693891367,-0.7592904895614783,0.23909149386666037,42.83037171424019,5491
2017,"Didi Gregorius","NYY",22,0,0,0,0.318181818,0.318181818,0.545454545,0.863636363,0.227272727,0.285714285,3.433362273358869,0.7522105554576393,0.36140442978252063,126.48880407238174,6012
2017,"Brett Gardner","NYY",25,0,0,0,0.4,0.4,0.52,0.92,0.12,0.375,4.606016543606191,1.559253227809339,0.3947961950302124,149.32778437626905,9927
2017,"Ronald Torreyes","NYY",28,0,0,0,0.307692307,0.307692307,0.307692307,0.615384614,0,0.307692307,2.203920916108204,-1.2084539975842703,0.26974424949059117,63.795950405927364,11400
2017,"Aaron Judge","NYY",22,0,0,0,0.136363636,0.136363636,0.272727272,0.409090908,0.136363636,0.095238095,-0.1258609760429708,-2.8070126939442006,0.1696919636292891,-4.636855383013071,15640
2017,"Clint Frazier","NYY",8,0,0,0,0.375,0.375,0.375,0.75,0,0.375,1.0280486770313513,0.053084415976358504,0.328750804066658,104.15468938742521,15983
2017,"Jose Bautista","TOR",28,0,0,0,0.296296296,0.285714285,0.703703703,0.989417988,0.407407407,0.23076923,5.110627152415564,1.6982522387230885,0.392760055405753,147.9351250653868,1887
2017,"Darwin Barney","TOR",24,0,0,0,0.291666666,0.291666666,0.5,0.791666666,0.208333334,0.260869565,3.1355200682640603,0.21062728509908202,0.3312873939673106,105.88964189293996,2430
2017,"Troy Tulowitzki","TOR",11,0,0,0,0.363636363,0.363636363,0.363636363,0.727272726,0,0.363636363,1.3210912018593333,-0.019484657091281728,0.3187886584888805,97.34087631262686,3531
2017,"Russell Martin","TOR",13,0,0,0,0.153846153,0.153846153,0.23076923,0.384615383,0.076923077,0.153846153,-0.15636270841534272,-1.7406796326297058,0.1622182405911959,-9.74866100327804,4616
2017,"Josh Donaldson","TOR",29,0,0,0,0.379310344,0.379310344,0.793103448,1.172413792,0.413793104,0.307692307,7.5121094103470405,3.9778639640226916,0.48343123238662195,209.9515297039375,5038
2017,"Kendrys Morales","TOR",41,0,0,0,0.341463414,0.341463414,0.609756097,0.951219511,0.268292683,0.289473684,7.644473717428245,2.6477818795214083,0.39741494306703895,151.1189306181725,8610
2017,"Ezequiel Carrera","TOR",9,0,0,0,0.555555555,0.555555555,0.666666666,1.222222221,0.111111111,0.555555555,2.658739199184866,1.5619044054979994,0.5265381733576456,239.43540300309164,9048
2017,"Justin Smoak","TOR",28,0,0,0,0.392857142,0.392857142,0.821428571,1.214285713,0.428571429,0.32,7.6610305128944445,4.24865559920197,0.500696633543287,221.7605536962538,9054
2017,"Steve Pearce","TOR",20,0,0,0,0.35,0.35,0.6,0.95,0.25,0.315789473,3.7312044784536793,1.2937938258161976,0.3975448727607727,151.20779868771191,9957
2017,"Kevin Pillar","TOR",34,0,0,0,0.303030303,0.303030303,0.363636363,0.666666666,0.06060606,0.303030303,3.1771061589513474,-0.9664919505323715,0.2872026400132613,75.73697341945008,12434
2017,"Ryan Goins","TOR",21,0,0,0,0.45,0.428571428,0.65,1.078571428,0.2,0.4,4.761895081086141,2.2026138958167856,0.445177884328933,183.78737047585665,9807
2017,"Miguel Montero","TOR",4,0,0,0,0.25,0.25,0.25,0.5,0,0.25,0.14412142228057728,-0.34336070824691906,0.21916720271110535,29.20274556464353,3364
2017,"Todd Frazier","NYY",7,0,0,0,0.428571428,0.428571428,1.285714285,1.714285713,0.857142857,0.2,3.0389413447574474,2.185847616334329,0.6909199953079224,351.86770977067107,785
2017,"Tyler Austin","NYY",5,0,0,0,0.4,0.4,1.2,1.6,0.8,0.25,1.9659918945532417,1.3566392313938713,0.6424107789993286,318.68883984238647,11850
2017,"Tim Beckham","BAL",10,0,0,0,0.4,0.4,0.8,1.2,0.4,0.333333333,2.700998046756611,1.4822927204378697,0.49653915166854856,218.91695899718397,7949
2017,"Anthony Santander","BAL",1,0,0,0,0,0,0,0,0,0,-0.14892110254740482,-0.2707916351792789,0,-100,14551
2017,"Raffy Lopez","TOR",3,0,0,0,0.666666666,0.666666666,1.666666666,2.333333332,1,0.5,1.9638341398875245,1.5982225419919023,0.952184796333313,530.5651101763119,12606
2017,"Michael Saunders","TOR",4,0,0,0,0.5,0.5,0.5,1,0,0.5,0.8839272547507739,0.39644512422327755,0.4383344054222107,179.10663321020687,9981
2017,"Teoscar Hernandez","TOR",13,0,0,0,0.416666666,0.384615384,1.25,1.634615384,0.833333334,0.2,4.856012136763285,3.2716952125489214,0.6191149124732385,302.7551558096701,13066
2017,"Rob Refsnyder","TOR",1,0,0,0,0,0,0,0,0,0,-0.14892110254740482,-0.2707916351792789,0,-100,13770
2017,"Richard Urena","TOR",8,0,0,0,0.125,0.125,0.125,0.25,0,0.125,-0.45156298790904215,-1.4265272489640348,0.10958360135555267,-45.74919825813815,16411
2017,"Lucas Duda","TBR",6,0,0,0,0.333333333,0.333333333,1,1.333333333,0.666666667,0.2,1.8170707920058364,1.0858475962145921,0.5353423158327738,245.45717618850207,2502
2017,"Adeiny Hechavarria","TBR",8,0,0,0,0.125,0.125,0.125,0.25,0,0.125,-0.45156298790904215,-1.4265272489640348,0.10958360135555267,-45.74919825813815,10459
2017,"Wilson Ramos","TBR",6,0,0,0,0.5,0.5,1,1.5,0.5,0.4,2.2568766647155067,1.525653468924262,0.6222038666407267,304.8679091447383,1433
2017,"Cesar Puello","TBR",2,0,0,0,0,0,0,0,0,0,-0.29784220509480963,-0.5415832703585578,0,-100,7216
2017,"Trevor Plouffe","TBR",4,0,0,0,0.25,0.25,0.25,0.5,0,0.25,0.14412142228057728,-0.34336070824691906,0.21916720271110535,29.20274556464353,7462
2017,"Danny Espinosa","TBR",3,0,0,0,1,1,1,2,0,1,1.7726541897683752,1.4070425918727532,0.8766688108444214,478.9144085013335,9219
2017,"Curt Casali","TBR",2,0,0,0,0.5,0.5,0.5,1,0,0.5,0.44196362737538697,0.19822256211163877,0.4383344054222107,179.10663321020687,12510
2017,"Mallex Smith","TBR",4,0,0,0,0,0,0,0,0,0,-0.5956844101896193,-1.0831665407171156,0,-100,13608
2017,"Luke Maile","TOR",3,0,0,0,0.666666666,0.666666666,1,1.666666666,0.333333334,0.666666666,1.3328483170587055,0.9672367191630833,0.7029457092285156,360.0929425888612,13355
2018,"Wilson Ramos","TBR",13,0,0,0,0.307692307,0.307692307,0.846153846,1.153846153,0.538461539,0.181818181,3.2299158832659267,1.7111110797752882,0.4760355811852675,207.83285562567892,1433
2018,"Carlos Gomez","TBR",17,0,0,0,0.352941176,0.352941176,0.588235294,0.94117647,0.235294118,0.3125,3.1661704189278836,1.1800410605170486,0.3997780154733097,155.7943525374144,4881
2018,"Denard Span","TBR",12,0,0,0,0.5,0.5,1,1.5,0.5,0.4,4.504818580348853,3.102844915588263,0.631648321946462,314.0236842348973,8347
2018,"Adeiny Hechavarria","TBR",23,0,0,0,0.227272727,0.227272727,0.227272727,0.454545454,0,0.227272727,0.5331970598225692,-2.153919130968561,0.19989334724166177,19.392163089630067,10459
2018,"Kevin Kiermaier","TBR",13,0,0,0,0.23076923,0.23076923,0.461538461,0.692307691,0.230769231,0.23076923,1.2039862571916529,-0.31481854629898576,0.28500385926320004,77.4719562396766,11038
2018,"C.J. Cron","TBR",30,0,0,0,0.333333333,0.333333333,0.7,1.033333333,0.366666667,0.259259259,6.396086302193811,2.8911521402923364,0.43282296061515807,178.34437054232902,12546
2018,"Brad Miller","TBR",16,0,0,0,0.375,0.375,0.5,0.875,0.125,0.375,2.666846880944746,0.7975486612639602,0.3757920414209366,139.42621682332455,12775
2018,"Mallex Smith","TBR",19,0,0,0,0.222222222,0.222222222,0.222222222,0.444444444,0,0.222222222,0.3716153931767588,-1.8481762426941748,0.1954512728585137,16.36087171089801,13608
2018,"Rob Refsnyder","TBR",5,0,0,0,0.4,0.4,1,1.4,0.6,0.25,1.6747890877675111,1.0906333941172655,0.582071840763092,280.1924722747503,13770
2018,"Matt Duffy","TBR",26,0,0,0,0.384615384,0.384615384,0.538461538,0.923076922,0.153846154,0.36,4.77721404235735,1.7396044353760733,0.39670573748075044,153.6978163273852,13836
2018,"Joey Wendle","TBR",19,0,0,0,0.47368421,0.47368421,0.947368421,1.421052631,0.473684211,0.444444444,6.508918524655204,4.289126888784271,0.5914086699485779,286.56396617004145,13853
2018,"Daniel Robertson","TBR",12,0,0,0,0.583333333,0.583333333,1,1.583333333,0.416666667,0.545454545,4.883115264222452,3.4811415994618624,0.6702917615572611,340.3941398448172,14145
2018,"Jesus Sucre","TBR",10,0,0,0,0.111111111,0.1,0.222222222,0.322222222,0.111111111,0.1,-0.38136671330001204,-1.5496781006005034,0.12472748756408691,-31.901354929791516,5942
2018,"Shane Robinson","NYY",7,0,0,0,0.166666666,0.166666666,0.166666666,0.333333332,0,0.166666666,-0.14211981442315816,-0.9599377855335021,0.14658845464388529,-16.983333455154444,4249
2018,"Austin Romine","NYY",12,0,0,0,0.25,0.25,0.333333333,0.583333333,0.083333333,0.25,0.7738736915138181,-0.6280999732467715,0.2505280276139577,53.9454948977791,5491
2018,"Giancarlo Stanton","NYY",28,0,0,0,0.666666666,0.642857142,1.111111111,1.753968253,0.444444445,0.615384615,12.64671134099004,9.375439456548664,0.7251371081386294,377.8208490612108,4949
2018,"Didi Gregorius","NYY",32,0,0,0,0.233333333,0.21875,0.466666666,0.685416666,0.233333333,0.166666666,2.7245774946524532,-1.0140189447091188,0.2758454605937004,71.22222412461669,6012
2018,"Neil Walker","NYY",12,0,0,0,0.25,0.25,0.25,0.5,0,0.25,0.47387367206399744,-0.9280999926965922,0.21988268196582794,33.03297429392425,7539
2018,"Gary Sanchez","NYY",13,0,0,0,0.461538461,0.461538461,1.384615384,1.846153845,0.923076923,0.3,6.204142196131274,4.685337392640635,0.756485388829158,399.21305567435786,11442
2018,"Tyler Austin","NYY",4,0,0,0,0.5,0.5,0.5,1,0,0.5,0.8754655303345531,0.40814097541435657,0.4397653639316559,183.08189754116026,11850
2018,"Aaron Judge","NYY",14,0,0,0,0.571428571,0.571428571,1.071428571,1.642857142,0.5,0.5,5.9600590046125035,4.324423062391816,0.693327533347266,356.11385329544925,15640
2018,"Tyler Wade","NYY",7,0,0,0,0,0,0,0,0,0,-0.9792120606774709,-1.797030031787815,0,-100,15730
2018,"Brett Gardner","NYY",21,0,0,0,0.285714285,0.285714285,0.38095238,0.666666665,0.095238095,0.285714285,1.937409658764384,-0.5160442545666478,0.28456658124923706,77.17355577189883,9927
2018,"Miguel Andujar","NYY",30,0,0,0,0.233333333,0.233333333,0.466666666,0.699999999,0.233333333,0.206896551,2.965141432808597,-0.5397927290928768,0.2926329811414083,82.6781030490237,15878
2018,"Aaron Hicks","NYY",23,0,0,0,0.173913043,0.173913043,0.434782608,0.608695651,0.260869565,0.095238095,1.5310414914197188,-1.1560746993714115,0.2530747133752574,55.68336462410649,5297
2018,"Ronald Torreyes","NYY",3,0,0,0,0.333333333,0.333333333,0.666666666,0.999999999,0.333333333,0.333333333,0.5978453473774589,0.24735193118731147,0.41575829188028973,166.69936445842242,11400
2018,"Pedro Alvarez","BAL",7,0,0,0,0.428571428,0.428571428,1.285714285,1.714285713,0.857142857,0.2,3.051732847607384,2.2339148764970402,0.7058839542525155,364.6824109454991,2495
2018,"Danny Valencia","BAL",16,0,0,0,0.3125,0.3125,0.3125,0.625,0,0.3125,1.3493392023985504,-0.5199590172822357,0.2748533524572849,70.54520510573326,6364
2018,"Caleb Joseph","BAL",8,0,0,0,0.375,0.375,0.5,0.875,0.125,0.375,1.333423440472373,0.3987743306319801,0.3757920414209366,139.42621682332455,7087
2018,"Adam Jones","BAL",36,0,0,0,0.323529411,0.305555555,0.352941176,0.658496731,0.029411765,0.305555555,3.1566363149349215,-1.0492846793468478,0.27896061539649963,73.34801966126166,6368
2018,"Tim Beckham","BAL",10,0,0,0,0.2,0.2,0.2,0.4,0,0.2,0.03614090689672084,-1.1321704804037704,0.17590614557266235,3.0231896444770423,7949
2018,"Chris Davis","BAL",9,0,0,0,0.333333333,0.333333333,0.555555555,0.888888888,0.222222222,0.333333333,1.4935360226825554,0.4420557741121133,0.3748978310161167,138.81600365328256,9272
2018,"Craig Gentry","BAL",5,0,0,0,0.8,0.8,0.8,1.6,0,0.8,2.170593372388022,1.5864376787377765,0.7036245822906494,363.1406054378434,9571
2018,"Jonathan Schoop","BAL",15,0,0,0,0.285714285,0.266666666,0.5,0.766666666,0.214285715,0.214285714,1.7109299946642316,-0.04153708628650528,0.3112947106361389,95.41295052123476,11265
2018,"Manny Machado","BAL",23,0,0,0,0.391304347,0.391304347,0.695652173,1.08695652,0.304347826,0.363636363,5.379368772779176,2.6922525819880456,0.4581761256508205,195.64548348355572,11493
2018,"Trey Mancini","BAL",29,0,0,0,0.379310344,0.379310344,0.586206896,0.96551724,0.206896552,0.357142857,5.645059373202462,2.2569563500310363,0.4100894393592045,162.83091420471663,15149
2018,"Chance Sisco","BAL",5,0,0,0,0.4,0.4,0.6,1,0.2,0.4,1.0355781125447354,0.4514224188944898,0.4253611207008362,173.25237769151755,15694
2018,"Anthony Santander","BAL",2,0,0,0,0.5,0.5,1,1.5,0.5,0.5,0.7377327846170975,0.5040705071569992,0.6236374378204346,308.55702116428944,14551
2018,"Johnny Field","TBR",6,0,0,0,0.333333333,0.333333333,0.833333333,1.166666666,0.5,0.2,1.5349016505278725,0.8339148181475777,0.4850598673025767,213.99106873673995,15048
2018,"Mark Trumbo","BAL",11,0,0,0,0.272727272,0.272727272,0.363636363,0.636363635,0.090909091,0.272727272,0.9137611287534573,-0.3713813972770832,0.27330330285159027,69.4874443387874,6876
2018,"Andrew Susac","BAL",7,0,0,0,0.285714285,0.285714285,0.428571428,0.714285713,0.142857143,0.285714285,0.7558032380654579,-0.062014733044886,0.3038293719291687,90.31857007870917,13132
2018,"Joey Rickard","BAL",14,0,0,0,0.357142857,0.357142857,0.5,0.857142857,0.142857143,0.357142857,2.22911411577747,0.593478173556782,0.3666529953479767,133.1896910064909,13277
2018,"Jace Peterson","BAL",3,0,0,0,0.333333333,0.333333333,0.666666666,0.999999999,0.333333333,0.333333333,0.5978453473774589,0.24735193118731147,0.41575829188028973,166.69936445842242,12325
2018,"Russell Martin","TOR",13,0,0,0,0.307692307,0.307692307,0.307692307,0.615384614,0,0.307692307,1.051493874470913,-0.4673109290197259,0.2706248393425575,67.65964888944028,4616
2018,"Josh Donaldson","TOR",1,0,0,0,1,1,1,2,0,1,0.5776202024069153,0.4607890636768661,0.8795307278633118,483.17974403563227,5038
2018,"Yangervis Solarte","TOR",32,0,0,0,0.193548387,0.1875,0.193548387,0.381048387,0,0.1875,-0.17135215378911495,-3.909948593150687,0.16491201147437096,-4.47925651788476,5352
2018,"Justin Smoak","TOR",24,0,0,0,0.375,0.375,0.833333333,1.208333333,0.458333333,0.285714285,6.51790328598509,3.71395595646391,0.5043815871079763,227.17629654169994,9054
2018,"Kendrys Morales","TOR",28,0,0,0,0.392857142,0.392857142,0.642857142,1.035714284,0.25,0.37037037,6.11494686587409,2.843674981432715,0.43918258377483915,182.68420576189678,8610
2018,"Gio Urshela","TOR",1,0,0,0,0,0,0,0,0,0,-0.1398874372396387,-0.25671857596968783,0,-100,10681
2018,"Kevin Pillar","TOR",19,0,0,0,0.368421052,0.368421052,0.526315789,0.894736841,0.157894737,0.368421052,3.2646922283222053,1.0449005924512713,0.3821025020197818,143.73250329202423,12434
2018,"Teoscar Hernandez","TOR",20,0,0,0,0.35,0.35,0.95,1.3,0.6,0.235294117,5.912437739118188,3.5758149645172055,0.5338533163070679,247.2879360442828,13066
2018,"Luke Maile","TOR",8,0,0,0,0,0,0,0,0,0,-1.1190994979171096,-2.0537486077575027,0,-100,13355
2018,"Devon Travis","TOR",25,0,0,0,0.36,0.36,0.48,0.84,0.12,0.36,3.8303828481953115,0.9096043799440833,0.3592893815040588,128.16472806438875,13862
2018,"Curtis Granderson","TOR",9,0,0,0,0.111111111,0.111111111,0.111111111,0.222222222,0,0.111111111,-0.5414792955101945,-1.5929595440806366,0.09772563642925686,-50.32753862120688,4747
2018,"Dwight Smith Jr.","TOR",9,0,0,0,0.375,0.333333333,0.875,1.208333333,0.5,0.25,2.1327469979053313,1.081266749334889,0.4619593421618144,198.2271673106341,13473
2018,"Randal Grichuk","TOR",11,0,0,0,0.454545454,0.454545454,0.545454545,0.999999999,0.090909091,0.454545454,2.348776408046565,1.0636338820160247,0.4332179806449197,178.61393397314086,10243
2018,"Lourdes Gurriel Jr.","TOR",21,0,0,0,0.476190476,0.476190476,0.714285714,1.19047619,0.238095238,0.45,5.776651248005366,3.323197334674333,0.5086711105846223,230.10348650118254,19238
2018,"Aledmys Diaz","TOR",12,0,0,0,0.083333333,0.083333333,0.083333333,0.166666666,0,0.083333333,-0.9611416072291108,-2.3631152719897006,0.07329422732194264,-66.99964120423311,15937
2018,"Greg Bird","NYY",11,0,0,0,0.272727272,0.272727272,0.363636363,0.636363635,0.090909091,0.272727272,0.9137611287534573,-0.3713813972770832,0.27330330285159027,69.4874443387874,14131
2018,"Luke Voit","NYY",10,0,0,0,0.3,0.3,0.9,1.2,0.6,0.125,2.6320705358884684,1.463759148587977,0.49411876797676085,220.17290297585586,14811
2018,"Gleyber Torres","NYY",10,0,0,0,0.222222222,0.2,0.666666666,0.866666666,0.444444444,0.111111111,1.2753519210191386,0.10704053371864716,0.32781033515930175,106.68328638534508,16997
2018,"Tommy Pham","TBR",5,0,0,0,0,0,0,0,0,0,-0.6994371861981935,-1.283592879848439,0,-100,2967
2018,"Michael Perez","TBR",2,0,0,0,0.5,0.5,0.5,1,0,0.5,0.43773276516727655,0.20407048770717828,0.4397653639316559,183.08189754116026,12977
2018,"Jake Bauers","TBR",4,0,0,0,0,0,0,0,0,0,-0.5595497489585548,-1.0268743038787513,0,-100,15194
2018,"Willy Adames","TBR",5,0,0,0,0,0,0,0,0,0,-0.6994371861981935,-1.283592879848439,0,-100,15986
2018,"Ji Man Choi","TBR",2,0,0,0,0.5,0.5,0.5,1,0,0.5,0.43773276516727655,0.20407048770717828,0.4397653639316559,183.08189754116026,5452
2018,"Brandon Lowe","TBR",0,0,0,0,0,0,0,0,0,0,0,0,0,0,18882
2018,"Jonathan Davis","TOR",2,0,0,0,0.5,0.5,0.5,1,0,0.5,0.43773276516727655,0.20407048770717828,0.4397653639316559,183.08189754116026,15104
2018,"Rowdy Tellez","TOR",2,0,0,0,0.5,0.5,1,1.5,0.5,0.5,0.7377327846170975,0.5040705071569992,0.6236374378204346,308.55702116428944,15679
2018,"Danny Jansen","TOR",4,0,0,0,0.25,0.25,0.25,0.5,0,0.25,0.15795789068799915,-0.3093666642321974,0.21988268196582794,33.03297429392425,16535
2018,"Billy McKinney","TOR",3,0,0,0,0,0,0,0,0,0,-0.4196623117189161,-0.7701557279090635,0,-100,15654
2018,"Reese McGuire","TOR",1,0,0,0,0,0,0,0,0,0,-0.1398874372396387,-0.25671857596968783,0,-100,15674
2018,"Corban Joseph","BAL",1,0,0,0,1,1,1,2,0,1,0.5776202024069153,0.4607890636768661,0.8795307278633118,483.17974403563227,5503
2018,"Jonathan Villar","BAL",5,0,0,0,0.2,0.2,0.2,0.4,0,0.2,0.01807045344836042,-0.5660852402018852,0.17590614557266235,3.0231896444770423,10071
2018,"Renato Nunez","BAL",9,0,0,0,0.625,0.555555555,1,1.555555555,0.375,0.5,3.267762257748619,2.2162820091781765,0.6165501541561551,303.72062716970413,14503
2018,"Stevie Wilkerson","BAL",6,0,0,0,0.333333333,0.333333333,0.5,0.833333333,0.166666667,0.333333333,0.8956906753050967,0.19470384292480183,0.35446760058403015,124.87432325071266,16041
2018,"Cedric Mullins","BAL",7,0,0,0,0,0,0,0,0,0,-0.9792120606774709,-1.797030031787815,0,-100,17929
2018,"John Andreoli","BAL",3,0,0,0,0.333333333,0.333333333,0.666666666,0.999999999,0.333333333,0.333333333,0.5978453473774589,0.24735193118731147,0.41575829188028973,166.69936445842242,13012
2018,"Austin Wynns","BAL",3,0,0,0,0.333333333,0.333333333,0.333333333,0.666666666,0,0.333333333,0.29784532792763774,-0.052648088262509614,0.29317690928777057,83.04928204300289,15271
2018,"DJ Stewart","BAL",1,0,0,0,0,0,0,0,0,0,-0.1398874372396387,-0.25671857596968783,0,-100,17766
2018,"Andrew McCutchen","NYY",7,0,0,0,0.428571428,0.428571428,0.428571428,0.857142856,0,0.428571428,1.173310858262191,0.355492887151847,0.3769417405128479,140.21077661337858,9847
2018,"Kyle Higashioka","NYY",1,0,0,0,0,0,0,0,0,0,-0.1398874372396387,-0.25671857596968783,0,-100,5517
2018,"Adeiny Hechavarria","NYY",2,0,0,0,0,0,0,0,0,0,-0.2797748744792774,-0.5134371519393757,0,-100,10459
2019,"Randal Grichuk","TOR",28,0,0,0,0.285714285,0.285714285,0.464285714,0.749999999,0.178571429,0.259259259,3.317737080568868,-0.20515646744291186,0.31146074405738283,92.70858586676081,10243
2019,"Freddy Galvis","TOR",31,0,0,0,0.451612903,0.451612903,0.709677419,1.161290322,0.258064516,0.413793103,8.300568131370364,4.400221703214464,0.4841442992610316,209.49909250277335,6609
2019,"Brandon Drury","TOR",14,0,0,0,0.307692307,0.285714285,0.307692307,0.593406592,0,0.285714285,0.8964391460344975,-0.8650076279713924,0.24845921993255615,50.09897018736342,11615
2019,"Alen Hanson","TOR",2,0,0,0,0.5,0.5,0.5,1,0,0.5,0.450219248446114,0.19858399501670115,0.43480363488197327,176.12868161569241,12926
2019,"Teoscar Hernandez","TOR",13,0,0,0,0.416666666,0.384615384,1.166666666,1.55128205,0.75,0.2,4.573453683855211,2.9378245365640283,0.5813709864249597,275.25610126382713,13066
2019,"Billy McKinney","TOR",14,0,0,0,0.357142857,0.357142857,0.714285714,1.071428571,0.357142857,0.307692307,3.1429964604115104,1.3815496864056205,0.43409809470176697,175.65150592284095,15654
2019,"Richard Urena","TOR",2,0,0,0,0,0,0,0,0,0,-0.30147928258331946,-0.5531145360127323,0,-100,16411
2019,"Danny Jansen","TOR",16,0,0,0,0.25,0.25,0.25,0.5,0,0.25,0.5949598634511779,-1.4181221639841248,0.21740181744098663,29.09401828264192,16535
2019,"Lourdes Gurriel Jr.","TOR",30,0,0,0,0.433333333,0.433333333,0.7,1.133333333,0.266666667,0.413793103,7.644750447980422,3.87022164653923,0.46918007532755535,199.37838765311716,19238
2019,"Justin Smoak","TOR",15,0,0,0,0.4,0.4,0.866666666,1.266666666,0.466666666,0.307692307,4.398814143801452,2.5115497430808555,0.5136372129122416,229.44593876404497,9054
2019,"Socrates Brito","TOR",2,0,0,0,0,0,0,0,0,0,-0.30147928258331946,-0.5531145360127323,0,-100,12944
2019,"Rowdy Tellez","TOR",8,0,0,0,0.625,0.625,1.5,2.125,0.875,0.5,4.702293101813637,3.6957520880959853,0.8543688654899597,459.8918679351666,15679
2019,"Jesus Sucre","BAL",7,0,0,0,0.142857142,0.142857142,0.142857142,0.285714284,0,0.142857142,-0.3034789580121847,-1.1842023450151298,0.12422960996627808,-33.92083743152258,5942
2019,"Chris Davis","BAL",14,0,0,0,0.428571428,0.428571428,0.857142857,1.285714285,0.428571429,0.384615384,4.224694996593238,2.4632482225873473,0.5234816585268293,236.10400061320283,9272
2019,"Hanser Alberto","BAL",26,0,0,0,0.269230769,0.269230769,0.307692307,0.576923076,0.038461538,0.269230769,1.6426590436228807,-1.6285992509594862,0.24747337744786188,49.43221854957738,11902
2019,"Jonathan Villar","BAL",31,0,0,0,0.387096774,0.387096774,0.451612903,0.838709677,0.064516129,0.387096774,4.947453492311751,1.0471070641558513,0.3590129383148686,124.86940657974843,10071
2019,"Joey Rickard","BAL",4,0,0,0,0,0,0,0,0,0,-0.6029585651666389,-1.1062290720254646,0,-100,13277
2019,"Dwight Smith Jr.","BAL",12,0,0,0,0.25,0.25,0.833333333,1.083333333,0.583333333,0.1,2.5959374745881307,1.0861259540116532,0.42464469869931537,169.25792138460784,13473
2019,"Renato Nunez","BAL",30,0,0,0,0.379310344,0.366666666,0.827586206,1.194252872,0.448275862,0.269230769,7.745929756573471,3.9714009551322773,0.4730817397435506,202.01718764383085,14503
2019,"Trey Mancini","BAL",24,0,0,0,0.541666666,0.541666666,0.916666666,1.458333332,0.375,0.52173913,8.879188300882674,5.859565259729721,0.6023818701505661,289.466323842868,15149
2019,"Richie Martin Jr.","BAL",12,0,0,0,0.5,0.5,0.916666666,1.416666666,0.416666666,0.454545454,4.226174279176557,2.71636275860008,0.5818071911732355,275.551118200953,17736
2019,"Cedric Mullins","BAL",10,0,0,0,0.111111111,0.111111111,0.111111111,0.222222222,0,0.111111111,-0.6721758228838937,-1.9303520900309579,0.09662302997377184,-52.59190579127503,17929
2019,"Rio Ruiz","BAL",19,0,0,0,0.157894736,0.157894736,0.157894736,0.315789472,0,0.157894736,-0.6089575914532348,-2.9994924990326566,0.13730641101535998,-25.076647155850367,14103
2019,"Pedro Severino","BAL",8,0,0,0,0.125,0.125,0.125,0.25,0,0.125,-0.45421859930384456,-1.460759613021496,0.10870090872049332,-44.42331338388334,14523
2019,"Tommy Pham","TBR",15,0,0,0,0.266666666,0.266666666,0.466666666,0.733333332,0.2,0.266666666,1.6456995047428373,-0.2415648959777589,0.3013066569964091,85.84110522635615,2967
2019,"Ji Man Choi","TBR",11,0,0,0,0.727272727,0.727272727,1.272727272,1.999999999,0.545454545,0.7,6.180310982527084,4.7963170886653135,0.8243597962639548,439.5959318545882,5452
2019,"Brandon Lowe","TBR",11,0,0,0,0.636363636,0.636363636,1.272727272,1.909090908,0.636363636,0.555555555,5.753471239997524,4.369477346135754,0.7794695875861428,409.2354831813191,18882
2019,"Avisail Garcia","TBR",23,0,0,0,0.391304347,0.391304347,0.608695652,0.999999999,0.217391305,0.363636363,4.823133818056601,1.9293284036183531,0.416978613190029,164.07314273276293,5760
2019,"Travis d'Arnaud","TBR",12,0,0,0,0.727272727,0.666666666,1.363636363,2.030303029,0.636363636,0.6,6.354430129735299,4.844618609158822,0.7869810611009598,414.3156936063587,7739
2019,"Kevin Kiermaier","TBR",25,0,0,0,0.32,0.32,0.64,0.96,0.32,0.260869565,4.6648147877914266,1.5193741199237667,0.3902449584007263,145.99245703346278,11038
2019,"Mike Zunino","TBR",12,0,0,0,0.333333333,0.333333333,0.583333333,0.916666666,0.25,0.272727272,2.1227772171176906,0.6129656965412135,0.3790298253297806,138.4073625998825,13265
2019,"Daniel Robertson","TBR",6,0,0,0,0.166666666,0.166666666,0.666666666,0.833333332,0.5,0,0.7721194717793485,0.017213711491109975,0.3232560157775879,100.68604358407258,14145
2019,"Austin Meadows","TBR",16,0,0,0,0.5,0.5,1.0625,1.5625,0.5625,0.428571428,6.321471559416365,4.308389531981062,0.6314488053321838,309.1250694727793,15672
2019,"Willy Adames","TBR",19,0,0,0,0.210526315,0.210526315,0.368421052,0.578947367,0.157894737,0.166666666,1.0675997280760723,-1.3229351795033497,0.2393872581030193,43.96335978135421,15986
2019,"Christian Arroyo","TBR",6,0,0,0,0.166666666,0.166666666,0.166666666,0.333333332,0,0.166666666,-0.1527393167205251,-0.9076450770087636,0.14493454496065775,-19.91753616170826,16434
2019,"Yandy Diaz","TBR",22,0,0,0,0.454545454,0.454545454,0.863636363,1.318181817,0.409090909,0.4,6.920430773725273,4.152442986001732,0.5382907011292197,246.11975217847368,16578
2019,"Guillermo Heredia","TBR",16,0,0,0,0.25,0.25,0.5,0.75,0.25,0.2,1.8198186519510515,-0.19326337548425124,0.3059634268283844,88.99060320444855,18721
2019,"Eric Sogard","TOR",25,0,0,0,0.4,0.4,0.6,1,0.2,0.375,5.273353066502715,2.1279123986350537,0.4184046149253845,165.0375858433973,7927
2019,"Vladimir Guerrero Jr.","TOR",20,0,0,0,0.2,0.2,0.2,0.4,0,0.2,-0.007998701715461465,-2.52435123600959,0.1739214539527893,-0.31291438396819726,19611
2019,"Luke Maile","TOR",3,0,0,0,0,0,0,0,0,0,-0.4522189238749792,-0.8296718040190985,0,-100,13355
2019,"Cavan Biggio","TOR",13,0,0,0,0.307692307,0.307692307,0.384615384,0.692307691,0.076923077,0.307692307,1.3471787873261576,-0.288450359965026,0.2942681541809669,81.08077753443985,19252
2019,"Edwin Encarnacion","NYY",28,0,0,0,0.428571428,0.428571428,0.714285714,1.142857142,0.285714286,0.407407407,7.224531204686603,3.7016376566748224,0.4728750245911734,201.8773806578848,2151
2019,"Aaron Hicks","NYY",16,0,0,0,0.333333333,0.3125,0.6,0.9125,0.266666667,0.266666666,2.571517182980485,0.5584351555451823,0.36031388118863106,125.74926903771117,5297
2019,"Austin Romine","NYY",11,0,0,0,0.545454545,0.545454545,1.272727272,1.818181817,0.727272727,0.444444444,5.301772708968091,3.9177788151063204,0.7319650108164008,377.10686744877546,5491
2019,"DJ LeMahieu","NYY",29,0,0,0,0.379310344,0.379310344,0.48275862,0.862068964,0.103448276,0.379310344,4.797234243865636,1.1485230691391493,0.36575347390668145,129.428211069484,9874
2019,"Didi Gregorius","NYY",35,0,0,0,0.264705882,0.257142857,0.558823529,0.815966386,0.294117647,0.212121212,4.539116911056558,0.13549997604183303,0.3244157365390233,101.47039375062208,6012
2019,"Brett Gardner","NYY",17,0,0,0,0.352941176,0.352941176,0.705882352,1.058823528,0.352941176,0.266666666,3.7973348612181317,1.6584352070681228,0.43279419225804944,174.7696418285668,9927
2019,"Gio Urshela","NYY",18,0,0,0,0.555555555,0.555555555,1.166666666,1.722222221,0.611111111,0.5,8.153389344044207,5.8886720631794915,0.6984008318848081,354.4065155963968,10681
2019,"Gary Sanchez","NYY",12,0,0,0,0.166666666,0.166666666,0.25,0.416666666,0.083333334,0.166666666,-0.005478633441050262,-1.5152901540175274,0.17385595540205637,-0.3572128055231738,11442
2019,"Luke Voit","NYY",24,0,0,0,0.583333333,0.583333333,0.875,1.458333333,0.291666667,0.583333333,9.006028043412236,5.986405002259282,0.6084958439071974,293.60136780669046,14811
2019,"Kyle Higashioka","NYY",3,0,0,0,0.666666666,0.666666666,1.666666666,2.333333332,1,0.5,1.9760369266837614,1.5985840465396421,0.9363811214764913,515.3589499959544,5517
2019,"Aaron Judge","NYY",31,0,0,0,0.258064516,0.258064516,0.516129032,0.774193548,0.258064516,0.206896551,3.7903769451937626,-0.1099694829621364,0.31583321479059034,95.66580476105683,15640
2019,"Mike Tauchman","NYY",15,0,0,0,0.4,0.4,0.733333333,1.133333333,0.333333333,0.357142857,3.7739553553015783,1.886690954580982,0.4654457529385885,196.8527655506807,15274
2019,"Gleyber Torres","NYY",30,0,0,0,0.448275862,0.433333333,0.655172413,1.088505746,0.206896551,0.413793103,7.074750453132717,3.3002216516915244,0.44719980359077455,184.51254203679062,16997
2019,"Cameron Maybin","NYY",9,0,0,0,0.444444444,0.444444444,0.555555555,0.999999999,0.111111111,0.444444444,1.9501373524927965,0.8177787120604386,0.42505400048361885,169.5347431277058,5223
2019,"Eric Sogard","TBR",6,0,0,0,0.5,0.5,0.666666666,1.166666666,0.166666666,0.5,1.650657745338342,0.8957519850501036,0.4926464557647705,215.24932832806266,7927
2019,"Matt Duffy","TBR",11,0,0,0,0.363636363,0.363636363,0.454545454,0.818181817,0.090909091,0.363636363,1.6486580699094768,0.2646641760477062,0.3477714549411427,117.266490731685,13836
2019,"Nathaniel Lowe","TBR",6,0,0,0,0.333333333,0.333333333,0.5,0.833333333,0.166666667,0.333333333,0.8989592143089085,0.14405345402066988,0.34771191080411273,117.22621943936228,19566
2019,"Mike Brosseau","TBR",3,0,0,0,0.333333333,0.333333333,0.333333333,0.666666666,0,0.333333333,0.2994796071544542,-0.07797327298966505,0.2898690899213155,78.10557272699208,19683
2019,"Jesus Aguilar","TBR",3,0,0,0,0.666666666,0.666666666,0.666666666,1.333333332,0,0.666666666,1.0511781381838876,0.6737252580397683,0.579738179842631,274.15179050439275,11342
2019,"Jace Peterson","BAL",7,0,0,0,0.142857142,0.142857142,0.142857142,0.285714284,0,0.142857142,-0.3034789580121847,-1.1842023450151298,0.12422960996627808,-33.92083743152258,12325
2019,"Anthony Santander","BAL",10,0,0,0,0.1,0.1,0.1,0.2,0,0.1,-0.755697881887164,-2.013874149034228,0.08696072697639465,-59.12677971718838,14551
2019,"Chance Sisco","BAL",6,0,0,0,0.333333333,0.333333333,0.333333333,0.666666666,0,0.333333333,0.5989592143089084,-0.1559465459793301,0.2898690899213155,78.10557272699208,15694
2019,"DJ Stewart","BAL",10,0,0,0,0.2,0.2,0.6,0.8,0.4,0.111111111,1.220859437642143,-0.037316829504921024,0.31562002897262575,95.52162149092243,17766
2019,"Stevie Wilkerson","BAL",8,0,0,0,0.142857142,0.142857142,0.142857142,0.285714284,0,0.142857142,-0.3468330948710683,-1.3533741085887196,0.12422960996627808,-33.920837431522585,16041
2019,"Austin Hays","BAL",5,0,0,0,0.6,0.6,1,1.6,0.4,0.6,2.1013973866300018,1.4723092530564696,0.6605871319770813,328.83209905860105,19363
2019,"Austin Wynns","BAL",3,0,0,0,0.333333333,0.333333333,0.333333333,0.666666666,0,0.333333333,0.2994796071544542,-0.07797327298966505,0.2898690899213155,78.10557272699208,15271
2019,"Mark Trumbo","BAL",3,0,0,0,0,0,0,0,0,0,-0.4522189238749792,-0.8296718040190985,0,-100,6876
2020,"Chris Davis","BAL",10,0,0,0,0.1,0.1,0.2,0.3,0.1,0.1,-0.39862032041708656,-1.6532438527123137,0.12381021976470948,-32.35767862645139,9272
2020,"Jose Iglesias","BAL",15,0,0,0,0.533333333,0.533333333,0.933333333,1.466666666,0.4,0.5,5.61708380582574,3.7351485073829003,0.6149018764495849,303.97479054183367,10231
2020,"Hanser Alberto","BAL",19,0,0,0,0.5,0.47368421,0.611111111,1.084795321,0.111111111,0.47368421,4.559192477932315,2.175407766571383,0.45546763194234746,194.78353796164967,11902
2020,"Dwight Smith Jr.","BAL",1,0,0,0,0,0,0,0,0,0,-0.14432077875045402,-0.2697831319799767,0,-100,13473
2020,"Rio Ruiz","BAL",17,0,0,0,0.411764705,0.411764705,1,1.411764705,0.588235295,0.333333333,5.809050461216442,3.676190456314557,0.5760688992107615,277.3793659564183,14103
2020,"Renato Nunez","BAL",14,0,0,0,0.357142857,0.357142857,0.714285714,1.071428571,0.357142857,0.307692307,3.227642163198446,1.4711692179851281,0.4443124532699585,187.14372422051443,14503
2020,"Pedro Severino","BAL",11,0,0,0,0.181818181,0.181818181,0.181818181,0.363636362,0,0.181818181,-0.09835361196469891,-1.4784394974894486,0.16045923666520553,-7.257976403972824,14523
2020,"Anthony Santander","BAL",11,0,0,0,0.272727272,0.272727272,0.727272727,0.999999999,0.454545455,0.2,2.1714295451595125,0.791343659634763,0.4050293402238326,160.24001647559047,14551
2020,"Pat Valaika","BAL",12,0,0,0,0.583333333,0.583333333,0.833333333,1.416666666,0.25,0.545454545,4.405458695105038,2.899910456350765,0.6061894297599792,298.00792332321095,14885
2020,"DJ Stewart","BAL",7,0,0,0,0.333333333,0.333333333,0.333333333,0.666666666,0,0.333333333,0.7271253287521664,-0.15111114385449254,0.29417526721954346,84.31972016557143,17766
2020,"Austin Hays","BAL",20,0,0,0,0.47368421,0.45,0.842105263,1.292105263,0.368421053,0.388888888,5.965263109428459,3.4560160448380053,0.5245746850967408,242.11267806812793,19363
2020,"Cedric Mullins","BAL",12,0,0,0,0.272727272,0.272727272,0.363636363,0.636363635,0.090909091,0.272727272,1.032255114679369,-0.47329312407490337,0.2730139819058505,69.82705419691314,17929
2020,"Chance Sisco","BAL",2,0,0,0,0,0,0,0,0,0,-0.28864155750090803,-0.5395662639599534,0,-100,15694
2020,"Billy McKinney","TOR",0,0,0,0,0,0,0,0,0,0,0,0,0,0,15654
2020,"Bo Bichette","TOR",10,0,0,0,0.4,0.4,0.9,1.3,0.5,0.333333333,3.0603378010551148,1.8057142687598877,0.5337848544120789,248.42041908779134,19612
2020,"Ji Man Choi","TBR",7,0,0,0,0.285714285,0.285714285,0.428571428,0.714285713,0.142857143,0.285714285,0.7789294929794233,-0.09930697962723567,0.302946857043675,90.32709256525088,5452
2020,"Kevin Kiermaier","TBR",6,0,0,0,0.833333333,0.833333333,1,1.833333333,0.166666667,0.833333333,3.1570127031653206,2.4042385837881843,0.7947009007136027,427.1132087201931,11038
2020,"Michael Perez","TBR",8,0,0,0,0.25,0.25,0.25,0.5,0,0.25,0.3346087242866631,-0.6690901015495185,0.2206314504146576,33.95198705232209,12977
2020,"Joey Wendle","TBR",5,0,0,0,0.4,0.4,0.8,1.2,0.4,0.4,1.3375710514861006,0.710259285338487,0.4881293535232544,217.15247320430734,13853
2020,"Austin Meadows","TBR",10,0,0,0,0.4,0.4,0.8,1.2,0.4,0.333333333,2.7603378111128087,1.5057142788175812,0.4982272148132324,224.06816516271596,15672
2020,"Willy Adames","TBR",9,0,0,0,0.666666666,0.666666666,1.333333333,1.999999999,0.666666667,0.625,4.963833535101633,3.834672356035929,0.8247687684165107,447.7056990414725,15986
2020,"Yandy Diaz","TBR",15,0,0,0,0.533333333,0.533333333,0.533333333,1.066666666,0,0.533333333,3.7918881359043715,1.9099528374615307,0.47068042755126954,205.20227963736986,16578
2020,"Brandon Lowe","TBR",12,0,0,0,0.583333333,0.583333333,1.333333333,1.916666666,0.75,0.5,6.230654365026407,4.725106126272134,0.7864662408828735,421.47356195379075,18882
2020,"Yoshi Tsutsugo","TBR",12,0,0,0,0.363636363,0.333333333,0.636363636,0.969696969,0.272727273,0.272727272,2.1716962636695945,0.6661480249153218,0.38555797934532166,146.9047239834629,27459
2020,"Jose A. Martinez","TBR",7,0,0,0,0,0,0,0,0,0,-1.0102454512531782,-1.8884819238598372,0,-100,7996
2020,"Mike Zunino","TBR",5,0,0,0,0.2,0.2,0.8,1,0.6,0,0.9481792834873294,0.32086751733971586,0.39582366943359376,153.93535634731197,13265
2020,"Manuel Margot","TBR",14,0,0,0,0.714285714,0.714285714,0.928571428,1.642857142,0.214285714,0.714285714,6.325383838772039,4.568910893558721,0.7065705146108355,366.755615665587,14712
2020,"Hunter Renfroe","TBR",10,0,0,0,0.4,0.4,1.2,1.6,0.8,0.25,3.985533501149567,2.73090996885434,0.6434441089630127,323.5224236692611,15464
2020,"Mike Brosseau","TBR",6,0,0,0,0.666666666,0.666666666,1.333333333,1.999999999,0.666666667,0.6,3.337620926114624,2.584846806737488,0.8303786913553873,451.54775012947715,19683
2020,"Jonathan Villar","TOR",10,0,0,0,0.2,0.2,0.2,0.4,0,0.2,0.04596716678575516,-1.208656365509472,0.17650516033172609,3.7313471843724897,10071
2020,"Randal Grichuk","TOR",20,0,0,0,0.35,0.35,0.4,0.75,0.05,0.35,2.625696754949259,0.1164496903588054,0.32666285037994386,106.56939375075896,10243
2020,"Joe Panik","TOR",13,0,0,0,0.538461538,0.538461538,0.692307692,1.23076923,0.153846154,0.538461538,3.9359421961447443,2.304931604160949,0.5299102618144109,245.76683848291654,11936
2020,"Teoscar Hernandez","TOR",16,0,0,0,0.5625,0.5625,1.0625,1.625,0.5,0.5,6.842546214372581,4.835148562700217,0.6779418811202049,347.14880936018847,13066
2020,"Reese McGuire","TOR",3,0,0,0,0,0,0,0,0,0,-0.43296233625136205,-0.8093493959399302,0,-100,15674
2020,"Derek Fisher","TOR",3,0,0,0,1,1,1.333333333,2.333333333,0.333333333,1,2.1008000851263873,1.724413025437819,1.0010512669881184,568.4357648218173,16192
2020,"Cavan Biggio","TOR",19,0,0,0,0.315789473,0.315789473,0.736842105,1.052631578,0.421052632,0.235294117,4.1758214466857755,1.7920367353248439,0.43155224699723094,178.40468004335588,19252
2020,"Lourdes Gurriel Jr.","TOR",24,0,0,0,0.416666666,0.416666666,0.541666666,0.958333332,0.125,0.391304347,4.907371781535032,1.8962753040264873,0.4134104400873184,165.9799551877665,19238
2020,"Vladimir Guerrero Jr.","TOR",18,0,0,0,0.333333333,0.333333333,0.555555555,0.888888888,0.222222222,0.294117647,3.094946535399472,0.8366241772680632,0.37485131952497697,139.57208600254094,19611
2020,"Santiago Espinal","TOR",1,0,0,0,0,0,0,0,0,0,-0.14432077875045402,-0.2697831319799767,0,-100,19997
2020,"Travis Shaw","TOR",19,0,0,0,0.421052631,0.421052631,0.736842105,1.157894736,0.315789474,0.388888888,5.039800690823925,2.656015979462993,0.4854488498286197,215.31668468304218,11982
2020,"Rowdy Tellez","TOR",20,0,0,0,0.421052631,0.4,0.578947368,0.978947368,0.157894737,0.368421052,3.9954799422465532,1.4862328776560991,0.4078399479389191,162.1649089469058,15679
2020,"Danny Jansen","TOR",11,0,0,0,0.09090909,0.09090909,0.363636363,0.454545453,0.272727273,0,0.08225461098460497,-1.2978312745401448,0.1799198497425426,6.069955273818544,16535
2020,"Caleb Joseph","TOR",4,0,0,0,0.25,0.25,1,1.25,0.75,0,1.0925000622377834,0.5906506493196926,0.4947795867919922,221.7069985059964,7087
2020,"Giancarlo Stanton","NYY",3,0,0,0,0.333333333,0.333333333,0.666666666,0.999999999,0.333333333,0.333333333,0.6116251308360916,0.2352380711475235,0.41270073254903156,165.49389991582257,4949
2020,"Aaron Hicks","NYY",8,0,0,0,0.25,0.25,0.25,0.5,0,0.25,0.3346087242866631,-0.6690901015495185,0.2206314504146576,33.95198705232209,5297
2020,"DJ LeMahieu","NYY",12,0,0,0,0.25,0.25,0.333333333,0.583333333,0.083333333,0.25,0.8019130763723006,-0.7036351623819719,0.2502628167470296,54.245531989884874,9874
2020,"Gio Urshela","NYY",7,0,0,0,0.4,0.285714285,0.4,0.685714285,0,0.285714285,0.47892950303711723,-0.3993069695695417,0.25215022904532297,55.53815838657181,10681
2020,"Gary Sanchez","NYY",5,0,0,0,0.4,0.4,1.2,1.6,0.8,0.25,1.9927667505747835,1.36545498442717,0.6434441089630127,323.5224236692611,11442
2020,"Luke Voit","NYY",7,0,0,0,0.571428571,0.571428571,1,1.571428571,0.428571429,0.5,2.893300157421864,2.015063684815205,0.6609565360205514,335.5161070340977,14811
2020,"Mike Tauchman","NYY",4,0,0,0,0,0,0,0,0,0,-0.5772831150018161,-1.0791325279199069,0,-100,15274
2020,"Aaron Judge","NYY",6,0,0,0,0.166666666,0.166666666,0.166666666,0.333333332,0,0.166666666,-0.12133719535757642,-0.8741113147347126,0.14708763360977173,-16.415746060927244,15640
2020,"Tyler Wade","NYY",4,0,0,0,0.25,0.25,0.5,0.75,0.25,0.25,0.46730435208563764,-0.0345450608324532,0.3095255494117737,94.83262186501045,15730
2020,"Clint Frazier","NYY",7,0,0,0,0.571428571,0.571428571,1,1.571428571,0.428571429,0.5,2.893300157421864,2.015063684815205,0.6609565360205514,335.5161070340977,15983
2020,"Gleyber Torres","NYY",5,0,0,0,0.2,0.2,0.2,0.4,0,0.2,0.02298358339287758,-0.604328182754736,0.17650516033172609,3.7313471843724897,16997
2020,"Kyle Higashioka","NYY",2,0,0,0,0.5,0.5,0.5,1,0,0.5,0.45594591964423964,0.20502121318519423,0.4412629008293152,185.0551863920701,5517
2020,"Brett Gardner","NYY",6,0,0,0,0.5,0.5,0.666666666,1.166666666,0.166666666,0.5,1.6678377488750247,0.9150636294978887,0.5005256334940592,225.64227626719563,9927
2020,"Ryan Mountcastle","BAL",13,0,0,0,0.307692307,0.307692307,0.307692307,0.615384614,0,0.307692307,1.1021797848246881,-0.528830807159107,0.2715464005103478,68.82195613072545,18373
2020,"Ramon Urias","BAL",9,0,0,0,0.666666666,0.666666666,0.888888888,1.555555554,0.222222222,0.666666666,3.768637834001412,2.6394766549357076,0.6673675113254123,339.90677245206956,18795
2020,"Bryan Holaday","BAL",1,0,0,0,0,0,0,0,0,0,-0.14432077875045402,-0.2697831319799767,0,-100,11287
2021,"Freddy Galvis","BAL",9,0,0,0,0.222222222,0.222222222,0.333333333,0.555555555,0.111111111,0.222222222,0.5027783160403667,-0.5867237875863613,0.23563353882895577,45.62805674237736,6609
2021,"Maikel Franco","BAL",20,0,0,0,0.2,0.2,0.25,0.45,0.05,0.2,0.4273690505284816,-1.993746735308692,0.19394062459468842,17.453037252003828,12179
2021,"Rio Ruiz","BAL",7,0,0,0,0.285714285,0.285714285,0.285714285,0.57142857,0,0.285714285,0.4809658384139238,-0.3664246866290869,0.25115866320473806,56.119544082895864,14103
2021,"Pedro Severino","BAL",16,0,0,0,0.5625,0.5625,0.625,1.1875,0.0625,0.5625,4.620299830164514,2.683407201494775,0.5171305686235428,235.85664705823777,14523
2021,"Ryan Mountcastle","BAL",14,0,0,0,0.428571428,0.428571428,0.714285714,1.142857142,0.285714286,0.384615384,3.6493924216272235,1.9546113715412023,0.4831704582486834,212.90726131056346,18373
2021,"Anthony Santander","BAL",20,0,0,0,0.45,0.45,0.5,0.95,0.05,0.45,4.063924726238705,1.6428089404015314,0.41370445489883423,165.96388893551065,14551
2021,"Pat Valaika","BAL",10,0,0,0,0.1,0.1,0.1,0.2,0,0.1,-0.6636266246724773,-1.874184517591064,0.08790553212165833,-54.20280288199491,14885
2021,"Trey Mancini","BAL",27,0,0,0,0.23076923,0.222222222,0.423076923,0.645299145,0.192307693,0.192307692,2.1411733634576926,-1.1273329474224918,0.2639621341670001,64.77180671628295,15149
2021,"Chance Sisco","BAL",1,0,0,0,1,1,1,2,0,1,0.5882173591605924,0.46716156986873375,0.8790553212165833,480.43626317862964,15694
2021,"Cedric Mullins","BAL",30,0,0,0,0.466666666,0.466666666,0.6,1.066666666,0.133333334,0.466666666,7.209542730902449,3.577869052146688,0.4585713108380636,196.28377814873787,17929
2021,"Kevin Kiermaier","TBR",7,0,0,0,0.428571428,0.428571428,0.571428571,0.999999999,0.142857143,0.428571428,1.5082770031453157,0.6608864781023048,0.42853673866816927,175.9871720751741,11038
2021,"Austin Hays","BAL",22,0,0,0,0.318181818,0.318181818,0.636363636,0.954545454,0.318181818,0.25,4.196791793843591,1.5335644294227007,0.39867750081149017,155.80905250664122,19363
2021,"Mike Zunino","TBR",15,0,0,0,0.533333333,0.533333333,1.6,2.133333333,1.066666667,0.363636363,8.633436242817188,6.817599403439307,0.8637600859006246,470.10012906443546,13265
2021,"Joey Wendle","TBR",19,0,0,0,0.263157894,0.263157894,0.421052631,0.684210525,0.157894737,0.263157894,1.8637739241721387,-0.4362860723731762,0.28667321016913966,80.11937885797114,13853
2021,"Manuel Margot","TBR",20,0,0,0,0.315789473,0.3,0.368421052,0.668421052,0.052631579,0.3,1.8819913208125705,-0.5391244650246029,0.2818461567163467,76.85737792540654,14712
2021,"Joseph Odom","TBR",1,0,0,0,0,0,0,0,0,0,-0.13909377598145223,-0.2601495652733109,0,-100,15535
2021,"Austin Meadows","TBR",24,0,0,0,0.125,0.125,0.291666666,0.416666666,0.166666666,0.086956521,0.07652125638656815,-2.82881768661804,0.17196751882632574,2.6041667746595993,15672
2021,"Willy Adames","TBR",8,0,0,0,0.375,0.375,0.625,1,0.25,0.375,1.6691832567532106,0.7007369424183413,0.42029354721307755,170.4166312728427,15986
2021,"Brandon Lowe","TBR",16,0,0,0,0.666666666,0.625,1.133333333,1.758333333,0.466666667,0.571428571,7.213287855158438,5.276395226488699,0.7130044363439083,368.22326479253593,18882
2021,"Randy Arozarena","TBR",18,0,0,0,0.611111111,0.611111111,0.888888888,1.499999999,0.277777777,0.611111111,6.9967346668430865,4.81773045958963,0.637920253806644,317.48326867426357,19290
2021,"Mike Brosseau","TBR",7,0,0,0,0.285714285,0.285714285,0.428571428,0.714285713,0.142857143,0.285714285,0.7809658680032711,-0.06642465703973963,0.30295740706580027,91.12382825602738,19683
2021,"Yoshi Tsutsugo","TBR",7,0,0,0,0.285714285,0.285714285,0.285714285,0.57142857,0,0.285714285,0.4809658384139238,-0.3664246866290869,0.25115866320473806,56.119544082895864,27459
2021,"Francisco Mejia","TBR",15,0,0,0,0.214285714,0.214285714,0.285714285,0.499999999,0.071428571,0.214285714,0.5728077549376609,-1.2430290844402192,0.21426836933408464,31.190014259888226,16403
2021,"Yandy Diaz","TBR",17,0,0,0,0.294117647,0.294117647,0.294117647,0.588235294,0,0.294117647,1.2719614840255358,-0.7859869339360617,0.2585456827107598,61.11150548402215,16578
2021,"Kevin Padlo","TBR",1,0,0,0,0,0,0,0,0,0,-0.13909377598145223,-0.2601495652733109,0,-100,16593
2021,"Randal Grichuk","TOR",32,0,0,0,0.40625,0.40625,0.59375,1,0.1875,0.366666666,6.8697208152919895,2.995935557952512,0.4275826793164015,175.34244283701167,10243
2021,"Danny Jansen","TOR",6,0,0,0,0,0,0,0,0,0,-0.8345626558887134,-1.5608973916398654,0,-100,16535
2021,"Marcus Semien","TOR",31,0,0,0,0.4,0.387096774,0.666666666,1.05376344,0.266666666,0.344827586,6.881503515310092,3.128774047262473,0.4364120268052624,181.30909309772855,12533
2021,"Joshua Palacios","TOR",2,0,0,0,0,0,0,0,0,0,-0.27818755196290446,-0.5202991305466218,0,-100,19818
2021,"Lourdes Gurriel Jr.","TOR",25,0,0,0,0.291666666,0.28,0.5,0.78,0.208333334,0.25,3.1466720505626413,0.12027731826617445,0.3202413177490234,102.80385900737849,19238
2021,"Santiago Espinal","TOR",7,0,0,0,0.285714285,0.285714285,0.285714285,0.57142857,0,0.285714285,0.4809658384139238,-0.3664246866290869,0.25115866320473806,56.119544082895864,19997
2021,"Cavan Biggio","TOR",26,0,0,0,0.307692307,0.307692307,0.615384615,0.923076922,0.307692308,0.25,4.667727854649173,1.520277333060848,0.3850981363883385,146.63246064886397,19252
2021,"Alejandro Kirk","TOR",5,0,0,0,0.2,0.2,0.2,0.4,0,0.2,0.03184225523478364,-0.5734366912245097,0.17581106424331666,5.20153779140781,22581
2021,"Vladimir Guerrero Jr.","TOR",33,0,0,0,0.515151515,0.515151515,1.06060606,1.575757575,0.545454545,0.428571428,13.338387003424575,9.343545956793239,0.6566372875011328,330.1317677976655,19611
2021,"Rowdy Tellez","TOR",12,0,0,0,0.25,0.25,0.5,0.75,0.25,0.181818181,1.4456465385746475,-0.007022932927656624,0.31371910373369855,98.39631133705683,15679
2021,"Bo Bichette","TOR",34,0,0,0,0.470588235,0.470588235,0.882352941,1.352941176,0.411764706,0.4,11.239143617785794,7.123246781862599,0.5676447258276098,269.99283997983076,19612
2021,"Reese McGuire","TOR",13,0,0,0,0.538461538,0.538461538,1.076923076,1.615384614,0.538461538,0.5,5.4157974215187625,3.8420721607246,0.6716319505984967,340.26478279023655,15674
2021,"Teoscar Hernandez","TOR",23,0,0,0,0.434782608,0.434782608,0.826086956,1.260869564,0.391304348,0.38095238,6.839631482466967,4.055348328754217,0.5275327563285828,242.88618305289705,13066
2021,"Riley Adams","TOR",3,0,0,0,0,0,0,0,0,0,-0.4172813279443567,-0.7804486958199327,0,-100,19864
2021,"Joe Panik","TOR",5,0,0,0,0.2,0.2,0.2,0.4,0,0.2,0.03184225523478364,-0.5734366912245097,0.17581106424331666,5.20153779140781,11936
2021,"Jonathan Davis","TOR",2,0,0,0,0.5,0.5,0.5,1,0,0.5,0.44912358317914025,0.20701200459542288,0.4395276606082916,183.41455981161602,15104
2021,"Giancarlo Stanton","NYY",21,0,0,0,0.619047619,0.619047619,1.142857142,1.761904761,0.523809523,0.555555555,9.932590855192597,7.390419280063566,0.739775782539731,386.31466508690283,4949
2021,"Gary Sanchez","NYY",11,0,0,0,0.272727272,0.272727272,0.454545454,0.727272726,0.181818182,0.272727272,1.2219018321503199,-0.10971185006012556,0.3023717403411865,90.72804946042345,11442
2021,"DJ LeMahieu","NYY",34,0,0,0,0.382352941,0.382352941,0.529411764,0.911764705,0.147058823,0.363636363,6.258694877581839,2.1427980416586445,0.39059896679485545,150.3497830467661,9874
2021,"Luke Voit","NYY",7,0,0,0,0.428571428,0.428571428,0.428571428,0.857142856,0,0.428571428,1.2082769735559684,0.36088644851295787,0.3767379948071071,140.98288790204262,14811
2021,"Gio Urshela","NYY",21,0,0,0,0.285714285,0.285714285,0.333333333,0.619047618,0.047619048,0.285714285,1.742897544831119,-0.7992740302979131,0.2684249111584255,67.78763880727304,10681
2021,"Aaron Judge","NYY",18,0,0,0,0.277777777,0.277777777,0.555555555,0.833333332,0.277777778,0.235294117,2.665706212148718,0.4867020048952619,0.34710679451624554,120.95887036689955,15640
2021,"Tyler Wade","NYY",3,0,0,0,0.666666666,0.666666666,0.666666666,1.333333332,0,0.666666666,1.0373409423397328,0.6741735744641567,0.5860368808110555,282.4217942672873,15730
2021,"Miguel Andujar","NYY",8,0,0,0,0.375,0.375,0.375,0.75,0,0.375,1.0691831975745163,0.10073688323964688,0.3296457454562187,109.15913396986258,15878
2021,"Clint Frazier","NYY",3,0,0,0,0.333333333,0.333333333,0.333333333,0.666666666,0,0.333333333,0.3100298071976881,-0.053137560677887954,0.29301844040552777,84.40732535594479,15983
2021,"Brett Gardner","NYY",18,0,0,0,0.4375,0.411764705,0.625,1.036764705,0.1875,0.411764705,3.8399123044351757,1.66090809718172,0.4259506393881405,174.23955143130542,9927
2021,"Gleyber Torres","NYY",29,0,0,0,0.357142857,0.344827586,0.5,0.844827586,0.142857143,0.321428571,4.47223032247362,0.9616124330097187,0.35450371380510004,125.95752179148394,16997
2021,"Rougned Odor","NYY",17,0,0,0,0.3125,0.3125,0.625,0.9375,0.3125,0.266666666,3.1278871243685984,1.069938706407001,0.3904951438307762,150.27962210718667,12282
2021,"Kyle Higashioka","NYY",4,0,0,0,0.5,0.5,0.5,1,0,0.5,0.8982471663582805,0.41402400919084575,0.4395276606082916,183.41455981161602,5517
2021,"Rob Brantly","NYY",8,0,0,0,0.125,0.125,0.125,0.25,0,0.125,-0.3854390727095731,-1.3538853870444425,0.1098819151520729,-39.351717713644256,10655
2021,"Greg Allen","NYY",7,0,0,0,0.285714285,0.285714285,0.285714285,0.57142857,0,0.285714285,0.4809658384139238,-0.3664246866290869,0.25115866320473806,56.119544082895864,16623
2021,"Estevan Florial","NYY",5,0,0,0,0.4,0.4,0.6,1,0.2,0.4,1.0591534199661754,0.453874473506882,0.42414036989212034,173.01621698059733,19151
2021,"Chris Gittens","NYY",6,0,0,0,0.166666666,0.166666666,0.166666666,0.333333332,0,0.166666666,-0.1072515207466686,-0.8335862564978207,0.14650922020276388,-14.59990909972644,18482
2021,"Ryan LaMarre","NYY",3,0,0,0,0,0,0,0,0,0,-0.4172813279443567,-0.7804486958199327,0,-100,10700
2021,"George Springer","TOR",8,0,0,0,0.5,0.5,1.125,1.625,0.625,0.428571428,3.329332836821195,2.3608865224863256,0.6711083725094795,339.91096192801757,12856
2021,"Breyvic Valera","TOR",1,0,0,0,0,0,0,0,0,0,-0.13909377598145223,-0.2601495652733109,0,-100,12758
2021,"Nelson Cruz","TBR",20,0,0,0,0.45,0.45,1,1.45,0.55,0.352941176,7.162440090605873,4.741324304768699,0.6009535074234009,292.5020741722125,2434
2021,"Ji Man Choi","TBR",6,0,0,0,0.333333333,0.333333333,0.5,0.833333333,0.166666667,0.333333333,0.9200596439847234,0.1937249082335713,0.35345030824343365,125.24565689126489,5452
2021,"Wander Franco","TBR",23,0,0,0,0.304347826,0.304347826,0.52173913,0.826086956,0.217391304,0.272727272,3.3948595058670117,0.6105763521542623,0.3465119004249573,120.55685594971162,23667
2021,"Brett Phillips","TBR",2,0,0,0,0.5,0.5,2,2.5,1.5,0,1.3819620281050802,1.1398504495213628,1.003259301185608,564.370179065302,14735
2021,"Jordan Luplow","TBR",6,0,0,0,0.833333333,0.833333333,1.5,2.333333333,0.666666667,0.8,4.034831494336797,3.308496758585645,0.9808885157108307,549.2525666761738,16424
2021,"Jorge Mateo","BAL",9,0,0,0,0.444444444,0.444444444,0.666666666,1.11111111,0.222222222,0.444444444,2.2574006159138036,1.167898512287075,0.47126707765791154,204.86325704015243,17273
2021,"Richie Martin Jr.","BAL",11,0,0,0,0.454545454,0.454545454,0.727272727,1.181818181,0.272727273,0.4,3.0393625848401884,1.707748902629743,0.5020672624761408,225.67724482437578,17736
2021,"DJ Stewart","BAL",3,0,0,0,0.333333333,0.333333333,0.666666666,0.999999999,0.333333333,0.333333333,0.6100298367870354,0.24686246891145924,0.41388217608133954,166.083988426585,17766
2021,"Austin Wynns","BAL",5,0,0,0,0.4,0.4,1,1.4,0.6,0.25,1.691991835302768,1.0867128888434747,0.5771147847175598,276.3924668396876,15271
2021,"Ryan McKenna","BAL",5,0,0,0,0.25,0.25,0.5,0.75,0.25,0.25,0.5886700760069787,-0.016608870452314597,0.31041163206100464,96.16120543108929,19928
2021,"Ramon Urias","BAL",3,0,0,0,0.333333333,0.333333333,0.333333333,0.666666666,0,0.333333333,0.3100298071976881,-0.053137560677887954,0.29301844040552777,84.40732535594479,18795
2021,"Taylor Walls","TBR",3,0,0,0,0.333333333,0.333333333,0.333333333,0.666666666,0,0.333333333,0.3100298071976881,-0.053137560677887954,0.29301844040552777,84.40732535594479,22458
2021,"Josh Lowe","TBR",1,0,0,0,1,1,1,2,0,1,0.5882173591605924,0.46716156986873375,0.8790553212165833,480.43626317862964,19953
2021,"Kelvin Gutierrez","BAL",7,0,0,0,0.428571428,0.428571428,0.571428571,0.999999999,0.142857143,0.428571428,1.5082770031453157,0.6608864781023048,0.42853673866816927,175.9871720751741,17468
2021,"Anthony Rizzo","NYY",9,0,0,0,0.333333333,0.333333333,0.555555555,0.888888888,0.222222222,0.333333333,1.5300894807717587,0.44058737714503055,0.3735942641894023,138.85843406970488,3473
2021,"Joey Gallo","NYY",6,0,0,0,0.166666666,0.166666666,0.166666666,0.333333332,0,0.166666666,-0.1072515207466686,-0.8335862564978207,0.14650922020276388,-14.59990909972644,14128
2022,"George Springer","TOR",28,0,0,0,0.407407407,0.392857142,0.518518518,0.91137566,0.111111111,0.392857142,4.905441965891586,1.7037413082854618,0.3863383914743151,155.68714966707032,12856
2022,"Zack Collins","TOR",6,0,0,0,0.333333333,0.333333333,0.833333333,1.166666666,0.5,0.2,1.5578750824080212,0.8717963700638514,0.49264204502105713,230.735297604473,19181
2022,"Raimel Tapia","TOR",20,0,0,0,0.45,0.45,0.9,1.35,0.45,0.388888888,6.442751066957157,4.1558220258099245,0.5713037312030792,286.2687968270392,14350
2022,"Alejandro Kirk","TOR",23,0,0,0,0.5,0.478260869,0.5,0.978260869,0,0.478260869,4.694076557468661,2.0641081601493445,0.4227112583492113,181.3656301619519,22581
2022,"Matt Chapman","TOR",28,0,0,0,0.535714285,0.535714285,0.857142857,1.392857142,0.321428572,0.518518518,9.558005030837641,6.356304373231518,0.5954966928277697,303.34851988900647,16505
2022,"Cavan Biggio","TOR",16,0,0,0,0.3125,0.3125,0.4375,0.75,0.125,0.3125,2.0031854635653144,0.1736422306475286,0.3234066516160965,111.25866235490986,19252
2022,"Lourdes Gurriel Jr.","TOR",41,0,0,0,0.31707317,0.31707317,0.365853658,0.682926828,0.048780488,0.31707317,4.327318419369943,-0.36088611498188244,0.2986661690037425,93.79240096890516,19238
2022,"Gosuke Katoh","TOR",1,0,0,0,0,0,0,0,0,0,-0.13172692248239967,-0.24607337453976127,0,-100,15697
2022,"Vladimir Guerrero Jr.","TOR",29,0,0,0,0.535714285,0.517241379,0.714285714,1.231527093,0.178571429,0.517241379,8.212367936802377,4.896320827138889,0.522272175755994,251.65354792427382,19611
2022,"Bradley Zimmer","TOR",4,0,0,0,0,0,0,0,0,0,-0.5269076899295987,-0.9842934981590451,0,-100,16221
2022,"Bo Bichette","TOR",25,0,0,0,0.44,0.44,0.56,1,0.12,0.44,5.330622655681343,2.471961354247303,0.43420949935913083,189.483146950337,19612
2022,"Trey Mancini","BAL",13,0,0,0,0.615384615,0.615384615,0.846153846,1.461538461,0.230769231,0.615384615,4.77485604642835,3.2883521696826485,0.6281478863496047,326.39957711990394,15149
2022,"Santiago Espinal","TOR",18,0,0,0,0.235294117,0.222222222,0.235294117,0.457516339,0,0.222222222,0.43756840424911647,-1.6206677327833923,0.1964112917582194,21.60260411052463,19997
2022,"Jorge Mateo","BAL",21,0,0,0,0.476190476,0.476190476,0.904761904,1.38095238,0.428571428,0.45,6.969277227049051,4.568001733844457,0.5835549206960768,294.9178794390057,17273
2022,"Rougned Odor","BAL",28,0,0,0,0.285714285,0.285714285,0.464285714,0.749999999,0.178571429,0.259259259,3.472862263312015,0.27116160570589043,0.3219360538891384,110.22045122963904,12282
2022,"Ramon Urias","BAL",23,0,0,0,0.434782608,0.434782608,0.826086956,1.260869564,0.391304348,0.38095238,6.749733551743036,4.119765154423718,0.5352141494336335,260.7903096700438,18795
2022,"Anthony Santander","BAL",38,0,0,0,0.243243243,0.236842105,0.756756756,0.993598861,0.513513513,0.09375,7.277306873843254,2.9321416956635136,0.40687335164923416,170.1844004922112,14551
2022,"Ryan McKenna","BAL",5,0,0,0,0.8,0.8,1,1.8,0.2,0.8,2.4500183775794726,1.8782861172926646,0.7826058864593506,435.4436829017868,19928
2022,"Cedric Mullins","BAL",34,0,0,0,0.323529411,0.323529411,0.5,0.823529411,0.176470589,0.303030303,5.058990543833453,1.1712111738831583,0.35310663545832915,132.2262275021442,17929
2022,"Robinson Chirinos","BAL",6,0,0,0,0.333333333,0.333333333,1.333333333,1.666666666,1,0,2.5017851952442847,1.8157064829001153,0.6906671524047852,370.5368665855378,3142
2022,"Ryan Mountcastle","BAL",23,0,0,0,0.454545454,0.434782608,0.727272727,1.162055335,0.272727273,0.409090909,5.805823438906771,3.175855041587454,0.4835554257683132,224.32033515324426,18373
2022,"Chris Owings","BAL",4,0,0,0,0,0,0,0,0,0,-0.5269076899295987,-0.9842934981590451,0,-100,10030
2022,"Austin Hays","BAL",34,0,0,0,0.352941176,0.352941176,0.617647058,0.970588234,0.264705882,0.3125,6.705063908902794,2.8172845389524994,0.41404785478816314,175.24944910515424,19363
2022,"Ji Man Choi","TBR",10,0,0,0,0.5,0.5,1.2,1.7,0.7,0.375,4.381367243073079,3.2379027224994634,0.7173181533813476,389.3519138321451,5452
2022,"Adley Rutschman","BAL",25,0,0,0,0.2,0.2,0.4,0.6,0.2,0.166666666,1.7615532740599806,-1.0971080273740592,0.2545062828063965,62.61644829311057,26288
2022,"Brett Phillips","TBR",2,0,0,0,0,0,0,0,0,0,-0.26345384496479934,-0.49214674907952255,0,-100,14735
2022,"Harold Ramirez","TBR",21,0,0,0,0.2,0.19047619,0.2,0.39047619,0,0.19047619,0.04238763680191758,-2.358887856402676,0.1683525357927595,1.793711392557911,14387
2022,"Francisco Mejia","TBR",8,0,0,0,0,0,0,0,0,0,-1.0538153798591974,-1.9685869963180902,0,-100,16403
2022,"Yandy Diaz","TBR",25,0,0,0,0.48,0.48,0.76,1.24,0.28,0.458333333,7.276696001809846,4.418034700375805,0.5321946048736572,258.6585745952842,16578
2022,"Josh Lowe","TBR",10,0,0,0,0.2,0.2,0.4,0.6,0.2,0.2,0.6870572417604794,-0.45640727881313653,0.2522953987121582,61.05561053221569,19953
2022,"Randy Arozarena","TBR",20,0,0,0,0.45,0.45,0.85,1.3,0.4,0.421052631,6.1288408385817705,3.8419117974345385,0.5515469431877136,272.32091921158997,19290
2022,"Isaac Paredes","TBR",18,0,0,0,0.277777777,0.277777777,0.611111111,0.888888888,0.333333334,0.1875,3.027551882154722,0.9693157451222132,0.37753085295359295,149.46921235434297,20036
2022,"Wander Franco","TBR",12,0,0,0,0.5,0.5,0.916666666,1.416666666,0.416666666,0.454545454,4.146166596221697,2.7740091715333577,0.6007287800312042,307.04226362559496,23667
2022,"Kevin Kiermaier","TBR",7,0,0,0,0.285714285,0.285714285,0.571428571,0.857142856,0.285714286,0.285714285,1.0822380092076784,0.2818128448061472,0.360421998160226,137.39072000969773,11038
2022,"Rene Pinto","TBR",4,0,0,0,0.75,0.75,1,1.75,0.25,0.75,1.8795820478287946,1.4221962395993482,0.7572946548461914,417.5744847020561,19859
2022,"Taylor Walls","TBR",14,0,0,0,0.153846153,0.142857142,0.23076923,0.373626372,0.076923077,0.142857142,-0.13985042922827967,-1.740700758031342,0.1532377004623413,-8.877045068582266,22458
2022,"Vidal Brujan","TBR",11,0,0,0,0.181818181,0.181818181,0.454545454,0.636363635,0.272727273,0.1,0.8992404699960226,-0.358570502634955,0.2687138427387584,72.6466873682387,20536
2022,"Giancarlo Stanton","NYY",9,0,0,0,0.444444444,0.444444444,0.888888888,1.333333332,0.444444444,0.375,2.8670208004861375,1.8379027319698829,0.5667977862887912,283.087694303817,4949
2022,"Josh Donaldson","NYY",24,0,0,0,0.291666666,0.291666666,0.541666666,0.833333332,0.25,0.227272727,3.641516851726479,0.8972020023498006,0.356802374124527,134.83534142160926,5038
2022,"Aaron Hicks","NYY",19,0,0,0,0.315789473,0.315789473,0.789473684,1.105263157,0.473684211,0.235294117,4.467988232740323,2.2954056436504526,0.4618169571224012,208.97343261095628,5297
2022,"Matt Carpenter","NYY",11,0,0,0,0.636363636,0.636363636,1.272727272,1.909090908,0.636363636,0.555555555,5.653966825056834,4.396155852425857,0.812807559967041,456.7654304216466,8090
2022,"DJ LeMahieu","NYY",19,0,0,0,0.263157894,0.263157894,0.263157894,0.526315788,0,0.263157894,1.0080047339997946,-1.1645778550900758,0.2325923191873651,47.14564998369226,9874
2022,"Joey Gallo","NYY",6,0,0,0,0.166666666,0.166666666,0.5,0.666666666,0.333333334,0.166666666,0.48180175711444284,-0.20427695522972683,0.26689010858535767,71.35916933874095,14128
2022,"Isiah Kiner-Falefa","NYY",25,0,0,0,0.28,0.28,0.4,0.68,0.12,0.25,2.565879816407816,-0.2927814850262245,0.2950042533874512,91.20716541267964,16512
2022,"Jose Trevino","NYY",22,0,0,0,0.454545454,0.454545454,0.59090909,1.045454544,0.136363636,0.454545454,5.023640170895465,2.50801822563351,0.4532448486848311,202.92170399491823,16725
2022,"Marwin Gonzalez","NYY",9,0,0,0,0.125,0.125,0.5,0.625,0.375,0,0.6662902333614122,-0.3628278351548423,0.25900018215179443,65.78904689755018,5497
2022,"Gleyber Torres","NYY",32,0,0,0,0.34375,0.34375,0.4375,0.78125,0.09375,0.34375,4.408534198304546,0.7494477324689744,0.339226171374321,122.42691122974152,16997
2022,"Aaron Judge","NYY",18,0,0,0,0.444444444,0.444444444,1,1.444444444,0.555555556,0.333333333,6.377951732749379,4.31971559571687,0.6118269231584337,314.8773197074309,15640
2022,"Anthony Rizzo","NYY",15,0,0,0,0.266666666,0.266666666,0.533333333,0.799999999,0.266666667,0.266666666,2.0327490959329566,0.3175523150725329,0.33639386494954426,120.42736234803503,3473
2022,"Kyle Higashioka","NYY",6,0,0,0,0.166666666,0.166666666,0.166666666,0.333333332,0,0.166666666,-0.08819828266132035,-0.77427699500549,0.14730846881866455,-13.062958145917131,5517
2022,"Teoscar Hernandez","TOR",14,0,0,0,0.571428571,0.571428571,0.928571428,1.499999999,0.357142857,0.538461538,5.3170391780656105,3.716188849262548,0.6438721077782767,337.5005473745205,13066
2022,"Danny Jansen","TOR",13,0,0,0,0.461538461,0.461538461,1.153846153,1.615384614,0.692307692,0.3,5.332259859636062,3.845755982890361,0.6821197546445407,364.502583188979,16535
2022,"Terrin Vavra","BAL",7,0,0,0,0.428571428,0.428571428,0.714285714,1.142857142,0.285714286,0.428571428,1.7544013390981985,0.9539761746966673,0.4812917539051601,222.72223033558674,24400
2022,"Andrew Benintendi","NYY",7,0,0,0,0.428571428,0.428571428,0.571428571,0.999999999,0.142857143,0.428571428,1.4844012803815956,0.6839761159800644,0.4327398027692522,188.44557200892817,17901
2022,"Tim Locastro","NYY",3,0,0,0,0,0,0,0,0,0,-0.395180767447199,-0.7382201236192838,0,-100,15124
2022,"Miguel Andujar","NYY",6,0,0,0,0.166666666,0.166666666,0.166666666,0.333333332,0,0.166666666,-0.08819828266132035,-0.77427699500549,0.14730846881866455,-13.062958145917131,15878
2022,"Jackie Bradley Jr.","TOR",6,0,0,0,0.333333333,0.333333333,0.5,0.833333333,0.166666667,0.333333333,0.9139649506309175,0.22788623828674792,0.3575546344121297,135.3664213936313,12984
2022,"Whit Merrifield","TOR",4,0,0,0,0.25,0.25,0.25,0.5,0,0.25,0.17525556230347894,-0.28213024592596747,0.22096270322799683,38.93538523874551,11281
2022,"David Peralta","TBR",10,0,0,0,0.6,0.6,1,1.6,0.4,0.6,4.0957102128111105,2.9522456922374944,0.6813609600067139,363.96689010286417,2136
2022,"Yu Chang","TBR",3,0,0,0,0.333333333,0.333333333,0.333333333,0.666666666,0,0.333333333,0.30698248478587864,-0.03605687138620618,0.2946169376373291,90.93372862340817,14773
2022,"Jose Siri","TBR",13,0,0,0,0.384615384,0.384615384,0.692307692,1.076923076,0.307692308,0.333333333,3.0422763627896168,1.555772486043916,0.4603869915008545,207.96390689917965,17452
2022,"Brandon Lowe","TBR",1,0,0,0,0,0,0,0,0,0,-0.13172692248239967,-0.24607337453976127,0,-100,18882
2022,"Christian Bethancourt","TBR",9,0,0,0,0.222222222,0.222222222,0.222222222,0.444444444,0,0.222222222,0.21878420212455824,-0.8103338663916961,0.1964112917582194,21.60260411052463,10028
2022,"Manuel Margot","TBR",14,0,0,0,0.23076923,0.214285714,0.461538461,0.675824175,0.230769231,0.153846153,1.2062229547819014,-0.394627374021161,0.2742645059313093,76.56533906577504,14712
2022,"Estevan Florial","NYY",0,0,0,0,0,0,0,0,0,0,0,0,0,0,19151
2022,"Oswaldo Cabrera","NYY",4,0,0,0,0.25,0.25,0.25,0.5,0,0.25,0.17525556230347894,-0.28213024592596747,0.22096270322799683,38.93538523874551,21707
2022,"Kyle Stowers","BAL",10,0,0,0,0.5,0.5,1,1.5,0.5,0.444444444,3.707457188953418,2.563992668379802,0.6324894547462463,329.4646332721672,26151
2022,"Gunnar Henderson","BAL",8,0,0,0,0.375,0.375,0.875,1.25,0.5,0.285714285,2.2965844707354597,1.3818128542765669,0.5271661579608917,255.1085966292055,26289
2022,"Jesus Aguilar","BAL",5,0,0,0,0.4,0.4,0.4,0.8,0,0.4,0.7456918920541571,0.17395963176734902,0.35354032516479494,132.5324033311383,11342
2022,"Tyler Nevin","BAL",2,0,0,0,0.5,0.5,0.5,1,0,0.5,0.4387094072682783,0.21001650315355508,0.44192540645599365,194.9304153927335,17893
2022,"Jonathan Aranda","TBR",4,0,0,0,0,0,0,0,0,0,-0.5269076899295987,-0.9842934981590451,0,-100,21837
2023,"Anthony Santander","BAL",20,0,0,0,0.4,0.4,0.55,0.95,0.15,0.4,3.912254595887802,1.4753709973217464,0.407198429107666,163.2542647965755,14551
2023,"Jorge Mateo","BAL",9,0,0,0,0.375,0.375,0.375,0.75,0,0.375,1.1906005990751616,0.09400297972043674,0.33095110952854156,110.40557629277797,17273
2023,"Adam Frazier","BAL",10,0,0,0,0.7,0.7,1.5,2.2,0.8,0.666666666,6.106440467086522,4.887998667803496,0.9069321513175964,509.63066157612474,15223
2023,"Ryan McKenna","BAL",2,0,0,0,0.5,0.5,0.5,1,0,0.5,0.4478155949191938,0.20412723506258829,0.4412681460380554,186.86873239236067,19928
2023,"Cedric Mullins","BAL",18,0,0,0,0.388888888,0.388888888,0.777777777,1.166666665,0.388888889,0.3125,4.727360693238343,2.5341654545288934,0.487894422478146,219.1864266178892,17929
2023,"Terrin Vavra","BAL",3,0,0,0,0.333333333,0.333333333,0.333333333,0.666666666,0,0.333333333,0.30524802435158604,-0.06028451543332221,0.2941787640253703,84.91785759291709,24400
2023,"Ryan Mountcastle","BAL",16,0,0,0,0.25,0.25,0.5,0.75,0.25,0.2,1.8821827404739024,-0.06732413837894179,0.3133081868290901,98.17687984565501,18373
2023,"Bo Bichette","TOR",12,0,0,0,0.583333333,0.583333333,0.916666666,1.499999999,0.333333333,0.545454545,4.651305230907562,3.1891750717679286,0.6383783221244812,323.4901159953621,19612
2023,"Ramon Urias","BAL",13,0,0,0,0.461538461,0.461538461,0.769230769,1.23076923,0.307692308,0.416666666,3.7757869242855446,2.191812585217609,0.5213848902628972,242.39940393397794,18795
2023,"Santiago Espinal","TOR",5,0,0,0,0.2,0.2,0.4,0.6,0.2,0.2,0.32011292281793124,-0.2891079768235826,0.24875247478485107,53.43190079853692,19997
2023,"Austin Hays","BAL",17,0,0,0,0.470588235,0.470588235,0.823529411,1.294117646,0.352941176,0.4375,5.271418193327054,3.200067134545907,0.5450310777215397,258.7890947742884,19363
2023,"Brandon Belt","TOR",7,0,0,0,0.714285714,0.714285714,1.285714285,1.999999999,0.571428571,0.666666666,3.898241611636782,3.0453323521386624,0.8422096116202218,464.77005062583885,10264
2023,"Adley Rutschman","BAL",24,0,0,0,0.391304347,0.375,0.695652173,1.070652173,0.304347826,0.318181818,5.337856741941516,2.4135964236622494,0.4394655078649521,185.6192843616462,26288
2023,"Jose Siri","TBR",2,0,0,0,0.5,0.5,1,1.5,0.5,0.5,0.7478156345207546,0.5041272746641491,0.6218811869621277,312.05559000529735,17452
2023,"Gunnar Henderson","BAL",17,0,0,0,0.294117647,0.294117647,0.647058823,0.94117647,0.352941176,0.25,3.0425659218013283,0.9712148630201812,0.38716451560749726,149.3683202161405,26289
2023,"Brandon Lowe","TBR",5,0,0,0,0.2,0.2,0.2,0.4,0,0.2,0.020112883216370434,-0.5891080164251434,0.17650725841522216,3.3571577533622303,18882
2023,"Kevin Kiermaier","TOR",15,0,0,0,0.4,0.4,0.466666666,0.866666666,0.066666666,0.4,2.5591908974139,0.7315281984893587,0.3770962556203206,142.38978852775273,11038
2023,"Randy Arozarena","TBR",10,0,0,0,0.3,0.3,0.3,0.6,0,0.3,0.7731765024871501,-0.4452652967958775,0.26476088762283323,64.52768263302835,19290
2023,"Whit Merrifield","TOR",23,0,0,0,0.173913043,0.173913043,0.347826086,0.521739129,0.173913043,0.136363636,0.8842097465006482,-1.9182063918503154,0.21795352127241052,32.084471021247396,11281
2023,"Francisco Mejia","TBR",8,0,0,0,0.5,0.5,0.625,1.125,0.125,0.5,2.091262419278336,1.1165089798519139,0.4864214062690735,218.16544679559482,16403
2023,"Matt Chapman","TOR",18,0,0,0,0.388888888,0.388888888,0.666666666,1.055555554,0.277777778,0.352941176,4.095899847103476,1.9027046083940262,0.44565366374121773,189.90843084079992,16505
2023,"Yandy Diaz","TBR",16,0,0,0,0.4375,0.4375,0.5625,1,0.125,0.4375,3.449574102502263,1.5000672236494186,0.43126288801431656,179.9338687458035,16578
2023,"Danny Jansen","TOR",12,0,0,0,0.25,0.25,0.25,0.5,0,0.25,0.4880413613519348,-0.9740887977876984,0.2206340730190277,33.94242019319531,16535
2023,"Luke Raley","TBR",8,0,0,0,0.375,0.375,0.625,1,0.25,0.375,1.6583117228254873,0.6835582833990653,0.4212576299905777,172.99900509924632,19354
2023,"Cavan Biggio","TOR",9,0,0,0,0.222222222,0.222222222,0.444444444,0.666666666,0.222222222,0.222222222,0.7827934162034702,-0.3138042031512547,0.2763916386498345,72.58921111014878,19252
2023,"Vidal Brujan","TBR",4,0,0,0,0,0,0,0,0,0,-0.5702702822704311,-1.0576470019836421,0,-100,20536
2023,"Vladimir Guerrero Jr.","TOR",24,0,0,0,0.375,0.375,0.875,1.25,0.5,0.285714285,6.869317706881066,3.9450573886018,0.5162993371486664,238.8744955976974,19611
2023,"Wander Franco","TBR",7,0,0,0,0.714285714,0.714285714,1.142857142,1.857142856,0.428571428,0.714285714,3.566780805103475,2.7138715456053557,0.7851942437035697,425.2514493741624,23667
2023,"Daulton Varsho","TOR",21,0,0,0,0.5,0.476190476,1.1,1.576190476,0.6,0.388888888,7.9999710912758015,5.4412433127814435,0.630361795425415,317.93368562194183,19918
2023,"Anthony Rizzo","NYY",10,0,0,0,0.2,0.2,0.3,0.5,0.1,0.2,0.34022580603430175,-0.8782159932487259,0.21262986660003663,28.394529275949584,3473
2023,"Alejandro Kirk","TOR",21,0,0,0,0.142857142,0.142857142,0.19047619,0.333333332,0.047619048,0.142857142,-0.4950667341549744,-3.0537945126493327,0.1432778551464989,-19.674870024262532,22581
2023,"Josh Donaldson","NYY",6,0,0,0,0.333333333,0.333333333,0.833333333,1.166666666,0.5,0.2,1.541956934439601,0.8108918548697841,0.48110538721084595,214.48079746183075,5038
2023,"George Springer","TOR",21,0,0,0,0.45,0.428571428,0.6,1.028571428,0.15,0.428571428,4.502637761374603,1.9439099828802457,0.42983356543949675,178.94317393915247,12856
2023,"Billy McKinney","NYY",9,0,0,0,0.222222222,0.222222222,0.222222222,0.444444444,0,0.222222222,0.1827933370003489,-0.913804282354376,0.19611917601691353,16.950607726621392,15654
2023,"Christian Bethancourt","TBR",8,0,0,0,0.125,0.125,0.125,0.25,0,0.125,-0.40758982848645275,-1.3823432679128749,0.11031703650951385,-42.52073590638735,10028
2023,"Willie Calhoun","NYY",3,0,0,0,0.333333333,0.333333333,0.333333333,0.666666666,0,0.333333333,0.30524802435158604,-0.06028451543332221,0.2941787640253703,84.91785759291709,17838
2023,"Harold Ramirez","TBR",16,0,0,0,0.428571428,0.375,0.571428571,0.946428571,0.142857143,0.375,2.716623366447853,0.7671164875950091,0.37610436975955963,141.70229069601214,14387
2023,"Jose Trevino","NYY",4,0,0,0,0.25,0.25,0.25,0.5,0,0.25,0.16268045378397827,-0.3246962659292328,0.2206340730190277,33.94242019319531,16725
2023,"Manuel Margot","TBR",14,0,0,0,0.571428571,0.571428571,0.714285714,1.285714285,0.142857143,0.571428571,4.467659979691889,2.7618414606956496,0.5559101785932269,266.3296380529613,14712
2023,"Ryan O'Hearn","BAL",7,0,0,0,0.428571428,0.428571428,0.857142857,1.285714285,0.428571429,0.333333333,2.132340099926402,1.2794308404282828,0.5384526593344552,254.2294487945251,16442
2023,"Josh Lowe","TBR",17,0,0,0,0.4375,0.411764705,0.6875,1.099264705,0.25,0.375,3.9384673780695225,1.8671163192883757,0.45061999208786907,193.3507018773232,19953
2023,"Jordan Westburg","BAL",5,0,0,0,0.6,0.6,1.4,2,0.8,0.5,2.7174752806631783,2.108254381021665,0.8260789394378663,453.5895281598978,27815
2023,"Isaac Paredes","TBR",14,0,0,0,0.214285714,0.214285714,0.428571428,0.642857142,0.214285714,0.153846153,1.1343671059531477,-0.571451413043091,0.2692263296672276,67.62277839427753,20036
2023,"James McCann","BAL",2,0,0,0,1,1,4,5,3,0,3.0436881024464606,2.799999742589855,2.004096031188965,1270.0989960041734,12859
2023,"Taylor Walls","TBR",13,0,0,0,0.083333333,0.083333333,0.083333333,0.166666666,0,0.083333333,-1.0593484533199575,-2.6433227923878935,0.07354469100634257,-68.00845460624826,22458
2023,"Aaron Judge","NYY",8,0,0,0,0.125,0.125,0.5,0.625,0.375,0,0.5238710572499758,-0.45088238217644633,0.2505120038986206,54.65146899529788,15640
2023,"Giancarlo Stanton","NYY",10,0,0,0,0.1,0.1,0.1,0.2,0,0.1,-0.6927249696216684,-1.911166768904696,0.08825362920761108,-57.8133671263039,4949
2023,"Isiah Kiner-Falefa","NYY",5,0,0,0,0.2,0.2,0.2,0.4,0,0.2,0.020112883216370434,-0.5891080164251434,0.17650725841522216,3.3571577533622303,16512
2023,"Kyle Higashioka","NYY",9,0,0,0,0.555555555,0.555555555,0.666666666,1.222222221,0.111111111,0.555555555,2.6816455847651373,1.5850479654104124,0.5304341713587443,248.67165901727216,5517
2023,"Everson Pereira","NYY",4,0,0,0,0.25,0.25,0.25,0.5,0,0.25,0.16268045378397827,-0.3246962659292328,0.2206340730190277,33.94242019319531,23695
2023,"Jake Bauers","NYY",15,0,0,0,0.333333333,0.333333333,0.533333333,0.866666666,0.2,0.333333333,2.4262402405626124,0.598577541638071,0.3664239803949992,134.99260063809174,15194
2023,"Raimel Tapia","TBR",3,0,0,0,0,0,0,0,0,0,-0.4277027117028233,-0.7932352514877317,0,-100,14350
2023,"Gleyber Torres","NYY",24,0,0,0,0.416666666,0.416666666,0.708333333,1.124999999,0.291666667,0.391304347,6.039346711064178,3.115086392784913,0.4746594578027725,210.0129824975128,16997
2023,"Rene Pinto","TBR",2,0,0,0,0.5,0.5,2,2.5,1.5,0,1.3792764806556224,1.1355881207990168,1.0020480155944824,575.5575519991016,19859
2023,"Anthony Volpe","NYY",12,0,0,0,0.25,0.25,0.333333333,0.583333333,0.083333333,0.25,0.7880414009534956,-0.6740887581861374,0.2507362465063731,54.806896462018095,27647
2023,"Jonathan Aranda","TBR",8,0,0,0,0.5,0.5,0.625,1.125,0.125,0.5,2.091262419278336,1.1165089798519139,0.4864214062690735,218.16544679559482,21837
2023,"DJ LeMahieu","NYY",9,0,0,0,0.444444444,0.444444444,0.666666666,1.11111111,0.222222222,0.444444444,2.248694888312289,1.1520972689575641,0.47251081466674805,208.52371084274023,9874
2023,"Curtis Mead","TBR",4,0,0,0,0.5,0.5,0.5,1,0,0.5,0.8956311898383876,0.40825447012517657,0.4412681460380554,186.86873239236067,23986
2023,"Oswaldo Cabrera","NYY",11,0,0,0,0.272727272,0.272727272,0.363636363,0.636363635,0.090909091,0.272727272,0.9306089715211032,-0.4096770076902273,0.27353045073422516,70.606059050017,21707
2023,"Junior Caminero","TBR",7,0,0,0,0.142857142,0.142857142,0.285714285,0.428571427,0.142857143,0.142857142,0.03497778168271569,-0.8179314778154037,0.17768033913203649,4.170245711534931,28163
2023,"Paul DeJong","TOR",10,0,0,0,0.2,0.2,0.2,0.4,0,0.2,0.04022576643274087,-1.1782160328502869,0.17650725841522216,3.3571577533622303,18015
2024,"Tony Kemp","BAL",2,0,0,0,0,0,0,0,0,0,-0.26534555563233,-0.4993016988923321,0,-100,14894
2023,"Davis Schneider","TOR",11,0,0,0,0.818181818,0.818181818,1.363636363,2.181818181,0.545454545,0.777777777,6.891235119718857,5.550949140507527,0.925995100628246,522.8436095937496,23565
2024,"Jorge Mateo","BAL",1,0,0,0,1,1,1,2,0,1,0.5769812877681062,0.46000321613810513,0.8817107081413269,504.2618598656029,17273
2023,"Aaron Hicks","BAL",8,0,0,0,0.75,0.75,1.25,2,0.5,0.714285714,4.488624777123583,3.5138713376971613,0.847250446677208,468.2639638964454,5297
2024,"Ramon Urias","BAL",3,0,0,0,0.333333333,0.333333333,0.333333333,0.666666666,0,0.333333333,0.3116357321357763,-0.03929848275422694,0.2939035693804423,90.78631446046926,18795
2023,"Estevan Florial","NYY",11,0,0,0,0.272727272,0.272727272,0.272727272,0.545454544,0,0.272727272,0.6306089319195426,-0.7096770472917878,0.2406917160207575,47.84481221130125,19151
2024,"Austin Hays","BAL",1,0,0,0,0,0,0,0,0,0,-0.132672777816165,-0.24965084944616606,0,-100,19363
2023,"Oswald Peraza","NYY",10,0,0,0,0.5,0.5,0.9,1.4,0.4,0.444444444,3.4705388999339593,2.252097100650931,0.5895467281341553,289.64386783629624,22823
2024,"Jordan Westburg","BAL",5,0,0,0,0.4,0.4,1.2,1.6,0.8,0.25,1.9959410643283486,1.4110507061783433,0.660811448097229,348.8768092198012,27815
2023,"Austin Wells","NYY",5,0,0,0,0.2,0.2,0.2,0.4,0,0.2,0.020112883216370434,-0.5891080164251434,0.17650725841522216,3.3571577533622303,27562
2024,"Harold Ramirez","TBR",1,0,0,0,0,0,0,0,0,0,-0.132672777816165,-0.24965084944616606,0,-100,14387
2024,"Anthony Santander","BAL",19,0,0,0,0.368421052,0.368421052,0.842105263,1.210526315,0.473684211,0.25,5.266786118520605,3.044202757550585,0.5092461109161377,242.26265583001427,14551
2024,"Amed Rosario","TBR",8,0,0,0,0.5,0.5,0.875,1.375,0.375,0.5,2.647234034050954,1.7114094610109458,0.5759719461202621,289.19897096527774,15518
2024,"Ryan O'Hearn","BAL",20,0,0,0,0.2,0.2,0.25,0.45,0.05,0.2,0.4851607156084692,-1.8544007169915522,0.19497891366481782,21.20069142387679,16442
2024,"Alex Jackson","TBR",2,0,0,0,0,0,0,0,0,0,-0.26534555563233,-0.4993016988923321,0,-100,17276
2024,"Cedric Mullins","BAL",17,0,0,0,0.352941176,0.352941176,0.705882352,1.058823528,0.352941176,0.266666666,3.8824807959227163,1.893853578212698,0.44859205975252037,199.5973575847858,17929
2024,"Jose Siri","TBR",9,0,0,0,0.25,0.222222222,0.25,0.472222222,0,0.222222222,0.22525313082305753,-0.8275495138469521,0.19593571292029488,21.873723559613634,17452
2024,"Ryan Mountcastle","BAL",12,0,0,0,0.333333333,0.333333333,0.333333333,0.666666666,0,0.333333333,1.246542928543105,-0.15719393101690776,0.2939035693804423,90.78631446046926,18373
2024,"Ben Rortvedt","TBR",7,0,0,0,0.142857142,0.142857142,0.285714285,0.428571427,0.142857143,0.142857142,0.08094463046580033,-0.7379018709442071,0.17920659269605363,10.106118757386124,20287
2024,"Adley Rutschman","BAL",24,0,0,0,0.291666666,0.291666666,0.333333333,0.624999999,0.041666667,0.291666666,2.083431801096623,-0.7240419180234027,0.2726962665716807,75.86866457634362,26288
2024,"Giancarlo Stanton","NYY",5,0,0,0,0.8,0.8,0.8,1.6,0,0.8,2.1752523732562596,1.5903620151062545,0.7053685665130616,380.2191962440628,4949
2024,"Gunnar Henderson","BAL",19,0,0,0,0.368421052,0.368421052,0.789473684,1.157894736,0.421052632,0.333333333,4.856792506661269,2.634209145691248,0.4824357346484536,223.403689650791,26289
2024,"Jose Trevino","NYY",4,0,0,0,0.5,0.5,2,2.5,1.5,0,2.7686106451957766,2.3006983586757723,1.0248055458068848,604.9176909144564,16725
2024,"Colton Cowser","BAL",16,0,0,0,0.6,0.5625,1.333333333,1.895833333,0.733333333,0.5,7.614115783924253,5.7424666378442355,0.7561000473797321,415.9047559070081,29591
2024,"DJ LeMahieu","NYY",6,0,0,0,0.2,0.166666666,0.2,0.366666666,0,0.166666666,-0.08638260131271874,-0.7882510310927251,0.14695178469022116,-12.582571890814172,9874
2024,"Jackson Holliday","BAL",10,0,0,0,0.1,0.1,0.1,0.2,0,0.1,-0.6170737125773786,-1.7868544288773893,0.0881710708141327,-53.93012643132753,31781
2024,"Jahmai Jones","NYY",0,0,0,0,0,0,0,0,0,0,0,0,0,0,18872
2024,"Justin Turner","TOR",6,0,0,0,0.333333333,0.333333333,0.333333333,0.666666666,0,0.333333333,0.6232714642715526,-0.07859696550845388,0.2939035693804423,90.78631446046926,5235
2024,"Yandy Diaz","TBR",19,0,0,0,0.263157894,0.263157894,0.315789473,0.578947367,0.052631579,0.263157894,1.3274875590089055,-0.8950958019611148,0.2516467884967202,61.062031833017585,16578
2024,"Kevin Kiermaier","TOR",5,0,0,0,0.8,0.8,0.8,1.6,0,0.8,2.1752523732562596,1.5903620151062545,0.7053685665130616,380.2191962440628,11038
2024,"Randy Arozarena","TBR",12,0,0,0,0.25,0.25,0.5,0.75,0.25,0.181818181,1.4768856756047808,0.07314881604476786,0.3177527089913686,107.56228630194482,19290
2024,"Isiah Kiner-Falefa","TOR",6,0,0,0,0.5,0.5,0.5,1,0,0.5,1.3329255298558236,0.6310571000758172,0.44085535407066345,194.15520081175268,16512
2024,"Josh Lowe","TBR",20,0,0,0,0.45,0.45,0.9,1.35,0.45,0.388888888,6.513424688011087,4.1738632554110655,0.5694701731204986,284.6254910602112,19953
2024,"Davis Schneider","TOR",5,0,0,0,0.2,0.2,0.2,0.4,0,0.2,0.046290176503446315,-0.538600181646559,0.1763421416282654,8.09120537944252,23565
2024,"Jose Caballero","TBR",13,0,0,0,0.384615384,0.384615384,0.461538461,0.846153845,0.076923077,0.384615384,2.123524225905895,0.6028092947158811,0.367791460110591,142.76056571383992,23401
2024,"Danny Jansen","TOR",3,0,0,0,0.333333333,0.333333333,0.666666666,0.999999999,0.333333333,0.333333333,0.6116357417304602,0.26070152684045705,0.4181487162907918,178.18288809003104,16535
2024,"Richie Palacios","TBR",18,0,0,0,0.117647058,0.111111111,0.117647058,0.228758169,0,0.111111111,-0.9688018695224272,-3.0744071588624466,0.09796785646014744,-47.03886734124197,24589
2024,"Bo Bichette","TOR",2,0,0,0,0,0,0,0,0,0,-0.26534555563233,-0.4993016988923321,0,-100,19612
2024,"Isaac Paredes","TBR",10,0,0,0,0.5,0.5,0.5,1,0,0.5,2.221542549759706,1.0517618334596954,0.44085535407066345,194.15520081175265,20036
2024,"Brian Serven","TOR",7,0,0,0,0.428571428,0.428571428,0.714285714,1.142857142,0.285714286,0.428571428,1.8002527712290266,0.9814062698190191,0.4843718579837254,224.76559834368416,19422
2024,"Jonathan Aranda","TBR",14,0,0,0,0.285714285,0.285714285,0.285714285,0.57142857,0,0.285714285,0.981197372910775,-0.6564956299092398,0.2519173451832363,61.25234693153113,21837
2024,"Leo Jimenez","TOR",9,0,0,0,0.111111111,0.111111111,0.222222222,0.333333333,0.111111111,0.111111111,-0.18440092516652964,-1.2372035698365393,0.13938290543026394,-17.906676131388032,23782
2024,"Jonny DeLuca","TBR",11,0,0,0,0.272727272,0.272727272,0.272727272,0.545454544,0,0.272727272,0.6695616407749988,-0.617197147155013,0.24046655676581644,53.19762851454801,26365
2024,"Trent Grisham","NYY",8,0,0,0,0.375,0.375,0.75,1.125,0.375,0.375,1.9675800030075459,1.0317554299675373,0.4704173058271408,214.94968138154715,18564
2024,"Anthony Rizzo","NYY",6,0,0,0,0.333333333,0.333333333,0.333333333,0.666666666,0,0.333333333,0.6232714642715526,-0.07859696550845388,0.2939035693804423,90.78631446046926,3473
2024,"Jazz Chisholm Jr.","NYY",4,0,0,0,0.25,0.25,0.25,0.5,0,0.25,0.17896295431961123,-0.28894933220039304,0.22042767703533173,39.10187128482753,20454
2024,"Aaron Judge","NYY",17,0,0,0,0.529411764,0.529411764,1.176470588,1.705882352,0.647058824,0.428571428,7.551439824510845,5.562812606800827,0.7167393179500804,388.21761501454347,15640
2024,"Steward Berroa","TOR",2,0,0,0,0.5,0.5,0.5,1,0,0.5,0.4443085099519412,0.21035236669193907,0.44085535407066345,194.15520081175265,22766
2024,"Gleyber Torres","NYY",20,0,0,0,0.25,0.25,0.35,0.6,0.1,0.25,1.4948147907874243,-0.8447466418125972,0.2577012211084366,65.32084337369608,16997
2024,"Austin Slater","BAL",5,0,0,0,0.2,0.2,0.2,0.4,0,0.2,0.046290176503446315,-0.538600181646559,0.1763421416282654,8.09120537944252,16153
2024,"Alex Verdugo","NYY",26,0,0,0,0.44,0.423076923,0.72,1.143076923,0.28,0.4,6.496699349231377,3.455269486851349,0.4752946129212013,218.38047879424298,17027
2024,"Eloy Jimenez","BAL",1,0,0,0,0,0,0,0,0,0,-0.132672777816165,-0.24965084944616606,0,-100,17484
2024,"Juan Soto","NYY",19,0,0,0,0.210526315,0.210526315,0.578947368,0.789473683,0.368421053,0.117647058,2.497827118716528,0.2752437577465078,0.3281778442232232,114.89553932265517,20123
2024,"Emmanuel Rivera","BAL",5,0,0,0,0.6,0.6,1.4,2,0.8,0.5,2.7055951299126195,2.120704771762614,0.8371535897254944,472.9194728413413,19890
2024,"Oswaldo Cabrera","NYY",14,0,0,0,0.285714285,0.285714285,0.571428571,0.857142856,0.285714286,0.23076923,2.221194195151406,0.583501192331391,0.3619627611977713,138.66053986682346,21707
2024,"Coby Mayo","BAL",6,0,0,0,0.166666666,0.166666666,0.166666666,0.333333332,0,0.166666666,-0.08638260131271874,-0.7882510310927251,0.14695178469022116,-12.582571890814172,28312
2024,"Anthony Volpe","NYY",21,0,0,0,0.285714285,0.285714285,0.428571428,0.714285713,0.142857143,0.25,2.41179287201211,-0.04474663221791284,0.3075316491581145,100.37258408416957,27647
2024,"James McCann","BAL",2,0,0,0,0.5,0.5,0.5,1,0,0.5,0.4443085099519412,0.21035236669193907,0.44085535407066345,194.15520081175265,12859
2024,"Austin Wells","NYY",15,0,0,0,0.538461538,0.466666666,0.846153846,1.312820512,0.307692308,0.428571428,4.217483614088055,2.4628125396380383,0.5141740520795186,245.72907028110214,27562
2024,"Christopher Morel","TBR",8,0,0,0,0.375,0.375,0.375,0.75,0,0.375,1.0675799742234937,0.13175540118348508,0.3306415155529976,116.62853604829012,21897
2024,"George Springer","TOR",22,0,0,0,0.272727272,0.272727272,0.681818181,0.954545453,0.409090909,0.157894736,4.159113719487839,1.5855961436278154,0.39972569996660406,165.22376217892176,12856
2024,"Logan Driscoll","TBR",5,0,0,0,0,0,0,0,0,0,-0.6633638890808249,-1.2482542472308302,0,-100,25475
2024,"Vladimir Guerrero Jr.","TOR",24,0,0,0,0.541666666,0.541666666,0.916666666,1.458333332,0.375,0.52173913,8.781353055221617,5.973879336101592,0.6194396764039993,319.7750601303035,19611
2024,"Taylor Walls","TBR",3,0,0,0,0,0,0,0,0,0,-0.39801833344849497,-0.7489525483384982,0,-100,22458
2024,"Alejandro Kirk","TOR",15,0,0,0,0.133333333,0.133333333,0.133333333,0.266666666,0,0.133333333,-0.5707835360739324,-2.3254546105239484,0.11756142775217691,-33.25634916107085,22581
2024,"Dylan Carlson","TBR",3,0,0,0,1,1,1,2,0,1,1.7309438633043186,1.3800096484143154,0.8817107081413269,504.2618598656029,20126
2024,"Addison Barger","TOR",18,0,0,0,0.294117647,0.277777777,0.470588235,0.748366012,0.176470588,0.277777777,2.0601603560144386,-0.04544493332558047,0.3070422146055434,100.02830582482235,24598
2025,"Tyler Heineman","TOR",8,0,0,0,0.625,0.625,0.625,1.25,0,0.625,2.4940419620925907,1.5487803048545838,0.5515036359429359,264.5094511301428,13897
2024,"Spencer Horwitz","TOR",15,0,0,0,0.2,0.2,0.2,0.4,0,0.2,0.13887052951033896,-1.615800544939677,0.1763421416282654,8.091205379442522,26477
2025,"Davis Schneider","TOR",1,0,0,0,0,0,0,0,0,0,-0.13601326328971652,-0.25417097044446735,0,-100,23565
2024,"Daulton Varsho","TOR",11,0,0,0,0.272727272,0.272727272,0.545454545,0.818181817,0.272727273,0.2,1.609558453420946,0.3227996654909342,0.34663931889967486,127.8817176241305,19918
2025,"Maverick Handley","BAL",1,0,0,0,0,0,0,0,0,0,-0.13601326328971652,-0.25417097044446735,0,-100,26106
2024,"Ernie Clement","TOR",14,0,0,0,0.214285714,0.214285714,0.357142857,0.571428571,0.142857143,0.214285714,0.8715433265158717,-0.7661496763041432,0.2421859289918627,54.40707005079329,20352
2025,"Kameron Misner","TBR",4,0,0,0,0.25,0.25,0.5,0.75,0.25,0.25,0.4723765702018592,-0.0002542584171440827,0.31297680735588074,100.19724544329418,26374
2024,"Will Wagner","TOR",8,0,0,0,0.375,0.375,1,1.375,0.625,0.285714285,2.607576806058809,1.6717522330188004,0.5698129236698151,284.8665887961374,29634
2025,"DJ LeMahieu","NYY",6,0,0,0,0.166666666,0.166666666,0.166666666,0.333333332,0,0.166666666,-0.09964996605623455,-0.8085962089847395,0.14706763625144958,-14.091373616160736,9874
2024,"Ben Rice","NYY",9,0,0,0,0.285714285,0.222222222,0.571428571,0.793650793,0.285714286,0.222222222,0.8252531500124256,-0.22754949465758403,0.2787658108605279,80.13810597932152,29576
2025,"Oswald Peraza","NYY",2,0,0,0,0,0,0,0,0,0,-0.27202652657943305,-0.5083419408889347,0,-100,22823
2024,"Joey Loperfido","TOR",10,0,0,0,0.1,0.1,0.1,0.2,0,0.1,-0.6170737125773786,-1.7868544288773893,0.0881710708141327,-53.93012643132753,29630
2025,"Austin Wells","NYY",6,0,0,0,0.166666666,0.166666666,0.166666666,0.333333332,0,0.166666666,-0.09964996605623455,-0.8085962089847395,0.14706763625144958,-14.091373616160736,27562
2024,"Brandon Lowe","TBR",6,0,0,0,0.5,0.5,0.5,1,0,0.5,1.3329255298558236,0.6310571000758172,0.44085535407066345,194.15520081175268,18882
2025,"J.C. Escarra","NYY",1,0,0,0,0,0,0,0,0,0,-0.13601326328971652,-0.25417097044446735,0,-100,20084
2024,"Junior Caminero","TBR",11,0,0,0,0.363636363,0.363636363,0.636363636,0.999999999,0.272727273,0.3,2.3192125190052173,1.0324537310752053,0.42679483782161365,184.2647465430124,28163
2025,"Ha-Seong Kim","TBR",7,0,0,0,0.142857142,0.142857142,0.571428571,0.714285713,0.428571429,0,0.7020781564524341,-0.12502579363082167,0.2910564286368234,85.09711688268314,27506
2025,"George Springer","TOR",24,0,0,0,0.478260869,0.458333333,0.652173913,1.110507246,0.173913044,0.434782608,5.85414882702656,3.01836385531254,0.4679564411441485,206.95691526800886,12856
2025,"Curtis Mead","TBR",2,0,0,0,0.5,0.5,0.5,1,0,0.5,0.4444030871026315,0.20808767279312984,0.44120290875434875,188.52740801751455,23986
2025,"Anthony Santander","TOR",11,0,0,0,0.272727272,0.272727272,0.272727272,0.545454544,0,0.272727272,0.653142944859312,-0.646591833842947,0.2406561320478266,50.378238721826854,14551
2025,"Jeremiah Jackson","BAL",4,0,0,0,0.5,0.5,0.5,1,0,0.5,0.888806174205263,0.4161753455862597,0.44120290875434875,188.52740801751455,22239
2025,"Nathan Lukes","TOR",18,0,0,0,0.222222222,0.222222222,0.222222222,0.444444444,0,0.222222222,0.41747971551336116,-1.7093590132721537,0.19609018166859946,19.678423322785164,18123
2025,"Jordan Westburg","BAL",1,0,0,0,0,0,0,0,0,0,-0.13601326328971652,-0.25417097044446735,0,-100,27815
2025,"Vladimir Guerrero Jr.","TOR",25,0,0,0,0.32,0.32,0.44,0.76,0.12,0.291666666,3.2688467130119885,0.31490403414321816,0.32856942892074587,110.9384189076797,19611
2025,"Dylan Beavers","BAL",3,0,0,0,0.666666666,0.666666666,0.666666666,1.333333332,0,0.666666666,1.0248194374949797,0.670346316030727,0.5882705450057983,289.8367988343523,31695
2025,"Bo Bichette","TOR",27,0,0,0,0.346153846,0.333333333,0.423076923,0.756410256,0.076923077,0.333333333,3.375508433673556,0.18525034049528413,0.3215057474595529,106.07251309728021,19612
2025,"Alex Jackson","BAL",3,0,0,0,0,0,0,0,0,0,-0.40803978986914957,-0.762512911333402,0,-100,17276
2025,"Andres Gimenez","TOR",17,0,0,0,0.375,0.352941176,0.375,0.727941176,0,0.352941176,1.986352206167206,-0.022328815463557833,0.31143734735601086,99.13676906148133,19950
2025,"Coby Mayo","BAL",2,0,0,0,0.5,0.5,0.5,1,0,0.5,0.4444030871026315,0.20808767279312984,0.44120290875434875,188.52740801751455,28312
2025,"Alejandro Kirk","TOR",15,0,0,0,0.333333333,0.333333333,0.4,0.733333333,0.066666667,0.333333333,1.8419491287432355,0.06958352142197312,0.3187686999638875,104.18706350761985,22581
2025,"Giancarlo Stanton","NYY",2,0,0,0,1,1,1,2,0,1,1.1608327007846961,0.9245172864751944,0.8824058175086975,492.4555804680276,4949
2025,"Will Wagner","TOR",10,0,0,0,0.2,0.2,0.2,0.4,0,0.2,0.07272659446696403,-1.1088504770805443,0.1764811635017395,6.170504547206804,29634
2025,"Amed Rosario","NYY",2,0,0,0,0.5,0.5,2,2.5,1.5,0,1.3821444729010164,1.1458290585915147,1.0186975002288818,586.3418201718869,15518
2025,"Alan Roden","TOR",11,0,0,0,0.181818181,0.181818181,0.272727272,0.454545453,0.090909091,0.181818181,0.2367133408559082,-1.063021437846351,0.19402845881202005,18.258179603928543,31564
2025,"Austin Slater","NYY",1,0,0,0,0,0,0,0,0,0,-0.13601326328971652,-0.25417097044446735,0,-100,16153
2025,"Myles Straw","TOR",11,0,0,0,0.2,0.181818181,0.2,0.381818181,0,0.181818181,-0.06328666882275238,-1.3630214475250115,0.16043742136521774,-4.881428996448206,17620
2025,"Ernie Clement","TOR",18,0,0,0,0.222222222,0.222222222,0.222222222,0.444444444,0,0.222222222,0.41747971551336116,-1.7093590132721537,0.19609018166859946,19.678423322785164,20352
2025,"Ryan O'Hearn","BAL",14,0,0,0,0.571428571,0.571428571,0.857142857,1.428571428,0.285714286,0.538461538,5.064992618877532,3.41078471871102,0.6131240810666766,306.95746971850855,16442
2025,"Jorge Mateo","BAL",9,0,0,0,0.333333333,0.333333333,0.444444444,0.777777777,0.111111111,0.333333333,1.2251694811174059,0.16175011672464848,0.3351909849378798,115.49976104558186,17273
2025,"Cedric Mullins","BAL",6,0,0,0,0.166666666,0.166666666,0.166666666,0.333333332,0,0.166666666,-0.09964996605623455,-0.8085962089847395,0.14706763625144958,-14.091373616160736,17929
2025,"Ryan Mountcastle","BAL",12,0,0,0,0.454545454,0.416666666,0.454545454,0.87121212,0,0.416666666,1.9499889089337243,0.5320964230767147,0.36766909062862396,137.87271260909571,18373
2025,"Ramon Urias","BAL",15,0,0,0,0.357142857,0.333333333,0.5,0.833333333,0.142857143,0.333333333,2.141949138421897,0.3695835311006343,0.3434021274248759,121.15610981456287,18795
2025,"Adley Rutschman","BAL",9,0,0,0,0.222222222,0.222222222,0.222222222,0.444444444,0,0.222222222,0.20873985775668058,-0.8546795066360768,0.19609018166859946,19.678423322785164,26288
2025,"Gunnar Henderson","BAL",15,0,0,0,0.533333333,0.533333333,1,1.533333333,0.466666667,0.5,5.7989793594592784,4.026613752138016,0.6436860799789429,328.0104870298956,26289
2025,"Heston Kjerstad","BAL",9,0,0,0,0.222222222,0.222222222,0.333333333,0.555555555,0.111111111,0.222222222,0.5087398674353413,-0.5546794969574161,0.23714589410358006,47.96016716769009,31166
2025,"Jackson Holliday","BAL",16,0,0,0,0.25,0.25,0.375,0.625,0.125,0.25,1.2895062614501154,-0.6010170530258978,0.26678913086652756,68.38028361777614,31781
2025,"Emmanuel Rivera","BAL",11,0,0,0,0.272727272,0.272727272,0.272727272,0.545454544,0,0.272727272,0.653142944859312,-0.646591833842947,0.2406561320478266,50.378238721826854,19890
2025,"Dylan Carlson","BAL",12,0,0,0,0.333333333,0.333333333,0.75,1.083333333,0.416666667,0.272727272,2.771300700407367,1.3534082145503565,0.4519679397344589,195.94303499376306,20126
2025,"Danny Jansen","TBR",7,0,0,0,0.285714285,0.285714285,0.428571428,0.714285713,0.142857143,0.285714285,0.7807663940147741,-0.046337556068481695,0.30490186384746004,94.63471905360106,16535
2025,"Yandy Diaz","TBR",26,0,0,0,0.346153846,0.346153846,0.461538461,0.807692307,0.115384615,0.32,3.849263063404337,0.7771626773808156,0.34987082848182094,125.61215589077,16578
2025,"Brandon Lowe","TBR",9,0,0,0,0.333333333,0.333333333,0.444444444,0.777777777,0.111111111,0.333333333,1.2251694811174059,0.16175011672464848,0.3351909849378798,115.49976104558186,18882
2025,"Josh Lowe","TBR",20,0,0,0,0.052631578,0.05,0.105263157,0.155263157,0.052631579,0.05,-1.7038356424336043,-4.066989785528621,0.06259536147117614,-72.28116245773984,19953
2025,"Jonathan Aranda","TBR",14,0,0,0,0.384615384,0.357142857,0.461538461,0.818681318,0.076923077,0.357142857,1.9779623920329523,0.3237544918664407,0.3415378928184509,119.87190836052118,21837
2025,"Christopher Morel","TBR",10,0,0,0,0,0,0,0,0,0,-1.3601326328971652,-2.5417097044446733,0,-100,21897
2025,"Taylor Walls","TBR",18,0,0,0,0.352941176,0.333333333,0.352941176,0.686274509,0,0.333333333,1.8503389428774901,-0.2764997859080248,0.29413527250289917,87.21801720067693,22458
2025,"Jose Caballero","TBR",6,0,0,0,0.2,0.2,0.2,0.4,0,0.2,0.04363595668017842,-0.6653102862483266,0.1764811635017395,6.170504547206804,23401
2025,"Jake Mangum","TBR",21,0,0,0,0.523809523,0.523809523,0.571428571,1.095238094,0.047619048,0.523809523,5.324447231097324,2.8431353808475563,0.4798078764052618,215.12092549630773,26202
2025,"Junior Caminero","TBR",19,0,0,0,0.157894736,0.157894736,0.315789473,0.473684209,0.157894737,0.111111111,0.5027782243399648,-1.7422182116003009,0.20011613870921888,22.451754462360682,28163
2025,"Matt Thaiss","TBR",7,0,0,0,0.285714285,0.285714285,0.285714285,0.57142857,0,0.285714285,0.4807663843361136,-0.3463375657471422,0.2521159478596279,58.272476967294736,19318
2025,"Paul Goldschmidt","NYY",12,0,0,0,0.25,0.25,0.333333333,0.583333333,0.083333333,0.25,0.8171296912482563,-0.6007627946087535,0.25139323870340985,57.77462967593679,9218
2025,"Aaron Judge","NYY",10,0,0,0,0.6,0.6,1.5,2.1,0.9,0.428571428,5.751669206590377,4.570092135042868,0.8759402453899383,488.0016898002406,15640
2025,"Cody Bellinger","NYY",16,0,0,0,0.266666666,0.25,0.333333333,0.583333333,0.066666667,0.25,0.9895062517714547,-0.9010170627045585,0.24369529262185097,52.47180270501711,15998
2025,"Anthony Volpe","NYY",9,0,0,0,0.333333333,0.333333333,0.333333333,0.666666666,0,0.333333333,0.9251694714387451,-0.1382498929540124,0.29413527250289917,87.21801720067693,27647
2025,"Jasson Dominguez","NYY",12,0,0,0,0.25,0.25,0.333333333,0.583333333,0.083333333,0.25,0.8171296912482563,-0.6007627946087535,0.25139323870340985,57.77462967593679,28080
2025,"Ben Rice","NYY",20,0,0,0,0.25,0.25,0.35,0.6,0.1,0.25,1.4618828219733138,-0.9012713211217026,0.2575515955686569,62.01689125267252,29576
2025,"Trent Grisham","NYY",12,0,0,0,0.166666666,0.166666666,0.25,0.416666666,0.083333334,0.166666666,0.10070007756619154,-1.3171924082908184,0.17785942057768503,7.119934267517956,18564
2025,"Jazz Chisholm Jr.","NYY",16,0,0,0,0.375,0.375,0.5625,0.9375,0.1875,0.333333333,3.0601068552553077,1.1695835407792947,0.4030890055000782,162.27216642418284,20454
2025,"Addison Barger","TOR",9,0,0,0,0.333333333,0.333333333,0.888888888,1.222222221,0.555555555,0.25,2.4629108765944516,1.399491512201694,0.5045788288116455,232.1847075914584,24598
2025,"Jonatan Clase","TOR",6,0,0,0,0,0,0,0,0,0,-0.8160795797382991,-1.525025822666804,0,-100,26599
2025,"Chandler Simpson","TBR",11,0,0,0,0.272727272,0.272727272,0.363636363,0.636363635,0.090909091,0.272727272,0.9531429545379727,-0.34659182416428636,0.2742471694946289,73.51784732220362,31912
2025,"Luis Vazquez","BAL",8,0,0,0,0.125,0.125,0.25,0.375,0.125,0.125,-0.0716764829570069,-1.0169381401950135,0.15648840367794037,-7.601759494852107,23442
2025,"Samuel Basallo","BAL",5,0,0,0,0.4,0.4,0.6,1,0.2,0.4,1.0527929205942073,0.46200438482045314,0.4268626093864441,178.64891244824085,28824
2025,"Colton Cowser","BAL",5,0,0,0,0.2,0.2,0.4,0.6,0.2,0.2,0.33636330691214256,-0.2544252288616115,0.25038144588470457,57.077643468035646,29591
2025,"Ryan McMahon","NYY",7,0,0,0,0.142857142,0.142857142,0.142857142,0.285714284,0,0.142857142,-0.235663229345951,-1.0627671794292068,0.12605797392981394,-28.56414373285182,15112
2025,"Jose Caballero","NYY",7,0,0,0,0.428571428,0.428571428,1.142857142,1.57142857,0.714285714,0.333333333,2.734937403173885,1.907833453090629,0.6487442084721157,331.494842455589,23401