Season,Name,Tm,PA,BB%,K%,BB/K,AVG,OBP,SLG,OPS,ISO,BABIP,wRC,wRAA,wOBA,wRC+,playerId
2002,"Jose Cruz Jr.","TOR",14,0,0,0,0.285714285,0.285714285,0.642857142,0.928571427,0.357142857,0.23076923,2.3920477222615943,0.7109824608976112,0.38739743403026033,138.74493611869622,1296
2002,"Carlos Delgado","TOR",28,0,0,0,0.285714285,0.285714285,0.321428571,0.607142856,0.035714286,0.285714285,2.019346627025027,-1.3427838957029392,0.2678501009941101,58.56365576669966,1297
2002,"Darrin Fletcher","TOR",9,0,0,0,0.428571428,0.375,0.571428571,0.946428571,0.142857143,0.375,1.4822305112904155,0.4015457004135692,0.37992940843105316,133.73607612125195,1302
2002,"Eric Hinske","TOR",28,0,0,0,0.269230769,0.25,0.307692307,0.557692307,0.038461538,0.25,1.2825317231350866,-2.0795987995928797,0.235990332705634,37.19507356407142,1305
2002,"Felipe Lopez","TOR",9,0,0,0,0.333333333,0.333333333,0.666666666,0.999999999,0.333333333,0.333333333,1.7384249289778606,0.6577401181010143,0.41439370314280194,156.85153345714195,1311
2002,"Jason Giambi","NYY",25,0,0,0,0.416666666,0.4,0.833333333,1.233333333,0.416666667,0.347826086,6.7050651710054945,3.70316291856981,0.5052510070800781,217.79019912204933,818
2002,"Nick Johnson","NYY",23,0,0,0,0.304347826,0.304347826,0.434782608,0.739130434,0.130434782,0.272727272,2.660472736901238,-0.10127733533959124,0.3205806587053382,93.93043078026349,828
2002,"Jorge Posada","NYY",21,0,0,0,0.315789473,0.285714285,0.47368421,0.759398495,0.157894737,0.285714285,2.159509965837988,-0.36208792620798635,0.3050363745008196,83.50476441013438,841
2002,"Robin Ventura","NYY",20,0,0,0,0.45,0.45,0.85,1.3,0.4,0.388888888,6.113816857363352,3.712295055414805,0.550638610124588,248.23200013752248,854
2002,"John Vander Wal","NYY",9,0,0,0,0.333333333,0.333333333,0.444444444,0.777777777,0.111111111,0.333333333,1.1684249260240058,0.08774011514715956,0.3377150297164917,105.42258013072185,853
2002,"Bernie Williams","NYY",22,0,0,0,0.181818181,0.181818181,0.227272727,0.409090908,0.045454546,0.181818181,-0.03323315112988923,-2.674907133273291,0.17870494452389804,-1.2266599302572716,857
2002,"Enrique Wilson","NYY",5,0,0,0,0.4,0.4,0.4,0.8,0,0.4,0.7280632766091757,0.12768282612203888,0.3568294048309326,118.24273287591743,858
2002,"Steve Cox","TBD",18,0,0,0,0.222222222,0.222222222,0.555555555,0.777777777,0.333333333,0.125,2.127969009459021,-0.03340061229467178,0.32366528775956893,95.99931429859677,1200
2002,"Jason Tyner","TBD",5,0,0,0,0.4,0.4,0.4,0.8,0,0.4,0.7280632766091757,0.12768282612203888,0.3568294048309326,118.24273287591743,1232
2002,"Randy Winn","TBD",19,0,0,0,0.388888888,0.388888888,0.666666666,1.055555554,0.277777778,0.352941176,4.228596942827899,1.9471512309767796,0.4499880340364244,180.72491441713575,1235
2002,"Jason Conti","TBD",4,0,0,0,0.5,0.5,0.5,1,0,0.5,0.8771765828433169,0.3968722224536075,0.44603675603866577,178.07476304327656,1199
2002,"Ben Grieve","TBD",18,0,0,0,0.277777777,0.277777777,0.555555555,0.833333332,0.277777778,0.235294117,2.5324094012149705,0.37103977946127803,0.3508687549167209,114.2448808978479,1209
2002,"Jay Gibbons","BAL",34,0,0,0,0.333333333,0.323529411,0.424242424,0.747771835,0.090909091,0.323529411,3.9351114422129103,-0.14747562109962017,0.3206603772499982,93.98389859770701,141
2002,"Chris Singleton","BAL",20,0,0,0,0.35,0.35,0.55,0.9,0.2,0.35,3.375438084392579,0.9739162824440315,0.3848686754703522,137.0488790517168,170
2002,"David Segui","BAL",2,0,0,0,0.5,0.5,1,1.5,0.5,0.5,0.7385882618831126,0.49843608168825787,0.6276441216468811,299.88016619197373,169
2002,"Pedro Swann","TOR",2,0,0,0,0,0,0,0,0,0,-0.2982266124682824,-0.5383787926631372,0,-100,1323
2002,"Carl Crawford","TBD",22,0,0,0,0.272727272,0.272727272,0.409090909,0.681818181,0.136363637,0.272727272,2.010396659603847,-0.6312773225395549,0.29117108475078235,74.20521203724105,1201
2002,"Aubrey Huff","TBD",26,0,0,0,0.192307692,0.192307692,0.269230769,0.461538461,0.076923077,0.192307692,0.4071284982849409,-2.7148498442481706,0.19949219318536612,12.715501474278824,1213
2002,"Gary Matthews Jr.","BAL",7,0,0,0,0.428571428,0.428571428,0.428571428,0.857142856,0,0.428571428,1.1666515680308343,0.3261189373488428,0.38231721946171354,135.33759863802004,153
2002,"Howie Clark","BAL",13,0,0,0,0.153846153,0.153846153,0.23076923,0.384615383,0.076923077,0.153846153,-0.16484320280250006,-1.7258323740690558,0.16518167349008414,-10.296817820859303,1533
2002,"Luis Lopez","BAL",5,0,0,0,0.4,0.4,1.2,1.6,0.8,0.25,1.9604377001275297,1.3600572496403929,0.6552404642105103,318.38923723176833,695
2002,"Dewayne Wise","TOR",4,0,0,0,0,0,0,0,0,0,-0.5964532249365648,-1.0767575853262743,0,-100,1554
2002,"Larry Bigbie","BAL",5,0,0,0,0.4,0.4,0.4,0.8,0,0.4,0.7280632766091757,0.12768282612203888,0.3568294048309326,118.24273287591743,128
2002,"Chris Richard","BAL",5,0,0,0,0.2,0.2,0.2,0.4,0,0.2,-0.008751627280765215,-0.609132077767902,0.1784147024154663,-1.421327458800813,163
2003,"B.J. Surhoff","BAL",24,0,0,0,0.291666666,0.291666666,0.375,0.666666666,0.083333334,0.291666666,2.177287734032104,-0.7646966214175723,0.289761741956075,72.49848400861335,117
2003,"Gary Matthews Jr.","BAL",8,0,0,0,0.25,0.25,0.375,0.625,0.125,0.25,0.5770051852038017,-0.4036562666127571,0.2675579786300659,57.63868579039354,153
2003,"David Segui","BAL",6,0,0,0,0.666666666,0.666666666,0.666666666,1.333333332,0,0.666666666,2.073434247601135,1.3379381587387158,0.5940786997477213,276.1616433014923,169
2003,"Marlon Anderson","TBD",32,0,0,0,0.322580645,0.3125,0.516129032,0.828629032,0.193548387,0.3125,4.340565147572871,0.41791934030663563,0.3434031754732132,108.39784334230859,947
2003,"Carl Crawford","TBD",36,0,0,0,0.222222222,0.222222222,0.333333333,0.555555555,0.111111111,0.222222222,1.7002512298708072,-2.7127253033037073,0.23782931433783638,37.74287145507072,1201
2003,"Ben Grieve","TBD",11,0,0,0,0.272727272,0.272727272,0.272727272,0.545454544,0,0.272727272,0.5674502304162008,-0.7809592658315676,0.24303219535134055,41.22488307980799,1209
2003,"Aubrey Huff","TBD",31,0,0,0,0.258064516,0.258064516,0.483870967,0.741935483,0.225806451,0.233333333,3.3582161990088397,-0.44184692678032567,0.31078879679403,86.57077380146323,1213
2003,"Al Martin","TBD",13,0,0,0,0.384615384,0.384615384,0.384615384,0.769230768,0,0.384615384,1.756109731952868,0.16253487275096004,0.34273771139291614,107.95248361614436,1167
2003,"Frank Catalanotto","TOR",32,0,0,0,0.4375,0.4375,0.625,1.0625,0.1875,0.419354838,7.4139065174249446,3.4912607101587088,0.45808612182736397,185.14904163567977,1241
2003,"Carlos Delgado","TOR",27,0,0,0,0.259259259,0.259259259,0.444444444,0.703703703,0.185185185,0.23076923,2.6497135564906733,-0.6600188433902128,0.29861858597508184,78.42589879142726,1297
2003,"Eric Hinske","TOR",28,0,0,0,0.392857142,0.392857142,0.678571428,1.07142857,0.285714286,0.392857142,6.354606437607846,2.922291356249891,0.45243287086486816,181.3656213502887,1305
2003,"Orlando Hudson","TOR",31,0,0,0,0.161290322,0.161290322,0.29032258,0.451612902,0.129032258,0.161290322,0.19114685782866891,-3.6089162679604967,0.18879608185060562,4.927536052273862,1307
2003,"Greg Myers","TOR",21,0,0,0,0.428571428,0.428571428,0.666666666,1.095238094,0.238095238,0.4,5.053912079916141,2.4796757688976743,0.46880656764620826,192.32366601526763,933
2003,"Jason Giambi","NYY",21,0,0,0,0.210526315,0.19047619,0.526315789,0.716791979,0.315789474,0.105263157,1.6508044928933714,-0.9234318181250956,0.2753005822499593,62.82039871833229,818
2003,"Bernie Williams","NYY",25,0,0,0,0.291666666,0.28,0.333333333,0.613333333,0.041666667,0.28,1.7253454062122697,-1.3392216307144764,0.2638421630859375,55.151888016919095,857
2003,"Hideki Matsui","NYY",32,0,0,0,0.25,0.25,0.28125,0.53125,0.03125,0.25,1.4080208905640035,-2.514624916702232,0.2339741289615631,35.162800863246886,1659
2003,"Jorge Posada","NYY",18,0,0,0,0.611111111,0.611111111,1.388888888,1.999999999,0.777777777,0.5,9.787042337133915,7.580554070546658,0.8306907812754313,434.5135287846235,841
2003,"Robin Ventura","NYY",6,0,0,0,0.333333333,0.333333333,0.5,0.833333333,0.166666667,0.333333333,0.880889940676002,0.1453938518135828,0.3567439715067546,117.32612879636206,854
2003,"Bobby Kielty","TOR",11,0,0,0,0.454545454,0.454545454,0.545454545,0.999999999,0.090909091,0.454545454,2.359994437508803,1.0115849412610345,0.43761981617320667,171.45203145646647,736
2003,"Howie Clark","TOR",7,0,0,0,0.142857142,0.142857142,0.142857142,0.285714284,0,0.142857142,-0.3173245156482665,-1.1754032859877555,0.12730257851736887,-36.22679611415386,1533
2003,"Travis Lee","TBD",20,0,0,0,0.25,0.25,0.45,0.7,0.2,0.210526315,1.9207659935507713,-0.5308876359906258,0.2961118996143341,76.74830689089379,958
2003,"Nick Johnson","NYY",17,0,0,0,0.470588235,0.470588235,0.588235294,1.058823529,0.117647059,0.470588235,3.987156506689239,1.9032509215790516,0.46149410920984607,187.42982638781237,828
2003,"Enrique Wilson","NYY",8,0,0,0,0.5,0.5,0.5,1,0,0.5,1.769549492128935,0.788888040312376,0.445559024810791,176.76532166924125,858
2003,"Ruben Sierra","NYY",2,0,0,0,0.5,0.5,0.5,1,0,0.5,0.44238737303223374,0.197222010078094,0.445559024810791,176.76532166924125,1099
2003,"Karim Garcia","NYY",8,0,0,0,0.375,0.375,0.375,0.75,0,0.375,1.023277363624501,0.04261591180794218,0.33416926860809326,102.21808044505293,1537
2003,"Larry Bigbie","BAL",26,0,0,0,0.192307692,0.192307692,0.23076923,0.423076922,0.038461538,0.192307692,0.08085877146730241,-3.1062909469365136,0.18514684530404898,2.485296061863576,128
2003,"Jay Gibbons","BAL",39,0,0,0,0.358974358,0.358974358,0.461538461,0.820512819,0.102564103,0.358974358,5.692056992479774,0.911332414874049,0.3557113072811029,116.63502153697311,141
2003,"Brian Roberts","BAL",19,0,0,0,0.222222222,0.210526315,0.277777777,0.488304092,0.055555555,0.210526315,0.39818328711556894,-1.9308876609487582,0.20645789096229955,16.74764581092263,166
2003,"Jack Cust","BAL",21,0,0,0,0.476190476,0.476190476,0.904761904,1.38095238,0.428571428,0.421052631,7.0284371141711794,4.454200803152712,0.581081129255749,267.46306045308137,1564
2003,"Jose Morban","BAL",1,0,0,0,0,0,0,0,0,0,-0.15194237773610003,-0.2745250592131699,0,-100,1682
2003,"Pete Laforest","TBD",4,0,0,0,0.75,0.75,1,1.75,0.25,0.75,1.9310468246526358,1.4407160987443564,0.7578954696655273,385.79549725667556,1821
2003,"Tim Raines Jr.","BAL",2,0,0,0,0.5,0.5,0.5,1,0,0.5,0.44238737303223374,0.197222010078094,0.445559024810791,176.76532166924125,1807
2003,"Pedro Swann","BAL",1,0,0,0,1,1,1,2,0,1,0.5943297507683338,0.4717470692912639,0.891118049621582,474.95428656599444,1323
2004,"Frank Catalanotto","TOR",19,0,0,0,0.315789473,0.315789473,0.47368421,0.789473683,0.157894737,0.315789473,2.4366128224584993,0.08089853112434665,0.3351800943675794,100.39994767447678,1241
2004,"Carlos Delgado","TOR",26,0,0,0,0.16,0.153846153,0.28,0.433846153,0.12,0.12,-0.10675103265746366,-3.330360062904198,0.1789738512956179,-3.2143954081564443,1297
2004,"Eric Hinske","TOR",32,0,0,0,0.28125,0.28125,0.5,0.78125,0.21875,0.233333333,3.9556848783892984,-0.011833928068220957,0.3297182731330395,96.7770257724954,1305
2004,"Orlando Hudson","TOR",21,0,0,0,0.428571428,0.428571428,0.714285714,1.142857142,0.285714286,0.4,5.343440190263039,2.7397559735252917,0.4841373506046477,199.20591054041085,1307
2004,"Greg Myers","TOR",2,0,0,0,0,0,0,0,0,0,-0.31148933887584995,-0.5594592642794449,0,-100,933
2004,"Jay Gibbons","BAL",15,0,0,0,0.266666666,0.266666666,0.4,0.666666666,0.133333334,0.266666666,1.2510043398176236,-0.6087701007093387,0.28225412766138713,65.29322489292252,141
2004,"David Segui","BAL",4,0,0,0,0.75,0.75,1.5,2.25,0.75,0.666666666,2.565338089530037,2.069398238722847,0.9407636821269989,502.0941718829797,169
2004,"Kenny Lofton","NYY",20,0,0,0,0.25,0.25,0.4,0.65,0.15,0.25,1.5565744869723783,-0.9231247670635714,0.2756782114505768,60.9313042362964,246
2004,"Jason Giambi","NYY",13,0,0,0,0.153846153,0.153846153,0.384615384,0.538461537,0.230769231,0.083333333,0.4093424591418627,-1.2024620559815047,0.22098379410230196,24.651537100368742,818
2004,"Jorge Posada","NYY",26,0,0,0,0.423076923,0.423076923,0.73076923,1.153846153,0.307692307,0.4,6.673303952964867,3.4496949227181317,0.48675281955645633,200.94079700823164,841
2004,"Bernie Williams","NYY",30,0,0,0,0.366666666,0.366666666,0.6,0.966666666,0.233333334,0.366666666,5.724889223269732,2.005340342215807,0.4090490976969401,149.3985542833979,857
2004,"Enrique Wilson","NYY",17,0,0,0,0.3125,0.3125,0.3125,0.625,0,0.3125,1.359525398491661,-0.7482189674388962,0.2782079391181469,62.60931700517455,858
2004,"Hideki Matsui","NYY",31,0,0,0,0.533333333,0.516129032,0.966666666,1.482795698,0.433333333,0.464285714,11.21692058539299,7.373386741637266,0.6108818804064104,283.2777820383825,1659
2004,"Tony Clark","NYY",4,0,0,0,0.25,0.25,1,1.25,0.75,0,1.0567508786363384,0.5608110278291486,0.49563097953796387,206.82983637167527,182
2004,"Ruben Sierra","NYY",10,0,0,0,0.444444444,0.4,0.444444444,0.844444444,0,0.4,1.4597277274081466,0.2198781003901717,0.356106162071228,114.28057571965284,1099
2004,"Travis Lee","NYY",7,0,0,0,0.285714285,0.285714285,0.428571428,0.714285713,0.142857143,0.285714285,0.7183744743271007,-0.1495202645854817,0.30494426829474314,80.34399347900695,958
2004,"Eduardo Perez","TBD",1,0,0,0,0,0,0,0,0,0,-0.15574466943792498,-0.27972963213972246,0,-100,1409
2004,"Robert Fick","TBD",17,0,0,0,0.176470588,0.176470588,0.235294117,0.411764705,0.058823529,0.176470588,-0.0847786146053,-2.1925229805358573,0.17793384019066305,-3.904253030485261,466
2004,"Geoff Blum","TBD",21,0,0,0,0.238095238,0.238095238,0.285714285,0.523809523,0.047619047,0.238095238,0.800829918536698,-1.8028542982010491,0.22882886159987675,29.85530808425739,550
2004,"Tino Martinez","TBD",25,0,0,0,0.24,0.24,0.36,0.6,0.12,0.208333333,1.5575808476741597,-1.5420432198707774,0.25735403776168825,48.77655816490164,1168
2004,"Carl Crawford","TBD",32,0,0,0,0.3125,0.3125,0.53125,0.84375,0.21875,0.29032258,4.684542381391591,0.7170235749340708,0.3566009011119604,114.60874481004701,1201
2004,"Aubrey Huff","TBD",35,0,0,0,0.314285714,0.314285714,0.514285714,0.828571428,0.2,0.294117647,4.971601978524664,0.6321282839617522,0.35147126402173723,111.20616648216975,1213
2004,"Jose Cruz Jr.","TBD",17,0,0,0,0.266666666,0.235294117,0.266666666,0.501960783,0,0.235294117,0.36951504134267177,-1.7382293245878855,0.2094742129830753,17.01702990416433,1296
2004,"Simon Pond","TOR",8,0,0,0,0.375,0.375,0.875,1.25,0.5,0.285714285,2.242359361277214,1.2504796596628343,0.5146417245268822,219.4399972384902,1898
2004,"Gregg Zaun","TOR",6,0,0,0,0.333333333,0.333333333,0.333333333,0.666666666,0,0.333333333,0.5741191942661483,-0.16979058194463664,0.2967551350593567,74.91199765147891,580
2004,"B.J. Surhoff","BAL",23,0,0,0,0.5,0.5,0.818181818,1.318181818,0.318181818,0.45,7.340887819283257,4.489233677141915,0.560523434118791,249.87414062086262,117
2004,"Larry Bigbie","BAL",27,0,0,0,0.346153846,0.346153846,0.461538461,0.807692307,0.115384615,0.346153846,3.77925323413731,0.43165924118877813,0.3490240711432237,109.58290048769304,128
2004,"Brian Roberts","BAL",26,0,0,0,0.375,0.375,0.583333333,0.958333333,0.208333333,0.347826086,4.957556751821252,1.733947721574517,0.40886688729127246,149.27769092278703,166
2004,"Luis Lopez","BAL",3,0,0,0,0.333333333,0.333333333,0.333333333,0.666666666,0,0.333333333,0.28705959713307416,-0.08489529097231832,0.2967551350593567,74.91199765147891,695
2004,"Rafael Palmeiro","BAL",24,0,0,0,0.304347826,0.291666666,0.478260869,0.769927535,0.173913043,0.260869565,2.7676190720578107,-0.20802003278532882,0.31992480903863907,90.28084912367108,1266
2004,"Karim Garcia","BAL",9,0,0,0,0.222222222,0.222222222,0.222222222,0.444444444,0,0.222222222,0.10688518595237329,-1.0089794783638042,0.1978367567062378,9.29770087118904,1537
2004,"David Newhan","BAL",24,0,0,0,0.416666666,0.416666666,0.75,1.166666666,0.333333334,0.363636363,6.255935788838424,3.280296683995285,0.4914720505475998,204.07114576629803,2009
2004,"Gabe Gross","TOR",9,0,0,0,0.444444444,0.444444444,0.444444444,0.888888888,0,0.444444444,1.6154723968460714,0.4996077325298941,0.3956735134124756,140.52629443176875,2184
2004,"Midre Cummings","TBD",1,0,0,0,1,1,1,2,0,1,0.5985489360089241,0.47456397330712663,0.8902654051780701,468.5977783332182,1927
2004,"John Olerud","NYY",10,0,0,0,0.1,0.1,0.1,0.2,0,0.1,-0.8031530889324007,-2.0430027159503754,0.089026540517807,-62.87802558712981,1093
2004,"Bubba Crosby","NYY",1,0,0,0,0,0,0,0,0,0,-0.15574466943792498,-0.27972963213972246,0,-100,1722
2004,"Dioner Navarro","NYY",1,0,0,0,0,0,0,0,0,0,-0.15574466943792498,-0.27972963213972246,0,-100,3179
2005,"Tony Womack","NYY",14,0,0,0,0.214285714,0.214285714,0.357142857,0.571428571,0.142857143,0.214285714,0.7109751411949328,-0.9668244412864515,0.24248082297188894,41.58927697400505,78
2005,"Jason Giambi","NYY",25,0,0,0,0.28,0.28,0.56,0.84,0.28,0.217391304,3.5746427940681444,0.578572111065673,0.3538327407836914,117.09750222438147,818
2005,"Jorge Posada","NYY",18,0,0,0,0.333333333,0.333333333,0.555555555,0.888888888,0.222222222,0.294117647,2.95477218254453,0.7976012907827499,0.37939765718248153,134.43318448186557,841
2005,"Bernie Williams","NYY",25,0,0,0,0.24,0.24,0.56,0.8,0.32,0.173913043,3.1376726392735144,0.14160195627104266,0.33272361755371094,102.78331291350482,857
2005,"Tino Martinez","NYY",18,0,0,0,0.166666666,0.166666666,0.222222222,0.388888888,0.055555556,0.166666666,-0.18900635574429253,-2.3461772475060725,0.16846789254082573,-8.599216697693636,1168
2005,"Hideki Matsui","NYY",31,0,0,0,0.419354838,0.419354838,0.677419354,1.096774192,0.258064516,0.4,7.363623260395777,3.6484956134727122,0.46802123900382747,194.5292251263678,1659
2005,"Ruben Sierra","NYY",5,0,0,0,0.2,0.2,0.4,0.6,0.2,0.2,0.28699325154054867,-0.3122208850599457,0.25046939849853517,47.00636517642947,1099
2005,"Travis Lee","TBD",26,0,0,0,0.307692307,0.307692307,0.615384615,0.923076922,0.307692308,0.25,4.461617552418704,1.3457040420961326,0.388390981234037,140.53159707842437,958
2005,"Carl Crawford","TBD",35,0,0,0,0.382352941,0.382352941,0.588235294,0.970588235,0.205882353,0.363636363,6.808155879575498,2.6136569233720373,0.41606908686020794,159.30024224587302,1201
2005,"Aubrey Huff","TBD",28,0,0,0,0.321428571,0.321428571,0.5,0.821428571,0.178571429,0.296296296,3.9657288404202564,0.6101296754574881,0.35219928196498324,115.9898466146354,1213
2005,"Chris Singleton","TBD",1,0,0,0,1,1,1,2,0,1,0.586974768221343,0.4671319409012441,0.8900375366210938,480.70033278228743,170
2005,"Alex Sanchez","TBD",5,0,0,0,0.2,0.2,0.6,0.8,0.4,0.2,0.5569932623984116,-0.042220874202082745,0.3156851053237915,91.22942282638067,708
2005,"Gregg Zaun","TOR",23,0,0,0,0.136363636,0.130434782,0.272727272,0.403162054,0.136363636,0.09090909,-0.306115125868734,-3.062500154231008,0.1650754679804263,-10.899634713703774,580
2005,"Corey Koskie","TOR",14,0,0,0,0.428571428,0.428571428,0.642857142,1.07142857,0.214285714,0.384615384,3.2547536992253248,1.5769541167439403,0.4619177409580776,190.39041625526576,738
2005,"Greg Myers","TOR",1,0,0,0,0,0,0,0,0,0,-0.14999537670250246,-0.26983820402260134,0,-100,933
2005,"Frank Catalanotto","TOR",27,0,0,0,0.444444444,0.444444444,0.925925925,1.370370369,0.481481481,0.4,8.729502726786308,5.493746389143639,0.5716160005993314,264.7772886265661,1241
2005,"Eric Hinske","TOR",31,0,0,0,0.419354838,0.419354838,0.741935483,1.161290321,0.322580645,0.4,7.9636232406542105,4.248495593731144,0.4913960426084457,210.3797822648974,1305
2005,"Orlando Hudson","TOR",12,0,0,0,0.583333333,0.583333333,0.75,1.333333333,0.166666667,0.583333333,3.9588464742953198,2.5207325464541332,0.5795734723409017,270.1732852155203,1307
2005,"Russ Adams","TOR",27,0,0,0,0.346153846,0.333333333,0.384615384,0.717948717,0.038461538,0.333333333,2.8828561234762584,-0.35290021416641126,0.31009804760968246,87.4408144157307,4519
2005,"B.J. Surhoff","BAL",26,0,0,0,0.44,0.423076923,0.64,1.063076923,0.2,0.4,5.739659883672954,2.6237463733503827,0.44775596031775844,180.78725051237367,117
2005,"Brian Roberts","BAL",13,0,0,0,0.5,0.461538461,0.833333333,1.294871794,0.333333333,0.461538461,3.6718809329274023,2.113924177766117,0.5222663879394531,231.31309921728445,166
2005,"Larry Bigbie","BAL",5,0,0,0,0.4,0.4,0.6,1,0.2,0.4,1.023963396464394,0.42474925986389955,0.4284769058227539,167.71403886025436,128
2005,"Jay Gibbons","BAL",32,0,0,0,0.375,0.375,0.71875,1.09375,0.34375,0.333333333,7.379525863015363,3.5445553887721997,0.45965665951371193,188.85716698245875,141
2005,"Rafael Palmeiro","BAL",22,0,0,0,0.285714285,0.272727272,0.333333333,0.606060605,0.047619048,0.272727272,1.421922572217234,-1.2146196288249413,0.2592061216180975,52.93077555234272,1266
2005,"David Newhan","BAL",14,0,0,0,0.357142857,0.357142857,0.571428571,0.928571428,0.214285714,0.307692307,2.5177835543014786,0.8399839718200947,0.398343631199428,147.28053279675683,2009
2005,"Gabe Gross","TOR",11,0,0,0,0.181818181,0.181818181,0.181818181,0.363636362,0,0.181818181,-0.1760088538798363,-1.494279954400924,0.16182500665838068,-13.103786833359884,2184
2005,"Robinson Cano","NYY",27,0,0,0,0.481481481,0.481481481,0.555555555,1.037037036,0.074074074,0.481481481,6.130736693300856,2.8949803556581855,0.4553743291784216,185.95329994623833,3269
2005,"Melky Cabrera","NYY",3,0,0,0,0,0,0,0,0,0,-0.4499861301075074,-0.8095146120678041,0,-100,4022
2005,"Joey Gathright","TBD",17,0,0,0,0.235294117,0.235294117,0.235294117,0.470588234,0,0.235294117,0.39795917575283973,-1.6393688886888411,0.20942059685202205,19.170992226486348,3913
2005,"Fernando Cortez","TBD",5,0,0,0,0,0,0,0,0,0,-0.7499768835125122,-1.3491910201130066,0,-100,3634
2005,"Pete Laforest","TBD",1,0,0,0,0,0,0,0,0,0,-0.14999537670250246,-0.26983820402260134,0,-100,1821
2005,"Bernie Castro","BAL",6,0,0,0,0,0,0,0,0,0,-0.8999722602150148,-1.6190292241356081,0,-100,2096
2005,"Mark Bellhorn","NYY",2,0,0,0,0.5,0.5,0.5,1,0,0.5,0.43697939151884047,0.19729373687864274,0.4450187683105469,178.9311485727252,264
2005,"Matt Lawton III","NYY",1,0,0,0,0,0,0,0,0,0,-0.14999537670250246,-0.26983820402260134,0,-100,390
2005,"Bubba Crosby","NYY",1,0,0,0,1,1,1,2,0,1,0.586974768221343,0.4671319409012441,0.8900375366210938,480.70033278228743,1722
2006,"Frank Catalanotto","TOR",26,0,0,0,0.346153846,0.346153846,0.692307692,1.038461538,0.346153846,0.32,5.432388710066465,2.1699293425528072,0.42920114214603716,161.7859515047125,1241
2006,"Eric Hinske","TOR",11,0,0,0,0.454545454,0.454545454,0.818181818,1.272727272,0.363636364,0.4,3.288301478490622,1.908030207619459,0.5345434438098561,231.47402317443184,1305
2006,"Lyle Overbay","TOR",24,0,0,0,0.416666666,0.416666666,0.583333333,0.999999999,0.166666667,0.416666666,5.014802892006979,2.003301937378988,0.42921529710292816,161.79531556487373,1617
2006,"Russ Adams","TOR",17,0,0,0,0.235294117,0.235294117,0.352941176,0.588235293,0.117647059,0.235294117,0.9585932477739768,-1.1745532617541832,0.25064268532921286,43.6625163855882,4519
2006,"Gregg Zaun","TOR",19,0,0,0,0.277777777,0.263157894,0.444444444,0.707602338,0.166666667,0.263157894,1.7031723555300144,-0.6809325668838117,0.28956476638191625,69.41100233182821,580
2006,"Russell Branyan","TBD",10,0,0,0,0.1,0.1,0.2,0.3,0.1,0.1,-0.5173970189212227,-1.7721890833495522,0.124080491065979,-40.063348012554826,370
2006,"Travis Lee","TBD",16,0,0,0,0.333333333,0.3125,0.466666666,0.779166666,0.133333333,0.3125,1.8764133826648595,-0.13125392042046768,0.3219114728271961,90.80961961505263,958
2006,"Tomas Perez","TBD",16,0,0,0,0.125,0.125,0.1875,0.3125,0.0625,0.125,-0.7038059948729427,-2.71147329795827,0.13315392658114433,-34.060913905036244,965
2006,"Carl Crawford","TBD",31,0,0,0,0.387096774,0.387096774,0.64516129,1.032258064,0.258064516,0.344827586,6.647025943606946,2.757170543879124,0.43561796026845134,166.03092882287888,1201
2006,"Joey Gathright","TBD",17,0,0,0,0.411764705,0.411764705,0.588235294,0.999999999,0.176470589,0.411764705,3.538812625311779,1.405666115783619,0.4282968465019675,161.18772440449538,3913
2006,"Sean Burroughs","TBD",3,0,0,0,0,0,0,0,0,0,-0.4732410475039725,-0.8496786668324714,0,-100,1021
2006,"Johnny Damon","NYY",32,0,0,0,0.40625,0.40625,0.875,1.28125,0.46875,0.344827586,9.372505165326622,5.357170559155969,0.5274669993668795,226.7926771271172,185
2006,"Jason Giambi","NYY",21,0,0,0,0.4,0.38095238,0.8,1.18095238,0.4,0.315789473,5.21420373470345,2.579140399403958,0.4752685683114188,192.261363998526,818
2006,"Jorge Posada","NYY",21,0,0,0,0.285714285,0.285714285,0.761904761,1.047619046,0.476190476,0.210526315,4.264057428354424,1.6289940930549325,0.42230967964444843,157.2269782799529,841
2006,"Hideki Matsui","NYY",3,0,0,0,0,0,0,0,0,0,-0.4732410475039725,-0.8496786668324714,0,-100,1659
2006,"Bubba Crosby","NYY",2,0,0,0,0.5,0.5,0.5,1,0,0.5,0.44457908738691,0.1936206745012441,0.44482895731925964,172.12436529130542,1722
2006,"Robinson Cano","NYY",34,0,0,0,0.352941176,0.352941176,0.558823529,0.911764705,0.205882353,0.333333333,5.880632008794455,1.6143389897381348,0.38708894918946657,133.92708118790316,3269
2006,"Jay Gibbons","BAL",22,0,0,0,0.181818181,0.181818181,0.227272727,0.409090908,0.045454546,0.181818181,-0.13014185176843812,-2.890684393510763,0.17771721157160672,-4.580549899280902,141
2006,"Corey Patterson","BAL",17,0,0,0,0.294117647,0.294117647,0.647058823,0.94117647,0.352941176,0.2,2.9649724001351507,0.8318258906069909,0.38878659991657033,135.0501438481259,300
2006,"Brandon Fahey","BAL",13,0,0,0,0.23076923,0.23076923,0.307692307,0.538461537,0.076923077,0.23076923,0.5295081716872547,-1.1017215120695736,0.23231697999514067,31.539342251852613,4746
2006,"Nick Markakis","BAL",29,0,0,0,0.275862068,0.275862068,0.448275862,0.72413793,0.172413794,0.275862068,2.975921486115537,-0.6629755007266179,0.3047546024980216,79.45967576302601,5930
2006,"Terrence Long","NYY",11,0,0,0,0.181818181,0.181818181,0.181818181,0.363636362,0,0.181818181,-0.2150709360687826,-1.595342206939945,0.16175598447973077,-15.139528770513891,927
2006,"Kevin Reese","NYY",1,0,0,0,1,1,1,2,0,1,0.6023261032215674,0.47684689677873454,0.8896579146385193,466.39619881702134,2977
2006,"Aubrey Huff","TBD",9,0,0,0,0.111111111,0.111111111,0.111111111,0.222222222,0,0.111111111,-0.6596500234556926,-1.788962881441189,0.09885087940427992,-56.75372745091818,1213
2006,"Greg Norton","TBD",12,0,0,0,0.666666666,0.666666666,1.166666666,1.833333332,0.5,0.636363636,6.010773860562893,4.505023383248899,0.7709371348222097,387.8577381810739,1388
2006,"Brian Roberts","BAL",11,0,0,0,0.363636363,0.363636363,0.636363636,0.999999999,0.272727273,0.3,2.228228339065269,0.8479570681941067,0.42174299738623877,156.8520957000174,166
2006,"Bernie Williams","NYY",17,0,0,0,0.470588235,0.470588235,0.764705882,1.235294117,0.294117647,0.4375,4.922038761020478,2.7888922514923182,0.5235352130497203,224.1916459902181,857
2006,"Bobby Abreu","NYY",13,0,0,0,0.769230769,0.769230769,1.076923076,1.846153845,0.307692307,0.769230769,6.750020066188212,5.118790382431383,0.7923974715746366,402.0545941642682,945
2006,"Melky Cabrera","NYY",19,0,0,0,0.263157894,0.263157894,0.368421052,0.631578946,0.105263158,0.263157894,1.4031723351608867,-0.9809325872529392,0.27108334553869146,57.18481627040053,4022
2006,"Kevin Barker","TOR",3,0,0,0,0.666666666,0.666666666,1.666666666,2.333333332,1,0.5,1.9700582276300795,1.5936206083015807,0.9532857139905294,508.4884881575376,1019
2006,"John Hattig","TOR",3,0,0,0,0.333333333,0.333333333,0.333333333,0.666666666,0,0.333333333,0.28683207155225254,-0.08960554777624631,0.2965526382128398,74.03375411606675,2563
2006,"Adam Lind","TOR",5,0,0,0,0.2,0.2,0.4,0.6,0.2,0.2,0.27133806025206475,-0.3560579719621,0.248160982131958,42.020772209300965,8027
2006,"Kevin Witt","TBD",2,0,0,0,0,0,0,0,0,0,-0.315494031669315,-0.5664524445549809,0,-100,362
2006,"Ben Zobrist","TBD",3,0,0,0,0.333333333,0.333333333,0.333333333,0.666666666,0,0.333333333,0.28683207155225254,-0.08960554777624631,0.2965526382128398,74.03375411606675,7435
2006,"David Newhan","BAL",8,0,0,0,0.285714285,0.25,0.285714285,0.535714285,0,0.25,0.25817011143519,-0.7456635401074736,0.22241447865962982,24.988448528447393,2009
2006,"Jeff Fiorentino","BAL",4,0,0,0,0.25,0.25,0.5,0.75,0.25,0.25,0.42908507608672225,-0.07283174968460952,0.3102012276649475,83.06283232022886,8024
2007,"Johnny Damon","NYY",27,0,0,0,0.185185185,0.185185185,0.259259259,0.444444444,0.074074074,0.185185185,0.19701570078508143,-3.1413576622329544,0.192399506215696,5.8183553620237705,185
2007,"Doug Mientkiewicz","NYY",15,0,0,0,0.428571428,0.428571428,0.5,0.928571428,0.071428572,0.428571428,2.8422578352276253,0.9876059668842723,0.4095157640320914,151.08988212570597,741
2007,"Jason Giambi","NYY",11,0,0,0,0.636363636,0.636363636,1,1.636363636,0.363636364,0.6,4.793016280578946,3.43293824379382,0.702971263365312,347.4396573755466,818
2007,"Jorge Posada","NYY",18,0,0,0,0.444444444,0.444444444,0.888888888,1.333333332,0.444444444,0.411764705,5.665779843466075,3.4401976014540523,0.5588167309761047,250.98649803731738,841
2007,"Bobby Abreu","NYY",22,0,0,0,0.454545454,0.454545454,0.681818181,1.136363635,0.227272727,0.454545454,5.626822946967878,2.906666873397627,0.4885040900923989,203.9406213503662,945
2007,"Robinson Cano","NYY",31,0,0,0,0.387096774,0.387096774,0.774193548,1.161290322,0.387096774,0.321428571,7.891042862328935,4.058095667752672,0.48705625534057617,202.9718815286037,3269
2007,"Melky Cabrera","NYY",21,0,0,0,0.238095238,0.238095238,0.38095238,0.619047618,0.142857142,0.2,1.447895495756398,-1.1486171199242967,0.2658698047910418,54.97700682906326,4022
2007,"Gregg Zaun","TOR",18,0,0,0,0.222222222,0.222222222,0.388888888,0.61111111,0.166666666,0.222222222,1.132551609485308,-1.093030632526716,0.25868625773323906,50.17052729979534,580
2007,"Matt Stairs","TOR",21,0,0,0,0.38095238,0.38095238,0.761904761,1.142857141,0.380952381,0.315789473,5.229312016294285,2.6327994006135906,0.480460178284418,198.558475576253,1384
2007,"Adam Lind","TOR",5,0,0,0,0.75,0.6,0.75,1.35,0,0.6,1.4846864613602495,0.866469171912465,0.5375704050064087,236.77067540487923,8027
2007,"Lyle Overbay","TOR",25,0,0,0,0.32,0.32,0.4,0.72,0.08,0.32,2.760750312701081,-0.33033613453784094,0.3153055477142334,88.05424352877681,1617
2007,"Jay Gibbons","BAL",21,0,0,0,0.285714285,0.285714285,0.38095238,0.666666665,0.095238095,0.285714285,1.8737258289900343,-0.7227867866906604,0.29003511156354633,71.14590659207948,141
2007,"Brian Roberts","BAL",24,0,0,0,0.375,0.375,0.666666666,1.041666666,0.291666666,0.347826086,5.192693142146886,2.2252501527975204,0.44154729942480725,172.52204062863942,166
2007,"Corey Patterson","BAL",31,0,0,0,0.233333333,0.225806451,0.233333333,0.459139784,0,0.225806451,0.4840401844961288,-3.3489070100801346,0.20231144274434737,12.450388205550258,300
2007,"Aubrey Huff","BAL",22,0,0,0,0.454545454,0.454545454,0.59090909,1.045454544,0.136363636,0.454545454,4.996822916958545,2.2766668433882935,0.4543774994936856,181.1066706855265,1213
2007,"Nick Markakis","BAL",27,0,0,0,0.37037037,0.37037037,0.74074074,1.11111111,0.37037037,0.32,6.408037028417976,3.06966366539994,0.46654068099127877,189.24500156977265,5930
2007,"Paul Bako","BAL",3,0,0,0,0.666666666,0.666666666,0.666666666,1.333333332,0,0.666666666,1.0411742195047258,0.6702438458360549,0.5973004500071207,276.7357840438401,676
2007,"Freddie Bynum Jr.","BAL",4,0,0,0,0,0,0,0,0,0,-0.6165989431747143,-1.1111727747329418,0,-100,2099
2007,"Hideki Matsui","NYY",15,0,0,0,0.333333333,0.333333333,0.466666666,0.799999999,0.133333333,0.333333333,2.016812500299892,0.16216063195653865,0.34393566449483237,107.21052789904866,1659
2007,"Carlos Pena","TBD",22,0,0,0,0.38095238,0.363636363,0.714285714,1.077922077,0.333333334,0.3,4.775162280500607,2.0550062069303547,0.4423703226176175,173.0727218027898,934
2007,"Carl Crawford","TBD",28,0,0,0,0.357142857,0.357142857,0.428571428,0.785714285,0.071428571,0.357142857,3.8019245322058066,0.3399077112982141,0.3455192872456142,108.27012286967646,1201
2007,"Greg Norton","TBD",11,0,0,0,0.181818181,0.181818181,0.272727272,0.454545453,0.090909091,0.181818181,0.10797633315529694,-1.2521017036298288,0.19540163603695956,7.827067132685139,1388
2007,"Dioner Navarro","TBD",10,0,0,0,0.111111111,0.1,0.111111111,0.211111111,0,0.1,-0.7896856444939054,-2.026120223389474,0.08959506750106812,-62.96763938732759,3179
2007,"Akinori Iwamura","TBD",27,0,0,0,0.37037037,0.37037037,0.481481481,0.851851851,0.111111111,0.37037037,4.256074267999486,0.9177009049814496,0.3715576551578663,125.69227954781026,7781
2007,"Raul Casanova","TBD",4,0,0,0,0.5,0.5,1.25,1.75,0.75,0.333333333,1.8130058639202922,1.3184320323620646,0.7238534688949585,361.41184863378993,680
2007,"Ben Zobrist","TBD",4,0,0,0,0,0,0,0,0,0,-0.6165989431747143,-1.1111727747329418,0,-100,7435
2007,"Scott Moore","BAL",1,0,0,0,0,0,0,0,0,0,-0.15414973579367858,-0.27779319368323546,0,-100,4390
2007,"Tike Redman","BAL",3,0,0,0,0,0,0,0,0,0,-0.46244920738103573,-0.8333795810497064,0,-100,1003
2007,"Russ Adams","TOR",1,0,0,0,0,0,0,0,0,0,-0.15414973579367858,-0.27779319368323546,0,-100,4519
2007,"Bronson Sardinha","NYY",1,0,0,0,0,0,0,0,0,0,-0.15414973579367858,-0.27779319368323546,0,-100,3585
2008,"Jason Giambi","NYY",17,0,0,0,0.235294117,0.235294117,0.588235294,0.823529411,0.352941177,0.133333333,2.2599851605148937,0.21370806960779695,0.3435741242240457,107.91639615964029,818
2008,"Jorge Posada","NYY",7,0,0,0,0.285714285,0.285714285,0.285714285,0.57142857,0,0.285714285,0.42463634123859495,-0.4179483432525626,0.25601555619921,49.24361042173192,841
2008,"Bobby Abreu","NYY",24,0,0,0,0.391304347,0.375,0.52173913,0.89673913,0.130434783,0.375,3.9409167680769186,1.0520549926786642,0.3814484626054764,133.29589917056668,945
2008,"Hideki Matsui","NYY",6,0,0,0,0.5,0.5,0.833333333,1.333333333,0.333333333,0.5,1.9149864612003422,1.1927710173507788,0.5691686769326528,259.0867630728698,1659
2008,"Robinson Cano","NYY",37,0,0,0,0.388888888,0.378378378,0.611111111,0.989489489,0.222222223,0.361111111,7.21190642651384,2.758244522774865,0.41865284378464157,158.22646547239864,3269
2008,"Melky Cabrera","NYY",20,0,0,0,0.444444444,0.421052631,0.5,0.921052631,0.055555556,0.421052631,3.531167490559687,1.1237826777278084,0.3964136807542098,143.32405584065563,4022
2008,"Johnny Damon","NYY",23,0,0,0,0.238095238,0.227272727,0.38095238,0.608225107,0.142857142,0.19047619,1.3746952153460312,-1.3937973194106292,0.25493379072709516,48.51872198196143,185
2008,"Lyle Overbay","TOR",25,0,0,0,0.48,0.48,0.56,1.04,0.08,0.48,5.7092718049334605,2.7000407888936127,0.45918008327484133,185.38367113253372,1617
2008,"Adam Lind","TOR",21,0,0,0,0.428571428,0.428571428,0.809523809,1.238095237,0.380952381,0.368421052,5.955671664828628,3.427917611355156,0.526089574609484,230.21956026900747,8027
2008,"Gregg Zaun","TOR",4,0,0,0,0,0,0,0,0,0,-0.602694978611021,-1.0841719411773967,0,-100,580
2008,"Matt Stairs","TOR",7,0,0,0,0.428571428,0.428571428,0.428571428,0.857142856,0,0.428571428,1.1643126181425358,0.3217279336513783,0.384023334298815,135.0213144962606,1384
2008,"Carlos Pena","TBR",19,0,0,0,0.526315789,0.526315789,1.157894736,1.684210525,0.631578947,0.4375,8.22806233623859,5.941046764048305,0.7071384756188643,351.5399931704921,934
2008,"Carl Crawford","TBR",15,0,0,0,0.266666666,0.266666666,0.333333333,0.599999999,0.066666667,0.266666666,0.9985989870269604,-0.8069396225969486,0.2631761431694031,54.04190251966375,1201
2008,"Eric Hinske","TBR",18,0,0,0,0.277777777,0.277777777,0.388888888,0.666666665,0.111111111,0.277777777,1.586254079175161,-0.5803922523735299,0.28928449749946594,71.53704793070641,1305
2008,"Gabe Gross","TBR",18,0,0,0,0.277777777,0.277777777,0.5,0.777777777,0.222222223,0.235294117,2.21762088597062,0.05097455442192946,0.3317759864860111,100.01049245169375,2184
2008,"Akinori Iwamura","TBR",38,0,0,0,0.378378378,0.368421052,0.648648648,1.0170697,0.27027027,0.333333333,7.662599380410988,3.0885682360304187,0.42680682790906804,163.6904306129327,7781
2008,"Nathan Haynes","TBR",3,0,0,0,0,0,0,0,0,0,-0.4520212339582657,-0.8131289558830475,0,-100,17
2008,"Dioner Navarro","TBR",22,0,0,0,0.227272727,0.227272727,0.272727272,0.499999999,0.045454545,0.227272727,0.6835590513616145,-1.964564242753452,0.22016802701083096,25.22226737388087,3179
2008,"Cliff Floyd","TBR",6,0,0,0,0.333333333,0.333333333,0.333333333,0.666666666,0,0.333333333,0.5753100858913505,-0.1469053579582132,0.29868481556574505,77.83617844657485,518
2008,"Willy Aybar","TBR",10,0,0,0,0.333333333,0.3,0.555555555,0.855555555,0.222222222,0.3,1.282291374343765,0.0785989679278257,0.3378669500350952,104.09203246901629,2192
2008,"Brian Roberts","BAL",21,0,0,0,0.35,0.35,0.6,0.95,0.25,0.35,3.8159721421915305,1.2882180887180574,0.4026580184698105,147.5083715178908,166
2008,"Aubrey Huff","BAL",31,0,0,0,0.466666666,0.451612903,0.6,1.051612903,0.133333334,0.451612903,6.884581989229862,3.1531355293404504,0.4515632160248295,180.27962671706004,1213
2008,"Freddie Bynum Jr.","BAL",3,0,0,0,0.333333333,0.333333333,0.666666666,0.999999999,0.333333333,0.333333333,0.5876550921482007,0.2265473702234188,0.4198262691497803,159.01277498591972,2099
2008,"Luke Scott","BAL",18,0,0,0,0.277777777,0.277777777,0.555555555,0.833333332,0.277777778,0.235294117,2.517620935173145,0.35097460362445443,0.35196622875001693,113.53992520825122,3469
2008,"Nick Markakis","BAL",20,0,0,0,0.35,0.35,0.5,0.85,0.15,0.35,3.0642591928800575,0.6568743800481791,0.36813271045684814,124.37304569797502,5930
2008,"Brandon Fahey","BAL",7,0,0,0,0.285714285,0.285714285,0.285714285,0.57142857,0,0.285714285,0.42463634123859495,-0.4179483432525626,0.25601555619921,49.24361042173192,4746
2008,"Brett Gardner","NYY",15,0,0,0,0.266666666,0.266666666,0.266666666,0.533333332,0,0.266666666,0.6985989378244349,-1.1069396717994742,0.23894785245259603,37.80658321179478,9927
2008,"Brad Wilkerson","TOR",11,0,0,0,0.09090909,0.09090909,0.272727272,0.363636362,0.181818182,0.09090909,-0.34773492411687207,-1.6717965711744054,0.14423278245058926,-25.66175728005127,804
2008,"Alex Cintron","BAL",4,0,0,0,0.25,0.25,0.5,0.75,0.25,0.25,0.43698134749544537,-0.04449561507093036,0.3148697018623352,88.68163180760843,50
2008,"Dan Johnson","TBR",2,0,0,0,0.5,0.5,2,2.5,1.5,0,1.3696956435964152,1.1289571623132273,1.0121628046035767,555.9360620314284,2167
2008,"Ben Zobrist","TBR",2,0,0,0,0,0,0,0,0,0,-0.3013474893055105,-0.5420859705886983,0,-100,7435
2008,"Fernando Perez","TBR",2,0,0,0,0.5,0.5,1,1.5,0.5,0.5,0.738328836800956,0.49759035551776803,0.6297394037246704,299.6750613425423,7755
2008,"Travis Snider","TOR",5,0,0,0,0.4,0.4,1.2,1.6,0.8,0.25,1.9573507357446154,1.3555045325366457,0.6567608833312988,317.7820898041232,2830
2008,"Joe Inglett","TOR",18,0,0,0,0.388888888,0.388888888,0.444444444,0.833333332,0.055555556,0.388888888,2.7656065837805173,0.5989602522318266,0.36865586042404175,124.72360723211565,7254
2008,"Wilson Betemit","NYY",8,0,0,0,0.375,0.375,0.625,1,0.25,0.375,1.6136389718948316,0.6506850467620802,0.4268765076994896,163.737122872821,1861
2008,"Juan Miranda","NYY",3,0,0,0,1,0.666666666,1,1.666666666,0,0.666666666,1.0273313198496163,0.6662235979248343,0.5973696311314901,277.9841546204751,7783
2009,"Carl Crawford","TBR",33,0,0,0,0.40625,0.393939393,0.59375,0.987689393,0.1875,0.393939393,6.3743770384252025,2.419753793722386,0.41742306767087994,154.6699288055929,1201
2009,"Dioner Navarro","TBR",9,0,0,0,0.111111111,0.111111111,0.111111111,0.222222222,0,0.111111111,-0.6258976980167299,-1.704431310208407,0.09942238198386298,-55.685602419967815,3179
2009,"Matt Joyce","TBR",5,0,0,0,0.2,0.2,0.8,1,0.6,0,0.9131204531221835,0.31393511301569615,0.40466604232788084,146.23123365911235,3353
2009,"Akinori Iwamura","TBR",21,0,0,0,0.45,0.428571428,0.6,1.028571428,0.15,0.428571428,4.367668626610392,1.851090198163146,0.43536387171064106,166.53766222335048,7781
2009,"Carlos Pena","TBR",10,0,0,0,0.3,0.3,0.7,1,0.4,0.222222222,1.9331537637599059,0.7347830835469313,0.4176075875759125,154.7919876073246,934
2009,"Ben Zobrist","TBR",8,0,0,0,0.25,0.25,0.25,0.5,0,0.25,0.26499593194149995,-0.6937006122288797,0.2237003594636917,26.52352840605092,7435
2009,"Gabe Gross","TBR",8,0,0,0,0.285714285,0.285714285,0.285714285,0.57142857,0,0.285714285,0.476200073987424,-0.48249647018295566,0.2556575536727905,47.66301918988432,2184
2009,"Willy Aybar","TBR",6,0,0,0,0.666666666,0.666666666,1.166666666,1.833333332,0.5,0.666666666,2.9467831327691627,2.227760724641378,0.7781056861082712,393.25930052757127,2192
2009,"Brian Roberts","BAL",21,0,0,0,0.333333333,0.333333333,0.428571428,0.761904761,0.095238095,0.333333333,2.5892396519851903,0.07266122353794391,0.3328521734192258,98.72679350041723,166
2009,"Gregg Zaun","BAL",10,0,0,0,0.1,0.1,0.2,0.3,0.1,0.1,-0.47757685051049187,-1.6759475307234664,0.12579442262649537,-38.240656957356514,580
2009,"Cesar Izturis","BAL",18,0,0,0,0.166666666,0.166666666,0.166666666,0.333333332,0,0.166666666,-0.5125808988727265,-2.6696481232560805,0.14913357297579447,-22.801950089560343,656
2009,"Aubrey Huff","BAL",16,0,0,0,0.1875,0.1875,0.25,0.4375,0.0625,0.1875,0.09077734702600004,-1.8266157413147592,0.19047169387340546,4.542966989775492,1213
2009,"Luke Scott","BAL",20,0,0,0,0.263157894,0.25,0.315789473,0.565789473,0.052631579,0.25,0.9624898101574841,-1.434251550268465,0.24185749888420105,38.534366370397336,3469
2009,"Nick Markakis","BAL",28,0,0,0,0.518518518,0.5,0.851851851,1.351851851,0.333333333,0.461538461,8.86659042272945,5.511152518133121,0.566918072955949,253.5599710844942,5930
2009,"Felix Pie","BAL",18,0,0,0,0.176470588,0.176470588,0.235294117,0.411764705,0.058823529,0.176470588,-0.06448424375805448,-2.2215514681414086,0.17926747658673456,-2.868555014374994,3751
2009,"Johnny Damon","NYY",24,0,0,0,0.291666666,0.291666666,0.541666666,0.833333332,0.25,0.227272727,3.398805532883093,0.5227159003719541,0.35502781718969345,113.39584779986829,185
2009,"Robinson Cano","NYY",37,0,0,0,0.361111111,0.351351351,0.694444444,1.045795795,0.333333333,0.294117647,7.694565350340181,3.2605938335521754,0.435336037262066,166.51924990388102,3269
2009,"Melky Cabrera","NYY",26,0,0,0,0.346153846,0.346153846,0.384615384,0.73076923,0.038461538,0.346153846,3.009273002015444,-0.10649076653828933,0.32370598958088803,92.67664818125344,4022
2009,"Nick Swisher","NYY",21,0,0,0,0.38095238,0.38095238,0.714285714,1.095238094,0.333333334,0.35,4.860755729702322,2.3441773012550753,0.4637862585839771,185.33889932295685,4599
2009,"Ramiro Pena","NYY",1,0,0,0,0,0,0,0,0,0,-0.151679132797496,-0.27151620081879346,0,-100,8841
2009,"Brett Gardner","NYY",11,0,0,0,0.2,0.181818181,0.2,0.381818181,0,0.181818181,-0.19004146645098796,-1.50824921468526,0.16269117051904852,-13.833681272176456,9927
2009,"Jorge Posada","NYY",15,0,0,0,0.4,0.4,0.666666666,1.066666666,0.266666666,0.357142857,3.3924015912546275,1.594845570935166,0.45736534595489503,181.0915044340891,841
2009,"Hideki Matsui","NYY",26,0,0,0,0.461538461,0.461538461,1,1.461538461,0.538461539,0.363636363,9.256122953597098,6.140359185043364,0.6145391510083125,285.0610263403879,1659
2009,"Mark Teixeira","NYY",22,0,0,0,0.318181818,0.318181818,0.5,0.818181818,0.181818182,0.285714285,3.0698621588328896,0.4334466623643458,0.3525128012353724,111.73217994969053,1281
2009,"Lyle Overbay","TOR",25,0,0,0,0.4,0.4,0.72,1.12,0.32,0.375,6.002468248968164,3.006541548435727,0.4742377161979675,192.25247535416145,1617
2009,"Adam Lind","TOR",25,0,0,0,0.36,0.36,0.84,1.2,0.48,0.272727272,6.557856955267197,3.561930254734761,0.501129105091095,210.04096654494603,8027
2009,"Travis Snider","TOR",12,0,0,0,0.333333333,0.333333333,0.5,0.833333333,0.166666667,0.333333333,1.7067084315110759,0.26866361525550636,0.3557647615671158,113.88333205060648,2830
2009,"Matt Wieters","BAL",9,0,0,0,0.666666666,0.666666666,0.777777777,1.444444443,0.111111111,0.666666666,3.370174768090674,2.291641155898997,0.6368834906154208,299.84167191598806,4298
2009,"Eric Hinske","NYY",7,0,0,0,0.428571428,0.428571428,0.714285714,1.142857142,0.285714286,0.428571428,1.7558895225071982,0.917030046358116,0.48724141291209633,200.85434212148306,1305
2009,"Jeff Fiorentino","BAL",2,0,0,0,0.5,0.5,0.5,1,0,0.5,0.43585623156574205,0.1961820955231471,0.4474007189273834,174.4999638928847,8024
2009,"Chris Richard","TBR",2,0,0,0,0,0,0,0,0,0,-0.303358265594992,-0.5430324016375869,0,-100,163
2009,"Gregg Zaun","TBR",2,0,0,0,0.5,0.5,0.5,1,0,0.5,0.43585623156574205,0.1961820955231471,0.4474007189273834,174.4999638928847,580
2010,"Nick Johnson","NYY",7,0,0,0,0,0,0,0,0,0,-0.9926749191303632,-1.7965207121391675,0,-100,828
2010,"Jorge Posada","NYY",10,0,0,0,0.2,0.2,0.5,0.7,0.3,0.111111111,0.9541981623173712,-0.19415297055234926,0.2967033326625824,81.10037716809387,841
2010,"Mark Teixeira","NYY",21,0,0,0,0.19047619,0.19047619,0.476190476,0.666666666,0.285714286,0.105263157,1.7665856219018328,-0.6449517571245801,0.28257460253579275,71.49895507579748,1281
2010,"Robinson Cano","NYY",30,0,0,0,0.517241379,0.5,0.827586206,1.327586206,0.310344827,0.464285714,9.262543407998576,5.817490009389415,0.5635164141654968,262.41780571733926,3269
2010,"Nick Swisher","NYY",13,0,0,0,0.615384615,0.615384615,1.23076923,1.846153845,0.615384615,0.545454545,6.363709119528775,4.870852646798139,0.7895980798281156,416.05549855148354,4599
2010,"Curtis Granderson","NYY",14,0,0,0,0.384615384,0.357142857,1,1.357142857,0.615384616,0.25,4.0449199937696765,2.4372284077520674,0.538716869694846,245.56484780657075,4747
2010,"Brett Gardner","NYY",28,0,0,0,0.37037037,0.37037037,0.407407407,0.777777777,0.037037037,0.37037037,3.7620651074939464,0.5466819354587292,0.34540501126536616,114.19644232557415,9927
2010,"Carlos Pena","TBR",27,0,0,0,0.185185185,0.185185185,0.333333333,0.518518518,0.148148148,0.153846153,0.9903946131492369,-2.1101534455990083,0.22323926510634245,31.176603771998302,934
2010,"Carl Crawford","TBR",32,0,0,0,0.413793103,0.4,0.551724137,0.951724137,0.137931034,0.4,5.902498674323207,2.2277750491401016,0.408056910832723,156.772620597233,1201
2010,"Ben Zobrist","TBR",18,0,0,0,0.222222222,0.222222222,0.388888888,0.61111111,0.166666666,0.176470588,1.2510314592730665,-0.8160005798924304,0.26428770025571185,59.07177542299107,7435
2010,"Reid Brignac","TBR",14,0,0,0,0.214285714,0.214285714,0.357142857,0.571428571,0.142857143,0.214285714,0.7616285780934605,-0.8460630079241481,0.24540255325181143,46.238048256265515,8380
2010,"John Jaso","TBR",16,0,0,0,0.375,0.375,0.5625,0.9375,0.1875,0.375,2.9249855699189613,1.0876237573274088,0.4060039110481739,155.37746920641732,5887
2010,"Dioner Navarro","TBR",3,0,0,0,0,0,0,0,0,0,-0.42543210819872707,-0.7699374480596433,0,-100,3179
2010,"Cesar Izturis","BAL",18,0,0,0,0.333333333,0.333333333,0.388888888,0.722222221,0.055555555,0.333333333,2.0413641263274087,-0.02566791283808794,0.3192024860117171,96.3900646407663,656
2010,"Luke Scott","BAL",19,0,0,0,0.5,0.47368421,0.666666666,1.140350876,0.166666666,0.47368421,4.646531839948686,2.4646646874962177,0.4832252891440141,207.85458774385236,3469
2010,"Nick Markakis","BAL",30,0,0,0,0.5,0.5,0.8,1.3,0.3,0.48275862,9.221557194359685,5.776503795750524,0.5618077039718627,261.2566222524939,5930
2010,"Matt Wieters","BAL",13,0,0,0,0.23076923,0.23076923,0.307692307,0.538461537,0.076923077,0.23076923,0.603439261763502,-0.8894172109671346,0.23541744855734018,39.452498249502646,4298
2010,"Rhyne Hughes","BAL",7,0,0,0,0.571428571,0.571428571,0.714285714,1.285714285,0.142857143,0.571428571,2.1699629375704403,1.3661171445616358,0.5650713528905597,263.474491130183,9955
2010,"Randy Winn","NYY",6,0,0,0,0.333333333,0.333333333,0.333333333,0.666666666,0,0.333333333,0.5804547024215136,-0.10855597730031862,0.2983575463294983,82.22452657886001,1235
2010,"Ramiro Pena","NYY",10,0,0,0,0.333333333,0.333333333,0.444444444,0.777777777,0.111111111,0.333333333,1.3007578585501534,0.15240672568043287,0.3400474256939358,110.55560270267253,8841
2010,"Lyle Overbay","TOR",28,0,0,0,0.392857142,0.392857142,0.821428571,1.214285713,0.428571429,0.32,7.624513246653954,4.409130074618736,0.5179317827735629,231.43998372003065,1617
2010,"Travis Snider","TOR",17,0,0,0,0.470588235,0.470588235,0.705882352,1.176470587,0.235294117,0.4375,4.5554800187067785,2.6032830928282538,0.5125104749903959,227.755840569774,2830
2010,"Fred Lewis","TOR",24,0,0,0,0.458333333,0.458333333,0.541666666,0.999999999,0.083333333,0.458333333,5.068797226040241,2.3127545071529116,0.4415090357263883,179.5055886775905,4693
2010,"Adam Lind","TOR",16,0,0,0,0.3125,0.3125,0.5625,0.875,0.25,0.3125,2.5093261295723455,0.6719643169807925,0.3735124282538891,133.29732202312636,8027
2010,"Matt Joyce","TBR",14,0,0,0,0.357142857,0.357142857,0.5,0.857142857,0.142857143,0.357142857,2.1929474969124283,0.5852559108948194,0.3732700731073107,133.13262540583253,3353
2010,"Corey Patterson","BAL",10,0,0,0,0.4,0.4,0.4,0.8,0,0.4,1.4445308103088452,0.29617967743912477,0.35802905559539794,122.77532924865795,300
2010,"Josh Bell","BAL",5,0,0,0,0.4,0.4,0.4,0.8,0,0.4,0.7222654051544226,0.14808983871956238,0.35802905559539794,122.77532924865795,2510
2010,"Scott Moore","BAL",3,0,0,0,0.333333333,0.333333333,0.333333333,0.666666666,0,0.333333333,0.2902273512107568,-0.05427798865015931,0.2983575463294983,82.22452657886001,4390
2010,"Brad Hawpe","TBR",5,0,0,0,0.2,0.2,0.2,0.4,0,0.2,0.006605945744938835,-0.5675696206899215,0.17901452779769897,1.122921239264162,1885
2010,"Dan Johnson","TBR",5,0,0,0,0.6,0.6,1.2,1.8,0.6,0.5,2.3789111353914,1.8047355689565394,0.7724211931228637,404.38264911571116,2167
2010,"Willy Aybar","TBR",2,0,0,0,0.5,0.5,0.5,1,0,0.5,0.43203805394366585,0.20236782736972175,0.44753631949424744,183.60153325335486,2192
2010,"Brian Roberts","BAL",8,0,0,0,0.375,0.375,0.375,0.75,0,0.375,1.0124927563651795,0.09381185006940314,0.3356522396206856,107.56877824748375,166
2010,"Felix Pie","BAL",12,0,0,0,0.166666666,0.166666666,0.333333333,0.499999999,0.166666667,0.166666666,0.2995904793520561,-1.0784308800916085,0.20858684678872427,21.219300342895753,3751
2010,"Lance Berkman","NYY",1,0,0,0,0,0,0,0,0,0,-0.14181070273290902,-0.25664581601988107,0,-100,548
2010,"Juan Miranda","NYY",1,0,0,0,0,0,0,0,0,0,-0.14181070273290902,-0.25664581601988107,0,-100,7783
2011,"Jorge Posada","NYY",10,0,0,0,0,0,0,0,0,0,-1.3761895227858325,-2.4994587231108447,0,-100,841
2011,"Mark Teixeira","NYY",15,0,0,0,0.133333333,0.133333333,0.333333333,0.466666666,0.2,0.071428571,0.28995560181739993,-1.3949481986701184,0.19840927124023439,16.600671700551036,1281
2011,"Robinson Cano","NYY",30,0,0,0,0.4,0.4,0.733333333,1.133333333,0.333333333,0.379310344,7.368611416769648,3.9988038157946106,0.4844763517379761,210.93556781110036,3269
2011,"Nick Swisher","NYY",18,0,0,0,0.166666666,0.166666666,0.166666666,0.333333332,0,0.166666666,-0.3642590716695737,-2.386143632254596,0.14839021364847818,-17.378940157368643,4599
2011,"Curtis Granderson","NYY",17,0,0,0,0.352941176,0.352941176,0.588235294,0.94117647,0.235294118,0.3125,3.131893770860311,1.2223361303077902,0.40686779863694134,158.21349270222146,4747
2011,"Brett Gardner","NYY",23,0,0,0,0.347826086,0.347826086,0.608695652,0.956521738,0.260869566,0.318181818,4.284768124164565,1.7012489634170374,0.40947857110396674,159.987077398737,9927
2011,"Eric Chavez","NYY",19,0,0,0,0.526315789,0.526315789,0.684210526,1.210526315,0.157894737,0.526315789,5.328180081277201,3.193968600659678,0.5284819979416696,240.83006901827392,906
2011,"Johnny Damon","TBR",26,0,0,0,0.5,0.5,0.73076923,1.23076923,0.23076923,0.48,7.4233813244382425,4.502881403593212,0.5349091658225427,245.1962582359962,185
2011,"Felipe Lopez","TBR",4,0,0,0,0.25,0.25,0.25,0.5,0,0.25,0.153818214000642,-0.2954894661293629,0.22258532047271729,33.024267200541395,1311
2011,"Casey Kotchman","TBR",21,0,0,0,0.285714285,0.285714285,0.428571428,0.714285713,0.142857143,0.25,2.2814179806057995,-0.07744734007672596,0.3113097236269996,93.29770949756256,1930
2011,"Dan Johnson","TBR",7,0,0,0,0.285714285,0.285714285,0.285714285,0.57142857,0,0.285714285,0.44525538027986705,-0.34103305994764144,0.25438322339739117,54.62564178250282,2167
2011,"Matt Joyce","TBR",19,0,0,0,0.210526315,0.210526315,0.263157894,0.473684209,0.052631579,0.210526315,0.5024159803069963,-1.631795500310527,0.20740071095918355,22.708856188699595,3353
2011,"John Jaso","TBR",7,0,0,0,0.428571428,0.428571428,0.857142857,1.285714285,0.428571429,0.428571428,2.0495493468153763,1.2632609065878677,0.5441098553793771,251.44659310871825,5887
2011,"Ben Zobrist","TBR",16,0,0,0,0.375,0.375,0.625,1,0.25,0.375,3.22386082679323,1.4266301062732105,0.4286900758743286,173.03809248645544,7435
2011,"Sam Fuld","TBR",13,0,0,0,0.384615384,0.384615384,0.923076923,1.307692307,0.538461539,0.333333333,3.8480755587456517,2.387825598323136,0.5481716669522799,254.20591700109796,8254
2011,"Reid Brignac","TBR",15,0,0,0,0.133333333,0.133333333,0.133333333,0.266666666,0,0.133333333,-0.6556962379487989,-2.340600038436317,0.11871217091878256,-37.54022310053265,8380
2011,"Corey Patterson","TOR",15,0,0,0,0.2,0.2,0.4,0.6,0.2,0.2,0.9185977870521581,-0.7663060134353602,0.25138961474100746,52.591983711040236,300
2011,"Travis Snider","TOR",22,0,0,0,0.318181818,0.318181818,0.545454545,0.863636363,0.227272727,0.318181818,3.402441117376884,0.931248876661857,0.3694832216609608,132.8169043561487,2830
2011,"Adam Lind","TOR",23,0,0,0,0.217391304,0.217391304,0.217391304,0.434782608,0,0.217391304,0.3562342131674602,-2.227284947580068,0.19355245258497156,13.301273017011386,8027
2011,"Brian Roberts","BAL",4,0,0,0,0.25,0.25,0.25,0.5,0,0.25,0.153818214000642,-0.2954894661293629,0.22258532047271729,33.024267200541395,166
2011,"Luke Scott","BAL",1,0,0,0,0,0,0,0,0,0,-0.13761895227858326,-0.24994587231108448,0,-100,3469
2011,"Matt Wieters","BAL",20,0,0,0,0.3,0.3,0.4,0.7,0.1,0.3,2.0733850553985405,-0.17315334525148382,0.3050272226333618,89.029797314907,4298
2011,"Nick Markakis","BAL",28,0,0,0,0.392857142,0.392857142,0.535714285,0.928571427,0.142857143,0.392857142,5.0639035734905535,1.91874981258052,0.402600816317967,155.3147894882039,5930
2011,"Eric Thames","TOR",15,0,0,0,0.266666666,0.266666666,0.333333333,0.599999999,0.066666667,0.266666666,1.0528917894213288,-0.6320120110661894,0.2627075672149658,60.280645805203115,3711
2011,"Felix Pie","BAL",3,0,0,0,0,0,0,0,0,0,-0.4128568568357498,-0.7498376169332535,0,-100,3751
2011,"Blake Davis","BAL",2,0,0,0,0,0,0,0,0,0,-0.2752379045571665,-0.49989174462216895,0,-100,5812
2011,"Chris Dickerson","NYY",1,0,0,0,0,0,0,0,0,0,-0.13761895227858326,-0.24994587231108448,0,-100,7095
2011,"Adam Loewen","TOR",5,0,0,0,0.4,0.4,0.4,0.8,0,0.4,0.7204932848370338,0.15885868467452763,0.35613651275634767,123.75004044477946,2134
2011,"Mark Teahen","TOR",2,0,0,0,0,0,0,0,0,0,-0.2752379045571665,-0.49989174462216895,0,-100,4511
2011,"David Cooper","TOR",4,0,0,0,0.75,0.75,1.25,2,0.5,0.75,2.162406222510948,1.713098542380943,0.8573801517486572,464.2615398460996,7752
2011,"Kelly Johnson","TOR",2,0,0,0,0.5,0.5,0.5,1,0,0.5,0.42905611855780845,0.204402278492806,0.44517064094543457,184.23388927427146,2234
2011,"Elliot Johnson","TBR",1,0,0,0,0,0,0,0,0,0,-0.13761895227858326,-0.24994587231108448,0,-100,4751
2011,"Josh Bell","BAL",2,0,0,0,0,0,0,0,0,0,-0.2752379045571665,-0.49989174462216895,0,-100,2510
2011,"Matt Angle","BAL",9,0,0,0,0.333333333,0.333333333,0.444444444,0.777777777,0.111111111,0.333333333,1.1743114799778538,0.1633691996853429,0.33891913625929093,112.05370311358432,8136
2011,"Pedro Florimon","BAL",1,0,0,0,0,0,0,0,0,0,-0.13761895227858326,-0.24994587231108448,0,-100,8385
2011,"Chris Davis","BAL",11,0,0,0,0.363636363,0.363636363,0.454545454,0.818181817,0.090909091,0.363636363,1.603367598535662,0.3677714781781485,0.35823759165677155,125.17737332461833,9272
2012,"Carlos Pena","TBR",25,0,0,0,0.32,0.32,0.68,1,0.36,0.260869565,4.991766040103616,2.1389705807735337,0.42153740882873536,170.7565777271266,934
2012,"Matt Joyce","TBR",22,0,0,0,0.454545454,0.454545454,0.636363636,1.09090909,0.181818182,0.428571428,5.284060600606173,2.773600596395701,0.47198496623472735,205.4037355565588,3353
2012,"Luke Scott","TBR",21,0,0,0,0.285714285,0.285714285,0.619047619,0.904761904,0.333333334,0.210526315,3.5280917672788474,1.1317435814415786,0.3821068718319848,143.67586046600874,3469
2012,"Stephen Vogt","TBR",3,0,0,0,0,0,0,0,0,0,-0.4165855651482322,-0.758921020267842,0,-100,5000
2012,"Ben Zobrist","TBR",19,0,0,0,0.277777777,0.263157894,0.5,0.763157894,0.222222223,0.222222222,2.1528418374625824,-0.01528271162827999,0.31399881212334885,96.89954828124445,7435
2012,"Reid Brignac","TBR",2,0,0,0,0,0,0,0,0,0,-0.27772371009882146,-0.505947346845228,0,-100,8380
2012,"Raul Ibanez","NYY",11,0,0,0,0.272727272,0.272727272,0.363636363,0.636363635,0.090909091,0.272727272,0.9012021722844172,-0.3540278298208189,0.2749247442592274,70.06365243338408,607
2012,"Eric Chavez","NYY",9,0,0,0,0.875,0.777777777,2.25,3.027777777,1.375,0.666666666,7.147407648639703,6.120401283280874,1.161785364151001,679.1555777928597,906
2012,"Mark Teixeira","NYY",12,0,0,0,0.333333333,0.333333333,0.833333333,1.166666666,0.5,0.272727272,2.9853139590648086,1.6159721385863692,0.482683132092158,212.75118823825824,1281
2012,"Robinson Cano","NYY",28,0,0,0,0.25,0.25,0.5,0.75,0.25,0.222222222,3.2222068158931387,0.027075901443447035,0.31620447976248606,98.41439099597581,3269
2012,"Nick Swisher","NYY",15,0,0,0,0.642857142,0.6,1.428571428,2.028571428,0.785714286,0.538461538,7.68994541796177,5.978268142363722,0.8112725178400676,438.42491546081266,4599
2012,"Curtis Granderson","NYY",21,0,0,0,0.428571428,0.428571428,0.809523809,1.238095237,0.380952381,0.368421052,5.926774385315815,3.5304261994785464,0.524336230187189,241.3583505666358,4747
2012,"Endy Chavez","BAL",25,0,0,0,0.32,0.32,0.32,0.64,0,0.32,2.204940549031649,-0.6478549102984329,0.28273227691650393,75.4258311025732,768
2012,"Matt Wieters","BAL",23,0,0,0,0.217391304,0.217391304,0.391304347,0.608695651,0.173913043,0.217391304,1.5539815855667414,-1.070590237016934,0.25704000825467316,57.780495369888285,4298
2012,"Nick Markakis","BAL",10,0,0,0,0.1,0.1,0.1,0.2,0,0.1,-0.6790576848357427,-1.8201758685677754,0.08835383653640747,-58.07241636040813,5930
2012,"Chris Davis","BAL",24,0,0,0,0.416666666,0.416666666,0.5,0.916666666,0.083333334,0.416666666,4.3629240971034715,1.624240456146592,0.3992707431316376,155.46393085953187,9272
2012,"Wilson Betemit","BAL",8,0,0,0,0.5,0.5,0.5,1,0,0.5,1.7273486222381724,0.8144540752525462,0.44176918268203735,184.65166993592152,1861
2012,"Nick Johnson","BAL",1,0,0,0,1,1,1,2,0,1,0.5706990106089538,0.45658719223575056,0.8835383653640747,488.05677780633357,828
2012,"Ryan Flaherty","BAL",11,0,0,0,0.545454545,0.545454545,0.818181818,1.363636363,0.272727273,0.545454545,3.599884771174226,2.34465476906899,0.5804132548245516,279.87180142768557,7888
2012,"Elliot Johnson","TBR",4,0,0,0,0,0,0,0,0,0,-0.5554474201976429,-1.011894693690456,0,-100,4751
2012,"Drew Sutton","TBR",6,0,0,0,0.166666666,0.166666666,0.166666666,0.333333332,0,0.166666666,-0.12361026463809971,-0.8082811748773193,0.1472563942273458,-17.6184019776865,7430
2012,"Will Rhymes","TBR",3,0,0,0,1,1,1,2,0,1,1.7120970318268613,1.3697615767072517,0.8835383653640747,488.0567778063335,9802
2012,"Kelly Johnson","TOR",19,0,0,0,0.105263157,0.105263157,0.157894736,0.263157893,0.052631579,0.105263157,-0.9192535337692329,-3.087378082860095,0.11266493797302246,-41.375660128922284,2234
2012,"Adam Lind","TOR",22,0,0,0,0.318181818,0.318181818,0.318181818,0.636363636,0,0.318181818,1.9119652485215162,-0.5984947556889559,0.28112584352493286,74.32253980122624,8027
2012,"Colby Rasmus","TOR",32,0,0,0,0.387096774,0.387096774,0.741935483,1.129032257,0.354838709,0.344827586,7.779962234389015,4.12838404644651,0.47564488841641334,207.91735381664233,9893
2012,"Dewayne Wise","NYY",2,0,0,0,0,0,0,0,0,0,-0.27772371009882146,-0.505947346845228,0,-100,1554
2012,"Travis Snider","TOR",7,0,0,0,0.666666666,0.571428571,1.333333333,1.904761904,0.666666667,0.5,3.1096232323971464,2.3108405037847235,0.7260627235685077,379.9032081166724,2830
2012,"Anthony Gose","TOR",9,0,0,0,0.444444444,0.444444444,0.777777777,1.222222221,0.333333333,0.375,2.5318995414454832,1.504893176086654,0.5232091082466973,240.584248235953,5097
2012,"Omar Vizquel","TOR",7,0,0,0,0.4,0.285714285,0.4,0.685714285,0,0.285714285,0.44708874597085424,-0.3516939826415687,0.2524395329611642,54.62090942003067,411
2012,"Ichiro Suzuki","NYY",4,0,0,0,0,0,0,0,0,0,-0.5554474201976429,-1.011894693690456,0,-100,1101
2012,"Nate McLouth","BAL",11,0,0,0,0.09090909,0.09090909,0.09090909,0.18181818,0,0.09090909,-0.8179195398851533,-2.0731495419903894,0.08032166957855225,-63.588872867142875,3190
2012,"Jim Thome","BAL",5,0,0,0,0.4,0.4,0.8,1.2,0.4,0.4,1.3248124177753584,0.7542533259093419,0.5028381824493409,226.59358709149836,409
2013,"Nate McLouth","BAL",22,0,0,0,0.136363636,0.136363636,0.136363636,0.272727272,0,0.136363636,-0.9101778156820703,-3.3205482549730707,0.12108157168735158,-36.41390153925871,3190
2013,"Matt Wieters","BAL",20,0,0,0,0.157894736,0.15,0.263157894,0.413157894,0.105263158,0.15,-0.03777147718780155,-2.229017331088711,0.1714939445257187,-1.6622549026929243,4298
2013,"Nick Markakis","BAL",26,0,0,0,0.192307692,0.192307692,0.346153846,0.538461538,0.153846154,0.16,1.1862056938867391,-1.6624139161844431,0.23215745274837202,40.15598698501295,5930
2013,"Ryan Flaherty","BAL",4,0,0,0,0.25,0.25,0.25,0.5,0,0.25,0.15061814566001397,-0.2876310251201679,0.22198288142681122,33.14217098434422,7888
2013,"Chris Davis","BAL",22,0,0,0,0.318181818,0.318181818,0.954545454,1.272727272,0.636363636,0.166666666,6.272883751991263,3.8625133127002633,0.5379627699201758,250.96213880037476,9272
2013,"Alexi Casilla","BAL",2,0,0,0,0,0,0,0,0,0,-0.27240645053242235,-0.4915310359225133,0,-100,5248
2013,"Chris Dickerson","BAL",2,0,0,0,0.5,0.5,0.5,1,0,0.5,0.4230245961924363,0.20390001080234538,0.44396576285362244,186.16553053627064,7095
2013,"Sam Fuld","TBR",4,0,0,0,0,0,0,0,0,0,-0.5448129010648447,-0.9830620718450266,0,-100,8254
2013,"Kelly Johnson","TBR",8,0,0,0,0.375,0.375,0.75,1.125,0.375,0.285714285,1.9470017112478997,1.070503369687536,0.48464857041835785,214.21012500925883,2234
2013,"Jose Lobaton","TBR",3,0,0,0,0,0,0,0,0,0,-0.4086096757986335,-0.7372965538837699,0,-100,4243
2013,"Colby Rasmus","TOR",16,0,0,0,0.25,0.25,0.25,0.5,0,0.25,0.6024725826400559,-1.1505241004806717,0.22198288142681122,33.14217098434422,9893
2013,"Melky Cabrera","TOR",6,0,0,0,0.4,0.333333333,0.6,0.933333333,0.2,0.333333333,0.8736426858333732,0.21626892966310035,0.3598175346851349,128.15815405787538,4022
2013,"Emilio Bonifacio","TOR",7,0,0,0,0.285714285,0.285714285,0.857142857,1.142857142,0.571428572,0.166666666,1.687773833770175,0.9208377849048569,0.4817570277622768,212.216847110183,4054
2013,"Adam Lind","TOR",22,0,0,0,0.476190476,0.454545454,0.904761904,1.359307358,0.428571428,0.4,6.728508146693464,4.318137707402464,0.5644057067957792,269.19051303858583,8027
2013,"Munenori Kawasaki","TOR",11,0,0,0,0.181818181,0.181818181,0.181818181,0.363636362,0,0.181818181,-0.10737338447860563,-1.3125586041241057,0.16144209558313544,-8.59147252981753,13047
2013,"Matt Joyce","TBR",20,0,0,0,0.2,0.2,0.25,0.45,0.05,0.2,0.357659625556134,-1.8335862283447755,0.19673841297626496,15.739958040825645,3353
2013,"Luke Scott","TBR",14,0,0,0,0.153846153,0.142857142,0.23076923,0.373626372,0.076923077,0.142857142,-0.2159831162963162,-1.7498552140269528,0.15420751486505782,-13.578613156671802,3469
2013,"James Loney","TBR",23,0,0,0,0.285714285,0.260869565,0.333333333,0.594202898,0.047619048,0.260869565,1.3399120432072176,-1.1800206887788283,0.24828831786694733,51.275759631703366,4556
2013,"Ben Zobrist","TBR",15,0,0,0,0.466666666,0.466666666,0.533333333,0.999999999,0.066666667,0.466666666,3.1249688920617658,1.4815345016360835,0.4399041891098022,183.36569455183604,7435
2013,"Jose Reyes","TOR",10,0,0,0,0.444444444,0.4,0.444444444,0.844444444,0,0.4,1.4196919342373227,0.324069007286868,0.3551726102828979,124.95618671550002,1736
2013,"Maicer Izturis","TOR",6,0,0,0,0.2,0.166666666,0.2,0.366666666,0,0.166666666,-0.12178830487240838,-0.7791620610426813,0.14798858761787415,-17.865615532964583,2437
2013,"Josh Thole","TOR",3,0,0,0,0.333333333,0.333333333,0.333333333,0.666666666,0,0.333333333,0.28682137092622517,-0.041865507158911276,0.2959771752357483,84.14995750165303,9689
2013,"Ichiro Suzuki","NYY",38,0,0,0,0.184210526,0.184210526,0.184210526,0.368421052,0,0.184210526,-0.3077052330420139,-4.4710723554537415,0.16356633368291354,-7.12713416089957,1101
2013,"Lyle Overbay","NYY",23,0,0,0,0.38095238,0.347826086,0.571428571,0.919254657,0.190476191,0.347826086,3.6307739685997036,1.110841236613658,0.375461775323619,138.94247330246048,1617
2013,"Robinson Cano","NYY",32,0,0,0,0.419354838,0.40625,0.580645161,0.986895161,0.161290323,0.40625,6.18210011880902,2.6761067525675646,0.42057251930236816,170.0394549757567,3269
2013,"Brett Gardner","NYY",21,0,0,0,0.476190476,0.476190476,0.571428571,1.047619047,0.095238095,0.476190476,4.664042681572726,2.363234534976771,0.45748073430288405,195.48204324266257,9927
2013,"Travis Hafner","NYY",3,0,0,0,0,0,0,0,0,0,-0.4086096757986335,-0.7372965538837699,0,-100,1573
2013,"Curtis Granderson","NYY",15,0,0,0,0.266666666,0.266666666,0.533333333,0.799999999,0.266666667,0.266666666,1.9086756407826868,0.2652412503570048,0.336372705300649,111.99651792865608,4747
2013,"Brian Roberts","BAL",10,0,0,0,0.3,0.3,0.4,0.7,0.1,0.3,1.024260831493387,-0.07136209545706768,0.3046836733818054,90.1517608284629,166
2013,"Wilson Betemit","BAL",3,0,0,0,0,0,0,0,0,0,-0.4086096757986335,-0.7372965538837699,0,-100,1861
2013,"Anthony Gose","TOR",7,0,0,0,0.333333333,0.333333333,0.333333333,0.666666666,0,0.333333333,0.6692498654945254,-0.09768618337079298,0.2959771752357483,84.14995750165303,5097
2013,"Ryan Goins","TOR",10,0,0,0,0.3,0.3,0.3,0.6,0,0.3,0.7242608875124643,-0.3713620394379904,0.2663794577121735,63.746842894729504,9807
2014,"Matt Wieters","BAL",7,0,0,0,0.428571428,0.428571428,0.428571428,0.857142856,0,0.428571428,1.1392421114077456,0.3871706488361245,0.3820755396570478,148.06233250258347,4298
2014,"Steve Lombardozzi Jr.","BAL",6,0,0,0,0.666666666,0.666666666,0.666666666,1.333333332,0,0.666666666,1.9532945796421788,1.3086618974379323,0.5943397283554077,296.1713816014807,5422
2014,"Nick Markakis","BAL",33,0,0,0,0.303030303,0.303030303,0.393939393,0.696969696,0.09090909,0.303030303,3.4379889486024258,-0.10749080352093011,0.30571348558772693,94.78009358701323,5930
2014,"Chris Davis","BAL",14,0,0,0,0.285714285,0.285714285,0.285714285,0.57142857,0,0.285714285,0.9109623450057353,-0.5931805801375066,0.2547170264380319,59.19690304324512,9272
2014,"David Lough","BAL",9,0,0,0,0.333333333,0.333333333,0.666666666,0.999999999,0.333333333,0.333333333,1.748659047262839,0.7817100239564692,0.42320698499679565,176.76213012124973,7215
2014,"Ryan Flaherty","BAL",24,0,0,0,0.458333333,0.458333333,0.583333333,1.041666666,0.125,0.458333333,5.294373651473303,2.715842922656317,0.4575022757053375,200.69194572773708,7888
2014,"Steve Clevenger","BAL",4,0,0,0,0.25,0.25,0.5,0.75,0.25,0.25,0.4625948307296486,0.03283970926015087,0.32066482305526733,105.21250985399342,9542
2014,"Brian Roberts","NYY",6,0,0,0,0.5,0.5,0.5,1,0,0.5,1.269533640737301,0.6249009585330544,0.4457547962665558,192.49504723225266,166
2014,"Carlos Beltran","NYY",15,0,0,0,0.6,0.6,1.2,1.8,0.6,0.538461538,7.007414288356643,5.395832582846027,0.7789778391520182,425.0041121020737,589
2014,"Ichiro Suzuki","NYY",13,0,0,0,0.461538461,0.461538461,0.692307692,1.153846153,0.230769231,0.461538461,3.278775746659251,1.8820716018833834,0.4987224340438843,229.45364355658663,1101
2014,"Jacoby Ellsbury","NYY",23,0,0,0,0.260869565,0.260869565,0.52173913,0.782608695,0.260869565,0.260869565,2.875860480792674,0.4047685323430623,0.3329061192014943,113.753972938622,4727
2014,"Brian McCann","NYY",19,0,0,0,0.315789473,0.315789473,0.421052631,0.736842104,0.105263158,0.315789473,2.2270265944536987,0.18568976747358465,0.3227029976091887,106.63466258229862,4810
2014,"Yangervis Solarte","NYY",3,0,0,0,0,0,0,0,0,0,-0.3908745879886665,-0.7131909290907897,0,-100,5352
2014,"Kelly Johnson","NYY",3,0,0,0,0.333333333,0.333333333,0.666666666,0.999999999,0.333333333,0.333333333,0.5928863600592041,0.2705700189570808,0.42755309740702313,179.79466509713515,2234
2014,"Brett Gardner","NYY",16,0,0,0,0.333333333,0.333333333,0.666666666,0.999999999,0.333333333,0.285714285,3.2196278914459633,1.5006074055679726,0.4322442293167114,183.06794021057772,9927
2014,"Mark Teixeira","NYY",14,0,0,0,0.153846153,0.142857142,0.23076923,0.373626372,0.076923077,0.142857142,-0.15655952366102832,-1.6607024488042703,0.1552977774824415,-10.17367950878385,1281
2014,"David DeJesus","TBR",18,0,0,0,0.333333333,0.333333333,0.611111111,0.944444444,0.277777778,0.294117647,3.311287499146802,1.3773894525340626,0.40973183512687683,167.35973565265218,1825
2014,"Matt Joyce","TBR",20,0,0,0,0.2,0.2,0.35,0.55,0.15,0.157894736,1.0831825443919503,-1.0655930629555381,0.24049272239208222,49.2717802080738,3353
2014,"James Loney","TBR",26,0,0,0,0.384615384,0.384615384,0.5,0.884615384,0.115384616,0.384615384,4.350029653909315,1.5566213643575795,0.38802096247673035,152.21079921151767,4556
2014,"Ben Zobrist","TBR",25,0,0,0,0.28,0.28,0.36,0.64,0.08,0.28,2.1290383573812433,-0.556931151803117,0.28091466188430786,77.47651440105807,7435
2014,"Jose Reyes","TOR",20,0,0,0,0.315789473,0.315789473,0.315789473,0.631578946,0,0.315789473,1.712659553860751,-0.43611605348673743,0.2815293450104563,77.90541450836895,1736
2014,"Dioner Navarro","TOR",17,0,0,0,0.352941176,0.352941176,0.470588235,0.823529411,0.117647059,0.352941176,2.487609653112809,0.661150386867444,0.36066805615144615,133.12508828320802,3179
2014,"Melky Cabrera","TOR",17,0,0,0,0.411764705,0.411764705,0.764705882,1.176470587,0.352941177,0.333333333,4.479309324458799,2.652850058213433,0.5134234884205986,239.7114227789712,4022
2014,"Anthony Gose","TOR",24,0,0,0,0.347826086,0.347826086,0.434782608,0.782608694,0.086956522,0.347826086,3.2070076747254603,0.6284769459084741,0.3441033104191656,121.56690339098628,5097
2014,"Juan Francisco","TOR",11,0,0,0,0.272727272,0.272727272,0.363636363,0.636363635,0.090909091,0.272727272,0.9180760032325159,-0.26375058080860275,0.27869804338975385,75.92985097442629,6978
2014,"Adam Lind","TOR",14,0,0,0,0.5,0.5,0.642857142,1.142857142,0.142857142,0.5,3.5322451470915803,2.0281022219483384,0.4988393953868321,229.5352542766594,8027
2014,"Kevin Kiermaier","TBR",11,0,0,0,0.454545454,0.454545454,0.909090909,1.363636363,0.454545455,0.4,3.5095672326340397,2.327740648592921,0.5858680389144204,290.2601919888567,11038
2014,"Dan Johnson","TOR",2,0,0,0,0,0,0,0,0,0,-0.26058305865911097,-0.4754606193938598,0,-100,2167
2014,"Josh Thole","TOR",7,0,0,0,0.5,0.5,0.5,1,0,0.5,1.4811225808601844,0.7290511182885635,0.4457547962665558,192.49504723225263,9689
2014,"Ryan Goins","TOR",15,0,0,0,0.466666666,0.466666666,0.6,1.066666666,0.133333334,0.466666666,3.4319536506767983,1.820371945166182,0.4681911031405131,208.1501612520512,9807
2014,"Colby Rasmus","TOR",11,0,0,0,0.363636363,0.363636363,1,1.363636363,0.636363637,0.222222222,3.50977569286449,2.3279491088233715,0.5858927477489818,290.2774327773933,9893
2014,"Munenori Kawasaki","TOR",12,0,0,0,0.363636363,0.363636363,0.454545454,0.818181817,0.090909091,0.363636363,1.7474584823317025,0.4581931179232095,0.3597443699836731,132.48057881218708,13047
2014,"Stephen Drew","NYY",15,0,0,0,0.266666666,0.266666666,0.466666666,0.733333332,0.2,0.266666666,1.6806708431051571,0.06908913759454083,0.31596583127975464,101.93375045579964,4251
2014,"Chase Headley","NYY",14,0,0,0,0.285714285,0.285714285,0.428571428,0.714285713,0.142857143,0.285714285,1.5109623632917204,0.0068194381484783465,0.310595554964883,98.18659685786392,4720
2014,"Alejandro De Aza","BAL",11,0,0,0,0.454545454,0.454545454,1.09090909,1.545454544,0.636363636,0.333333333,4.193536631769368,3.0117100477282497,0.666939074342901,346.82816061515405,3371
2014,"Kelly Johnson","BAL",1,0,0,0,1,1,2,3,1,1,0.853469418718315,0.7460306383509406,1.2826592922210693,776.4519070422685,2234
2014,"Nick Franklin","TBR",7,0,0,0,0,0,0,0,0,0,-0.9120407053068884,-1.6641121678785094,0,-100,10166
2014,"Antoan Richardson","NYY",5,0,0,0,0.2,0.2,0.2,0.4,0,0.2,0.03230329225710045,-0.5048906095797716,0.1783019185066223,5.8776453676420735,209
2015,"Travis Snider","BAL",13,0,0,0,0.384615384,0.384615384,0.538461538,0.923076922,0.153846154,0.384615384,2.2973177664023354,0.8355991549831345,0.3936513845737164,152.71207911268064,2830
2015,"Alejandro De Aza","BAL",8,0,0,0,0,0,0,0,0,0,-1.102637022985784,-2.002156168474523,0,-100,3371
2015,"Everth Cabrera","BAL",10,0,0,0,0.3,0.3,0.3,0.6,0,0.3,0.733165515097828,-0.39123341676309564,0.26424715518951414,63.357451596929174,8155
2015,"Chris Davis","BAL",23,0,0,0,0.391304347,0.391304347,0.652173913,1.04347826,0.260869566,0.363636363,5.010752568234755,2.4246350249546307,0.44514022184454877,188.26552197500516,9272
2015,"Jimmy Paredes","BAL",15,0,0,0,0.533333333,0.533333333,0.666666666,1.199999999,0.133333333,0.533333333,4.163120251143734,2.4765218533523488,0.5198322772979737,239.8409675781873,5481
2015,"Ryan Flaherty","BAL",20,0,0,0,0.529411764,0.47368421,0.882352941,1.356037151,0.352941177,0.444444444,5.854811662871207,3.6060137991493595,0.5388539527591906,252.97558252586572,7888
2015,"Michael Saunders","TOR",6,0,0,0,0.333333333,0.333333333,0.333333333,0.666666666,0,0.333333333,0.5806634286473675,-0.09397593046918667,0.2936079502105713,83.63130906787497,9981
2015,"Dalton Pompey","TOR",6,0,0,0,0,0,0,0,0,0,-0.826977767239338,-1.5016171263558924,0,-100,12797
2015,"Josh Thole","TOR",5,0,0,0,0,0,0,0,0,0,-0.689148139366115,-1.2513476052965768,0,-100,9689
2015,"Ryan Goins","TOR",23,0,0,0,0.391304347,0.391304347,0.739130434,1.130434781,0.347826087,0.363636363,5.5807525072722255,2.9946349639921004,0.4761553847271463,209.68173332994246,9807
2015,"Carlos Beltran","NYY",12,0,0,0,0.5,0.5,0.916666666,1.416666666,0.416666666,0.454545454,4.115416738162521,2.7661380199294126,0.6016922394434611,296.36590853855216,589
2015,"Mark Teixeira","NYY",8,0,0,0,0.125,0.125,0.5,0.625,0.375,0,0.5476323742433926,-0.35188677124534634,0.2581617832183838,59.15545488969074,1281
2015,"Garrett Jones","NYY",4,0,0,0,0.25,0.25,0.25,0.5,0,0.25,0.15250208645046076,-0.29725748629390875,0.22020596265792847,32.94666539051053,2714
2015,"Stephen Drew","NYY",19,0,0,0,0.315789473,0.315789473,0.578947368,0.894736841,0.263157895,0.277777777,3.1506093430499607,1.0142513725142055,0.38001615122744914,143.29684436692355,4251
2015,"Chase Headley","NYY",9,0,0,0,0.333333333,0.333333333,0.444444444,0.777777777,0.111111111,0.333333333,1.1709950858186795,0.15903604714384817,0.3353242476781209,112.43673713840636,4720
2015,"Jacoby Ellsbury","NYY",30,0,0,0,0.366666666,0.366666666,0.466666666,0.833333332,0.1,0.344827586,4.553586540466014,1.1803897448832432,0.3624510924021403,131.16803454288123,4727
2015,"Brian McCann","NYY",23,0,0,0,0.217391304,0.217391304,0.434782608,0.652173912,0.217391304,0.181818181,1.8954702336137155,-0.6906473096664091,0.2756296966386878,71.2171850555149,4810
2015,"Didi Gregorius","NYY",32,0,0,0,0.387096774,0.387096774,0.516129032,0.903225806,0.129032258,0.366666666,5.594402532525185,1.996325950570229,0.39128397741625387,151.0773660454197,6012
2015,"Brett Gardner","NYY",29,0,0,0,0.413793103,0.413793103,0.724137931,1.137931034,0.310344828,0.37037037,7.2416853941113,3.980928491714621,0.48500576101500414,215.79298703732954,9927
2015,"David DeJesus","TBR",10,0,0,0,0.6,0.6,0.7,1.3,0.1,0.6,3.144627251775515,2.020228319914591,0.566038978099823,271.7470540989194,1825
2015,"James Loney","TBR",35,0,0,0,0.228571428,0.228571428,0.285714285,0.514285713,0.057142857,0.228571428,1.406527693679274,-2.528868567833959,0.22278526169913157,34.72769145260441,4556
2015,"Asdrubal Cabrera","TBR",21,0,0,0,0.38095238,0.38095238,0.666666666,1.047619046,0.285714286,0.35,4.582591226037849,2.221353469129909,0.4455905357996623,188.57646726571005,4962
2015,"Kevin Kiermaier","TBR",25,0,0,0,0.375,0.375,0.583333333,0.958333333,0.208333333,0.347826086,4.7322115113084555,1.9212141816561463,0.40938474237918854,163.57608512678107,11038
2015,"Jose Reyes","TOR",7,0,0,0,0.428571428,0.428571428,0.428571428,0.857142856,0,0.428571428,1.1466543987174975,0.35957514641485083,0.37749593598502024,141.55661612772005,1736
2015,"Justin Smoak","TOR",6,0,0,0,0.666666666,0.666666666,1.5,2.166666666,0.833333334,0.6,3.5047533628573673,2.8301140037408135,0.9035190939903259,504.77970065822825,9054
2015,"Ezequiel Carrera","TOR",3,0,0,0,0,0,0,0,0,0,-0.413488883619669,-0.7508085631779462,0,-100,9048
2015,"Chris Parmelee","BAL",9,0,0,0,0.444444444,0.444444444,1,1.444444444,0.555555556,0.444444444,3.04481550849476,2.0328564698199285,0.59588713116116,292.3574360896838,2554
2015,"Matt Wieters","BAL",5,0,0,0,0.4,0.4,0.4,0.8,0,0.4,0.7184930565205905,0.15629359059012865,0.35232954025268554,124.1790240097665,4298
2015,"David Lough","BAL",6,0,0,0,0.2,0.2,0.8,1,0.6,0,1.153345509435674,0.4787061503191197,0.41305885314941404,166.11308720845483,7215
2015,"Cole Figueroa","NYY",4,0,0,0,0,0,0,0,0,0,-0.551318511492892,-1.0010780842372615,0,-100,8790
2015,"John Jaso","TBR",9,0,0,0,0.666666666,0.666666666,1,1.666666666,0.333333334,0.666666666,3.882456765343995,2.870497726669164,0.7123647928237915,372.786167988927,5887
2015,"Grady Sizemore","TBR",5,0,0,0,0.2,0.2,0.4,0.6,0.2,0.2,0.31467240142486613,-0.24752706450559572,0.25125410556793215,54.3856497110484,2197
2015,"Greg Bird","NYY",7,0,0,0,0.428571428,0.428571428,0.857142857,1.285714285,0.428571429,0.333333333,2.093103198003321,1.3060239457006746,0.546705995287214,258.397479002265,14131
2015,"Ben Revere","TOR",6,0,0,0,0.5,0.5,0.5,1,0,0.5,1.2844840265907205,0.6098446674741662,0.44041192531585693,185.00059642260388,4712
2015,"Cliff Pennington","TOR",3,0,0,0,0,0,0,0,0,0,-0.413488883619669,-0.7508085631779462,0,-100,3395
2015,"Munenori Kawasaki","TOR",1,0,0,0,1,1,1,2,0,1,0.5659909700701298,0.45355107688403745,0.8808238506317139,489.1084584867905,13047
2015,"Daniel Nava","TBR",2,0,0,0,0.5,0.5,0.5,1,0,0.5,0.4281613421969068,0.20328155582472207,0.44041192531585693,185.00059642260388,5450
2015,"Nick Franklin","TBR",2,0,0,0,0.5,0.5,0.5,1,0,0.5,0.4281613421969068,0.20328155582472207,0.44041192531585693,185.00059642260388,10166
2015,"Gerardo Parra","BAL",6,0,0,0,0.166666666,0.166666666,0.333333333,0.499999999,0.166666667,0.166666666,0.17684277355164305,-0.49779658556491124,0.2093784213066101,25.470163818943195,8553
2016,"Pedro Alvarez","BAL",5,0,0,0,0.4,0.4,0.6,1,0.2,0.4,1.0262531585891124,0.4372307084400532,0.4240947365760803,170.95060862063858,2495
2016,"Matt Wieters","BAL",6,0,0,0,0.166666666,0.166666666,0.333333333,0.499999999,0.166666667,0.166666666,0.15669127261319707,-0.5501356675656741,0.2070032556851705,21.751023934804365,4298
2016,"Hyun Soo Kim","BAL",4,0,0,0,0,0,0,0,0,0,-0.5787831907729497,-1.0500011508921971,0,-100,18718
2016,"Josh Thole","TOR",3,0,0,0,0,0,0,0,0,0,-0.4340873930797123,-0.7875008631691478,0,-100,9689
2016,"Ryan Goins","TOR",10,0,0,0,0.2,0.2,0.2,0.4,0,0.2,0.0027741996329816443,-1.1752707006651368,0.17569082975387573,0.23105951573652753,9807
2016,"Ezequiel Carrera","TOR",12,0,0,0,0.272727272,0.25,0.272727272,0.522727272,0,0.25,0.43824869252918475,-0.9754051878285576,0.21961353719234467,30.417641141157493,9048
2016,"Michael Saunders","TOR",19,0,0,0,0.210526315,0.210526315,0.210526315,0.42105263,0,0.210526315,0.15024419695920052,-2.088041113607225,0.1849377155303955,6.586129331614618,9981
2016,"Logan Morrison","TBR",20,0,0,0,0.2,0.2,0.35,0.55,0.15,0.157894736,0.943182682318161,-1.4129071182780761,0.232506063580513,39.27823564616472,9205
2016,"Corey Dickerson","TBR",22,0,0,0,0.409090909,0.409090909,0.772727272,1.181818181,0.363636363,0.38095238,5.7781213807947935,3.1864226001389326,0.49364631555297156,218.75104120790684,10762
2016,"Brad Miller","TBR",22,0,0,0,0.285714285,0.272727272,0.476190476,0.748917748,0.190476191,0.238095238,2.403523233986986,-0.18817554666887495,0.3077543161132119,90.99379804474225,12775
2016,"Kevin Kiermaier","TBR",22,0,0,0,0.409090909,0.409090909,0.681818181,1.09090909,0.272727272,0.38095238,5.178121439814907,2.5864226591590462,0.4605949168855494,196.03594002462586,11038
2016,"Hank Conger","TBR",3,0,0,0,0.333333333,0.333333333,0.333333333,0.666666666,0,0.333333333,0.29077869520296573,-0.06263477488646985,0.2928180495897929,80.72861051685912,2505
2016,"Carlos Beltran","NYY",3,0,0,0,0.333333333,0.333333333,0.333333333,0.666666666,0,0.333333333,0.29077869520296573,-0.06263477488646985,0.2928180495897929,80.72861051685912,589
2016,"Mark Teixeira","NYY",12,0,0,0,0.083333333,0.083333333,0.083333333,0.166666666,0,0.083333333,-1.0114834840361713,-2.4251373643939136,0.07320451239744823,-70.20429761024573,1281
2016,"Brian McCann","NYY",14,0,0,0,0.357142857,0.357142857,0.5,0.857142857,0.142857143,0.357142857,2.1985892146879533,0.5493263542705872,0.36567153675215586,130.7983321979297,4810
2016,"Didi Gregorius","NYY",27,0,0,0,0.37037037,0.37037037,0.555555555,0.925925925,0.185185185,0.346153846,4.879508569141454,1.6987873383365342,0.39436951610777116,150.52147648534668,6012
2016,"Dustin Ackley","NYY",1,0,0,0,0,0,0,0,0,0,-0.14469579769323743,-0.2625002877230493,0,-100,10099
2016,"Chase Headley","NYY",9,0,0,0,0.444444444,0.444444444,0.777777777,1.222222221,0.333333333,0.444444444,2.497202085361405,1.436961675093099,0.5116125279002719,231.09860735649147,4720
2016,"Jacoby Ellsbury","NYY",29,0,0,0,0.25,0.25,0.357142857,0.607142857,0.107142857,0.25,1.9912437723964254,-1.4250864384681183,0.25856697133609224,57.1890103928815,4727
2016,"Brett Gardner","NYY",31,0,0,0,0.333333333,0.333333333,0.533333333,0.866666666,0.2,0.333333333,4.83371302926244,1.1817738383382723,0.36431924303372704,129.86894675942773,9927
2016,"Justin Smoak","TOR",5,0,0,0,0.2,0.2,0.2,0.4,0,0.2,0.0013870998164908221,-0.5876353503325684,0.17569082975387573,0.23105951573652753,9054
2016,"Ryan Flaherty","BAL",12,0,0,0,0.083333333,0.083333333,0.083333333,0.166666666,0,0.083333333,-1.0114834840361713,-2.4251373643939136,0.07320451239744823,-70.20429761024573,7888
2016,"Chris Davis","BAL",21,0,0,0,0.333333333,0.333333333,0.761904761,1.095238094,0.428571428,0.222222222,4.848353715577352,2.374459424951303,0.4551472890944708,192.29197088951108,9272
2016,"Nick Franklin","TBR",9,0,0,0,0.444444444,0.444444444,0.555555555,0.999999999,0.111111111,0.444444444,1.8972021443815188,0.8369617341132121,0.4308202200465732,175.57280446402692,10166
2016,"Oswaldo Arcia","TBR",3,0,0,0,0,0,0,0,0,0,-0.4340873930797123,-0.7875008631691478,0,-100,10306
2016,"Aaron Hicks","NYY",4,0,0,0,0.25,0.25,0.25,0.5,0,0.25,0.14608289750972825,-0.3251350626095192,0.21961353719234467,30.417641141157493,5297
2016,"Michael Bourn","BAL",5,0,0,0,0.2,0.2,0.2,0.4,0,0.2,0.0013870998164908221,-0.5876353503325684,0.17569082975387573,0.23105951573652753,6387
2016,"Mason Williams","NYY",7,0,0,0,0.666666666,0.666666666,0.833333333,1.499999999,0.166666667,0.666666666,2.71983779370477,1.895206363496087,0.6462303300698599,323.6168401890141,11859
2017,"Ryan Flaherty","BAL",3,0,0,0,0,0,0,0,0,0,-0.44676330764221445,-0.8123749055378366,0,-100,7888
2017,"Chris Davis","BAL",22,0,0,0,0.45,0.409090909,0.8,1.209090909,0.35,0.35,5.543959761128081,2.862808043226851,0.475088742646304,204.24551334178435,9272
2017,"Seth Smith","BAL",17,0,0,0,0.294117647,0.294117647,0.352941176,0.647058823,0.058823529,0.294117647,1.4673703788056278,-0.6044286759362315,0.278755503542283,69.95938178708624,7331
2017,"Shane Peterson","TBR",5,0,0,0,0.4,0.4,1,1.4,0.6,0.25,1.6659919347927148,1.0566392716333444,0.5713108777999878,270.0586092734192,7423
2017,"Logan Morrison","TBR",21,0,0,0,0.238095238,0.238095238,0.571428571,0.809523809,0.333333333,0.157894736,2.733657533794699,0.17437634852534364,0.3307274807067144,105.50667777481728,9205
2017,"Corey Dickerson","TBR",25,0,0,0,0.44,0.44,0.8,1.24,0.36,0.416666666,7.115822199022706,4.069058883225854,0.5137608337402344,230.69608042779572,10762
2017,"Kevin Kiermaier","TBR",29,0,0,0,0.392857142,0.392857142,0.571428571,0.964285713,0.178571429,0.37037037,5.695453951810769,2.1612085054864214,0.40919902494975496,159.1788942655676,11038
2017,"Brad Miller","TBR",19,0,0,0,0.526315789,0.526315789,1,1.526315789,0.473684211,0.5,7.239543046220095,4.924002926214487,0.6279895870309127,308.8251708544764,12775
2017,"Jacoby Ellsbury","NYY",16,0,0,0,0.133333333,0.133333333,0.2,0.333333333,0.066666667,0.133333333,-0.484485241077496,-2.4344137631874814,0.14058914184570312,-24.542325146963613,4727
2017,"Greg Bird","NYY",1,0,0,0,1,1,1,2,0,1,0.5908847299227917,0.4690141972909177,0.8766688108444214,478.9144085013335,14131
2017,"Hyun Soo Kim","BAL",4,0,0,0,0.25,0.25,0.25,0.5,0,0.25,0.14412142228057728,-0.34336070824691906,0.21916720271110535,29.20274556464353,18718
2017,"Colby Rasmus","TBR",1,0,0,0,0,0,0,0,0,0,-0.14892110254740482,-0.2707916351792789,0,-100,9893
2017,"Chase Headley","NYY",13,0,0,0,0.538461538,0.538461538,0.692307692,1.23076923,0.153846154,0.538461538,3.8426664136961666,2.2583494894818035,0.5267446683003352,239.5766394394991,4720
2017,"Ji Man Choi","NYY",3,0,0,0,1,0.666666666,1.5,2.166666666,0.5,0.666666666,1.3328483170587055,0.9672367191630833,0.7029457092285156,360.0929425888612,5452
2017,"Didi Gregorius","NYY",22,0,0,0,0.318181818,0.318181818,0.545454545,0.863636363,0.227272727,0.285714285,3.433362273358869,0.7522105554576393,0.36140442978252063,126.48880407238174,6012
2017,"Brett Gardner","NYY",25,0,0,0,0.4,0.4,0.52,0.92,0.12,0.375,4.606016543606191,1.559253227809339,0.3947961950302124,149.32778437626905,9927
2017,"Kendrys Morales","TOR",27,0,0,0,0.222222222,0.222222222,0.37037037,0.592592592,0.148148148,0.192307692,1.6489509683911219,-1.6415534126694784,0.24884181993978996,49.49930650965592,8610
2017,"Justin Smoak","TOR",20,0,0,0,0.4,0.4,0.95,1.35,0.55,0.294117647,6.3329818761025685,3.895571223465086,0.5516999900341034,256.6453417775434,9054
2017,"Ryan Goins","TOR",21,0,0,0,0.45,0.428571428,0.65,1.078571428,0.2,0.4,4.761895081086141,2.2026138958167856,0.445177884328933,183.78737047585665,9807
2017,"Miguel Montero","TOR",4,0,0,0,0.25,0.25,0.25,0.5,0,0.25,0.14412142228057728,-0.34336070824691906,0.21916720271110535,29.20274556464353,3364
2017,"Ezequiel Carrera","TOR",9,0,0,0,0.555555555,0.555555555,0.666666666,1.222222221,0.111111111,0.555555555,2.658739199184866,1.5619044054979994,0.5265381733576456,239.43540300309164,9048
2017,"Aaron Hicks","NYY",2,0,0,0,0,0,0,0,0,0,-0.29784220509480963,-0.5415832703585578,0,-100,5297
2017,"Raffy Lopez","TOR",3,0,0,0,0.666666666,0.666666666,1.666666666,2.333333332,1,0.5,1.9638341398875245,1.5982225419919023,0.952184796333313,530.5651101763119,12606
2017,"Michael Saunders","TOR",4,0,0,0,0.5,0.5,0.5,1,0,0.5,0.8839272547507739,0.39644512422327755,0.4383344054222107,179.10663321020687,9981
2017,"Richard Urena","TOR",4,0,0,0,0,0,0,0,0,0,-0.5956844101896193,-1.0831665407171156,0,-100,16411
2017,"Lucas Duda","TBR",6,0,0,0,0.333333333,0.333333333,1,1.333333333,0.666666667,0.2,1.8170707920058364,1.0858475962145921,0.5353423158327738,245.45717618850207,2502
2017,"Danny Espinosa","TBR",1,0,0,0,1,1,1,2,0,1,0.5908847299227917,0.4690141972909177,0.8766688108444214,478.9144085013335,9219
2017,"Mallex Smith","TBR",4,0,0,0,0,0,0,0,0,0,-0.5956844101896193,-1.0831665407171156,0,-100,13608
2018,"Denard Span","TBR",12,0,0,0,0.5,0.5,1,1.5,0.5,0.4,4.504818580348853,3.102844915588263,0.631648321946462,314.0236842348973,8347
2018,"Kevin Kiermaier","TBR",13,0,0,0,0.23076923,0.23076923,0.461538461,0.692307691,0.230769231,0.23076923,1.2039862571916529,-0.31481854629898576,0.28500385926320004,77.4719562396766,11038
2018,"Brad Miller","TBR",16,0,0,0,0.375,0.375,0.5,0.875,0.125,0.375,2.666846880944746,0.7975486612639602,0.3757920414209366,139.42621682332455,12775
2018,"Mallex Smith","TBR",19,0,0,0,0.222222222,0.222222222,0.222222222,0.444444444,0,0.222222222,0.3716153931767588,-1.8481762426941748,0.1954512728585137,16.36087171089801,13608
2018,"Joey Wendle","TBR",19,0,0,0,0.47368421,0.47368421,0.947368421,1.421052631,0.473684211,0.444444444,6.508918524655204,4.289126888784271,0.5914086699485779,286.56396617004145,13853
2018,"Didi Gregorius","NYY",32,0,0,0,0.233333333,0.21875,0.466666666,0.685416666,0.233333333,0.166666666,2.7245774946524532,-1.0140189447091188,0.2758454605937004,71.22222412461669,6012
2018,"Tyler Wade","NYY",7,0,0,0,0,0,0,0,0,0,-0.9792120606774709,-1.797030031787815,0,-100,15730
2018,"Neil Walker","NYY",7,0,0,0,0.142857142,0.142857142,0.142857142,0.285714284,0,0.142857142,-0.26170442103091696,-1.0795223921412611,0.12564724683761597,-31.273707097748332,7539
2018,"Brett Gardner","NYY",21,0,0,0,0.285714285,0.285714285,0.38095238,0.666666665,0.095238095,0.285714285,1.937409658764384,-0.5160442545666478,0.28456658124923706,77.17355577189883,9927
2018,"Aaron Hicks","NYY",13,0,0,0,0.153846153,0.153846153,0.384615384,0.538461537,0.230769231,0.083333333,0.5556895898504014,-0.9631152136402373,0.22387378490888155,35.756520749789004,5297
2018,"Pedro Alvarez","BAL",7,0,0,0,0.428571428,0.428571428,1.285714285,1.714285713,0.857142857,0.2,3.051732847607384,2.2339148764970402,0.7058839542525155,364.6824109454991,2495
2018,"Chris Davis","BAL",9,0,0,0,0.333333333,0.333333333,0.555555555,0.888888888,0.222222222,0.333333333,1.4935360226825554,0.4420557741121133,0.3748978310161167,138.81600365328256,9272
2018,"Chance Sisco","BAL",5,0,0,0,0.4,0.4,0.6,1,0.2,0.4,1.0355781125447354,0.4514224188944898,0.4253611207008362,173.25237769151755,15694
2018,"Anthony Santander","BAL",2,0,0,0,0.5,0.5,1,1.5,0.5,0.5,0.7377327846170975,0.5040705071569992,0.6236374378204346,308.55702116428944,14551
2018,"Jace Peterson","BAL",3,0,0,0,0.333333333,0.333333333,0.666666666,0.999999999,0.333333333,0.333333333,0.5978453473774589,0.24735193118731147,0.41575829188028973,166.69936445842242,12325
2018,"Yangervis Solarte","TOR",13,0,0,0,0.153846153,0.153846153,0.153846153,0.307692306,0,0.153846153,-0.3835214048221951,-1.9023262083128338,0.13531241967127874,-24.678150031935754,5352
2018,"Kendrys Morales","TOR",12,0,0,0,0.416666666,0.416666666,0.583333333,0.999999999,0.166666667,0.416666666,2.508888990256747,1.1069153254961575,0.4277618279059728,174.89063099979134,8610
2018,"Curtis Granderson","TOR",9,0,0,0,0.111111111,0.111111111,0.111111111,0.222222222,0,0.111111111,-0.5414792955101945,-1.5929595440806366,0.09772563642925686,-50.32753862120688,4747
2018,"Justin Smoak","TOR",12,0,0,0,0.416666666,0.416666666,1,1.416666666,0.583333334,0.3,4.08731096015212,2.685337295391531,0.5889994402726492,284.9198970896735,9054
2018,"Dwight Smith Jr.","TOR",9,0,0,0,0.375,0.333333333,0.875,1.208333333,0.5,0.25,2.1327469979053313,1.081266749334889,0.4619593421618144,198.2271673106341,13473
2018,"Greg Bird","NYY",11,0,0,0,0.272727272,0.272727272,0.363636363,0.636363635,0.090909091,0.272727272,0.9137611287534573,-0.3713813972770832,0.27330330285159027,69.4874443387874,14131
2018,"Michael Perez","TBR",2,0,0,0,0.5,0.5,0.5,1,0,0.5,0.43773276516727655,0.20407048770717828,0.4397653639316559,183.08189754116026,12977
2018,"Jake Bauers","TBR",4,0,0,0,0,0,0,0,0,0,-0.5595497489585548,-1.0268743038787513,0,-100,15194
2018,"Ji Man Choi","TBR",2,0,0,0,0.5,0.5,0.5,1,0,0.5,0.43773276516727655,0.20407048770717828,0.4397653639316559,183.08189754116026,5452
2018,"Rowdy Tellez","TOR",2,0,0,0,0.5,0.5,1,1.5,0.5,0.5,0.7377327846170975,0.5040705071569992,0.6236374378204346,308.55702116428944,15679
2018,"Billy McKinney","TOR",3,0,0,0,0,0,0,0,0,0,-0.4196623117189161,-0.7701557279090635,0,-100,15654
2018,"Reese McGuire","TOR",1,0,0,0,0,0,0,0,0,0,-0.1398874372396387,-0.25671857596968783,0,-100,15674
2018,"Corban Joseph","BAL",1,0,0,0,1,1,1,2,0,1,0.5776202024069153,0.4607890636768661,0.8795307278633118,483.17974403563227,5503
2018,"Stevie Wilkerson","BAL",4,0,0,0,0.25,0.25,0.5,0.75,0.25,0.25,0.4579579101378201,-0.00936664478237644,0.3118187189102173,95.77053610548886,16041
2018,"Cedric Mullins","BAL",4,0,0,0,0,0,0,0,0,0,-0.5595497489585548,-1.0268743038787513,0,-100,17929
2018,"DJ Stewart","BAL",1,0,0,0,0,0,0,0,0,0,-0.1398874372396387,-0.25671857596968783,0,-100,17766
2019,"Freddy Galvis","TOR",18,0,0,0,0.611111111,0.611111111,1.055555555,1.666666666,0.444444444,0.5625,8.005087875073642,5.740370594208925,0.6888695259888967,347.9602385135934,6609
2019,"Alen Hanson","TOR",1,0,0,0,0,0,0,0,0,0,-0.15073964129165973,-0.27655726800636615,0,-100,12926
2019,"Billy McKinney","TOR",14,0,0,0,0.357142857,0.357142857,0.714285714,1.071428571,0.357142857,0.307692307,3.1429964604115104,1.3815496864056205,0.43409809470176697,175.65150592284095,15654
2019,"Richard Urena","TOR",1,0,0,0,0,0,0,0,0,0,-0.15073964129165973,-0.27655726800636615,0,-100,16411
2019,"Justin Smoak","TOR",10,0,0,0,0.4,0.4,1.1,1.5,0.7,0.25,3.6491152882008837,2.3909390210538195,0.5965343654155731,285.51150000483136,9054
2019,"Socrates Brito","TOR",2,0,0,0,0,0,0,0,0,0,-0.30147928258331946,-0.5531145360127323,0,-100,12944
2019,"Rowdy Tellez","TOR",8,0,0,0,0.625,0.625,1.5,2.125,0.875,0.5,4.702293101813637,3.6957520880959853,0.8543688654899597,459.8918679351666,15679
2019,"Chris Davis","BAL",14,0,0,0,0.428571428,0.428571428,0.857142857,1.285714285,0.428571429,0.384615384,4.224694996593238,2.4632482225873473,0.5234816585268293,236.10400061320283,9272
2019,"Dwight Smith Jr.","BAL",12,0,0,0,0.25,0.25,0.833333333,1.083333333,0.583333333,0.1,2.5959374745881307,1.0861259540116532,0.42464469869931537,169.25792138460784,13473
2019,"Jonathan Villar","BAL",22,0,0,0,0.5,0.5,0.59090909,1.09090909,0.09090909,0.5,5.552411732907253,2.784423945183713,0.46635426445440814,197.46721618607614,10071
2019,"Rio Ruiz","BAL",19,0,0,0,0.157894736,0.157894736,0.157894736,0.315789472,0,0.157894736,-0.6089575914532348,-2.9994924990326566,0.13730641101535998,-25.076647155850367,14103
2019,"Cedric Mullins","BAL",8,0,0,0,0.142857142,0.142857142,0.142857142,0.285714284,0,0.142857142,-0.3468330948710683,-1.3533741085887196,0.12422960996627808,-33.920837431522585,17929
2019,"Ji Man Choi","TBR",11,0,0,0,0.727272727,0.727272727,1.272727272,1.999999999,0.545454545,0.7,6.180310982527084,4.7963170886653135,0.8243597962639548,439.5959318545882,5452
2019,"Brandon Lowe","TBR",11,0,0,0,0.636363636,0.636363636,1.272727272,1.909090908,0.636363636,0.555555555,5.753471239997524,4.369477346135754,0.7794695875861428,409.2354831813191,18882
2019,"Kevin Kiermaier","TBR",25,0,0,0,0.32,0.32,0.64,0.96,0.32,0.260869565,4.6648147877914266,1.5193741199237667,0.3902449584007263,145.99245703346278,11038
2019,"Austin Meadows","TBR",16,0,0,0,0.5,0.5,1.0625,1.5625,0.5625,0.428571428,6.321471559416365,4.308389531981062,0.6314488053321838,309.1250694727793,15672
2019,"Eric Sogard","TOR",25,0,0,0,0.4,0.4,0.6,1,0.2,0.375,5.273353066502715,2.1279123986350537,0.4184046149253845,165.0375858433973,7927
2019,"Cavan Biggio","TOR",13,0,0,0,0.307692307,0.307692307,0.384615384,0.692307691,0.076923077,0.307692307,1.3471787873261576,-0.288450359965026,0.2942681541809669,81.08077753443985,19252
2019,"Aaron Hicks","NYY",8,0,0,0,0.25,0.25,0.75,1,0.5,0.142857142,1.5223387202254623,0.5157977065078111,0.39452503621578217,148.88718812625515,5297
2019,"Didi Gregorius","NYY",35,0,0,0,0.264705882,0.257142857,0.558823529,0.815966386,0.294117647,0.212121212,4.539116911056558,0.13549997604183303,0.3244157365390233,101.47039375062208,6012
2019,"Brett Gardner","NYY",17,0,0,0,0.352941176,0.352941176,0.705882352,1.058823528,0.352941176,0.266666666,3.7973348612181317,1.6584352070681228,0.43279419225804944,174.7696418285668,9927
2019,"Mike Tauchman","NYY",15,0,0,0,0.4,0.4,0.733333333,1.133333333,0.333333333,0.357142857,3.7739553553015783,1.886690954580982,0.4654457529385885,196.8527655506807,15274
2019,"Eric Sogard","TBR",6,0,0,0,0.5,0.5,0.666666666,1.166666666,0.166666666,0.5,1.650657745338342,0.8957519850501036,0.4926464557647705,215.24932832806266,7927
2019,"Nathaniel Lowe","TBR",6,0,0,0,0.333333333,0.333333333,0.5,0.833333333,0.166666667,0.333333333,0.8989592143089085,0.14405345402066988,0.34771191080411273,117.22621943936228,19566
2019,"Jace Peterson","BAL",7,0,0,0,0.142857142,0.142857142,0.142857142,0.285714284,0,0.142857142,-0.3034789580121847,-1.1842023450151298,0.12422960996627808,-33.92083743152258,12325
2019,"Anthony Santander","BAL",7,0,0,0,0.142857142,0.142857142,0.142857142,0.285714284,0,0.142857142,-0.3034789580121847,-1.1842023450151298,0.12422960996627808,-33.92083743152258,14551
2019,"Chance Sisco","BAL",6,0,0,0,0.333333333,0.333333333,0.333333333,0.666666666,0,0.333333333,0.5989592143089084,-0.1559465459793301,0.2898690899213155,78.10557272699208,15694
2019,"DJ Stewart","BAL",10,0,0,0,0.2,0.2,0.6,0.8,0.4,0.111111111,1.220859437642143,-0.037316829504921024,0.31562002897262575,95.52162149092243,17766
2019,"Stevie Wilkerson","BAL",5,0,0,0,0.25,0.25,0.25,0.5,0,0.25,0.1859249573284931,-0.443163176245039,0.21740181744098663,29.09401828264192,16041
2020,"Chris Davis","BAL",10,0,0,0,0.1,0.1,0.2,0.3,0.1,0.1,-0.39862032041708656,-1.6532438527123137,0.12381021976470948,-32.35767862645139,9272
2020,"Dwight Smith Jr.","BAL",1,0,0,0,0,0,0,0,0,0,-0.14432077875045402,-0.2697831319799767,0,-100,13473
2020,"Rio Ruiz","BAL",17,0,0,0,0.411764705,0.411764705,1,1.411764705,0.588235295,0.333333333,5.809050461216442,3.676190456314557,0.5760688992107615,277.3793659564183,14103
2020,"Anthony Santander","BAL",8,0,0,0,0.375,0.375,1,1.375,0.625,0.285714285,2.6043918814108746,1.6006930555746932,0.5569153428077698,264.2617272617216,14551
2020,"DJ Stewart","BAL",7,0,0,0,0.333333333,0.333333333,0.333333333,0.666666666,0,0.333333333,0.7271253287521664,-0.15111114385449254,0.29417526721954346,84.31972016557143,17766
2020,"Cedric Mullins","BAL",7,0,0,0,0.285714285,0.285714285,0.285714285,0.57142857,0,0.285714285,0.47892950303711723,-0.3993069695695417,0.25215022904532297,55.53815838657181,17929
2020,"Chance Sisco","BAL",2,0,0,0,0,0,0,0,0,0,-0.28864155750090803,-0.5395662639599534,0,-100,15694
2020,"Ji Man Choi","TBR",5,0,0,0,0.2,0.2,0.4,0.6,0.2,0.2,0.3229835733351837,-0.3043281928124299,0.24762043952941895,52.435855034523186,5452
2020,"Kevin Kiermaier","TBR",6,0,0,0,0.833333333,0.833333333,1,1.833333333,0.166666667,0.833333333,3.1570127031653206,2.4042385837881843,0.7947009007136027,427.1132087201931,11038
2020,"Michael Perez","TBR",8,0,0,0,0.25,0.25,0.25,0.5,0,0.25,0.3346087242866631,-0.6690901015495185,0.2206314504146576,33.95198705232209,12977
2020,"Joey Wendle","TBR",5,0,0,0,0.4,0.4,0.8,1.2,0.4,0.4,1.3375710514861006,0.710259285338487,0.4881293535232544,217.15247320430734,13853
2020,"Austin Meadows","TBR",10,0,0,0,0.4,0.4,0.8,1.2,0.4,0.333333333,2.7603378111128087,1.5057142788175812,0.4982272148132324,224.06816516271596,15672
2020,"Brandon Lowe","TBR",12,0,0,0,0.583333333,0.583333333,1.333333333,1.916666666,0.75,0.5,6.230654365026407,4.725106126272134,0.7864662408828735,421.47356195379075,18882
2020,"Yoshi Tsutsugo","TBR",12,0,0,0,0.363636363,0.333333333,0.636363636,0.969696969,0.272727273,0.272727272,2.1716962636695945,0.6661480249153218,0.38555797934532166,146.9047239834629,27459
2020,"Joe Panik","TOR",13,0,0,0,0.538461538,0.538461538,0.692307692,1.23076923,0.153846154,0.538461538,3.9359421961447443,2.304931604160949,0.5299102618144109,245.76683848291654,11936
2020,"Reese McGuire","TOR",3,0,0,0,0,0,0,0,0,0,-0.43296233625136205,-0.8093493959399302,0,-100,15674
2020,"Cavan Biggio","TOR",19,0,0,0,0.315789473,0.315789473,0.736842105,1.052631578,0.421052632,0.235294117,4.1758214466857755,1.7920367353248439,0.43155224699723094,178.40468004335588,19252
2020,"Travis Shaw","TOR",19,0,0,0,0.421052631,0.421052631,0.736842105,1.157894736,0.315789474,0.388888888,5.039800690823925,2.656015979462993,0.4854488498286197,215.31668468304218,11982
2020,"Rowdy Tellez","TOR",20,0,0,0,0.421052631,0.4,0.578947368,0.978947368,0.157894737,0.368421052,3.9954799422465532,1.4862328776560991,0.4078399479389191,162.1649089469058,15679
2020,"Jonathan Villar","TOR",5,0,0,0,0.4,0.4,0.4,0.8,0,0.4,0.7675710605380254,0.14025929439041182,0.35301032066345217,124.61390665617091,10071
2020,"Derek Fisher","TOR",3,0,0,0,1,1,1.333333333,2.333333333,0.333333333,1,2.1008000851263873,1.724413025437819,1.0010512669881184,568.4357648218173,16192
2020,"Aaron Hicks","NYY",5,0,0,0,0,0,0,0,0,0,-0.7216038937522701,-1.3489156598998835,0,-100,5297
2020,"Mike Tauchman","NYY",4,0,0,0,0,0,0,0,0,0,-0.5772831150018161,-1.0791325279199069,0,-100,15274
2020,"Brett Gardner","NYY",6,0,0,0,0.5,0.5,0.666666666,1.166666666,0.166666666,0.5,1.6678377488750247,0.9150636294978887,0.5005256334940592,225.64227626719563,9927
2020,"Tyler Wade","NYY",4,0,0,0,0.25,0.25,0.5,0.75,0.25,0.25,0.46730435208563764,-0.0345450608324532,0.3095255494117737,94.83262186501045,15730
2021,"Freddy Galvis","BAL",8,0,0,0,0.125,0.125,0.25,0.375,0.125,0.125,-0.08543904312022588,-1.0538853574550953,0.15520581603050232,-8.722969062154197,6609
2021,"Rio Ruiz","BAL",7,0,0,0,0.285714285,0.285714285,0.285714285,0.57142857,0,0.285714285,0.4809658384139238,-0.3664246866290869,0.25115866320473806,56.119544082895864,14103
2021,"Chance Sisco","BAL",1,0,0,0,1,1,1,2,0,1,0.5882173591605924,0.46716156986873375,0.8790553212165833,480.43626317862964,15694
2021,"Anthony Santander","BAL",18,0,0,0,0.388888888,0.388888888,0.444444444,0.833333332,0.055555556,0.388888888,2.8874900079175196,0.7084858006640639,0.361998803085751,131.02251401960854,14551
2021,"Kevin Kiermaier","TBR",7,0,0,0,0.428571428,0.428571428,0.571428571,0.999999999,0.142857143,0.428571428,1.5082770031453157,0.6608864781023048,0.42853673866816927,175.9871720751741,11038
2021,"Cedric Mullins","BAL",30,0,0,0,0.466666666,0.466666666,0.6,1.066666666,0.133333334,0.466666666,7.209542730902449,3.577869052146688,0.4585713108380636,196.28377814873787,17929
2021,"Joey Wendle","TBR",19,0,0,0,0.263157894,0.263157894,0.421052631,0.684210525,0.157894737,0.263157894,1.8637739241721387,-0.4362860723731762,0.28667321016913966,80.11937885797114,13853
2021,"Austin Meadows","TBR",24,0,0,0,0.125,0.125,0.291666666,0.416666666,0.166666666,0.086956521,0.07652125638656815,-2.82881768661804,0.17196751882632574,2.6041667746595993,15672
2021,"Brandon Lowe","TBR",16,0,0,0,0.666666666,0.625,1.133333333,1.758333333,0.466666667,0.571428571,7.213287855158438,5.276395226488699,0.7130044363439083,368.22326479253593,18882
2021,"Yoshi Tsutsugo","TBR",7,0,0,0,0.285714285,0.285714285,0.285714285,0.57142857,0,0.285714285,0.4809658384139238,-0.3664246866290869,0.25115866320473806,56.119544082895864,27459
2021,"Francisco Mejia","TBR",11,0,0,0,0.2,0.2,0.3,0.5,0.1,0.2,0.40005299406480577,-0.9315606881456396,0.21207018494606017,29.704536712599847,16403
2021,"Cavan Biggio","TOR",26,0,0,0,0.307692307,0.307692307,0.615384615,0.923076922,0.307692308,0.25,4.667727854649173,1.520277333060848,0.3850981363883385,146.63246064886397,19252
2021,"Joshua Palacios","TOR",2,0,0,0,0,0,0,0,0,0,-0.27818755196290446,-0.5202991305466218,0,-100,19818
2021,"Rowdy Tellez","TOR",12,0,0,0,0.25,0.25,0.5,0.75,0.25,0.181818181,1.4456465385746475,-0.007022932927656624,0.31371910373369855,98.39631133705683,15679
2021,"Reese McGuire","TOR",13,0,0,0,0.538461538,0.538461538,1.076923076,1.615384614,0.538461538,0.5,5.4157974215187625,3.8420721607246,0.6716319505984967,340.26478279023655,15674
2021,"Joe Panik","TOR",5,0,0,0,0.2,0.2,0.2,0.4,0,0.2,0.03184225523478364,-0.5734366912245097,0.17581106424331666,5.20153779140781,11936
2021,"Brett Gardner","NYY",18,0,0,0,0.4375,0.411764705,0.625,1.036764705,0.1875,0.411764705,3.8399123044351757,1.66090809718172,0.4259506393881405,174.23955143130542,9927
2021,"Rougned Odor","NYY",17,0,0,0,0.3125,0.3125,0.625,0.9375,0.3125,0.266666666,3.1278871243685984,1.069938706407001,0.3904951438307762,150.27962210718667,12282
2021,"Rob Brantly","NYY",8,0,0,0,0.125,0.125,0.125,0.25,0,0.125,-0.3854390727095731,-1.3538853870444425,0.1098819151520729,-39.351717713644256,10655
2021,"Tyler Wade","NYY",3,0,0,0,0.666666666,0.666666666,0.666666666,1.333333332,0,0.666666666,1.0373409423397328,0.6741735744641567,0.5860368808110555,282.4217942672873,15730
2021,"Greg Allen","NYY",5,0,0,0,0.2,0.2,0.2,0.4,0,0.2,0.03184225523478364,-0.5734366912245097,0.17581106424331666,5.20153779140781,16623
2021,"Estevan Florial","NYY",5,0,0,0,0.4,0.4,0.6,1,0.2,0.4,1.0591534199661754,0.453874473506882,0.42414036989212034,173.01621698059733,19151
2021,"Breyvic Valera","TOR",1,0,0,0,0,0,0,0,0,0,-0.13909377598145223,-0.2601495652733109,0,-100,12758
2021,"Ji Man Choi","TBR",6,0,0,0,0.333333333,0.333333333,0.5,0.833333333,0.166666667,0.333333333,0.9200596439847234,0.1937249082335713,0.35345030824343365,125.24565689126489,5452
2021,"Wander Franco","TBR",16,0,0,0,0.1875,0.1875,0.375,0.5625,0.1875,0.133333333,0.8892714346488384,-1.0476211940209004,0.2352893278002739,45.39544761394319,23667
2021,"Brett Phillips","TBR",2,0,0,0,0.5,0.5,2,2.5,1.5,0,1.3819620281050802,1.1398504495213628,1.003259301185608,564.370179065302,14735
2021,"DJ Stewart","BAL",3,0,0,0,0.333333333,0.333333333,0.666666666,0.999999999,0.333333333,0.333333333,0.6100298367870354,0.24686246891145924,0.41388217608133954,166.083988426585,17766
2021,"Josh Lowe","TBR",1,0,0,0,1,1,1,2,0,1,0.5882173591605924,0.46716156986873375,0.8790553212165833,480.43626317862964,19953
2021,"Anthony Rizzo","NYY",9,0,0,0,0.333333333,0.333333333,0.555555555,0.888888888,0.222222222,0.333333333,1.5300894807717587,0.44058737714503055,0.3735942641894023,138.85843406970488,3473
2021,"Joey Gallo","NYY",6,0,0,0,0.166666666,0.166666666,0.166666666,0.333333332,0,0.166666666,-0.1072515207466686,-0.8335862564978207,0.14650922020276388,-14.59990909972644,14128
2022,"Zack Collins","TOR",6,0,0,0,0.333333333,0.333333333,0.833333333,1.166666666,0.5,0.2,1.5578750824080212,0.8717963700638514,0.49264204502105713,230.735297604473,19181
2022,"Raimel Tapia","TOR",20,0,0,0,0.45,0.45,0.9,1.35,0.45,0.388888888,6.442751066957157,4.1558220258099245,0.5713037312030792,286.2687968270392,14350
2022,"Cavan Biggio","TOR",16,0,0,0,0.3125,0.3125,0.4375,0.75,0.125,0.3125,2.0031854635653144,0.1736422306475286,0.3234066516160965,111.25866235490986,19252
2022,"Gosuke Katoh","TOR",1,0,0,0,0,0,0,0,0,0,-0.13172692248239967,-0.24607337453976127,0,-100,15697
2022,"Bradley Zimmer","TOR",4,0,0,0,0,0,0,0,0,0,-0.5269076899295987,-0.9842934981590451,0,-100,16221
2022,"Rougned Odor","BAL",28,0,0,0,0.285714285,0.285714285,0.464285714,0.749999999,0.178571429,0.259259259,3.472862263312015,0.27116160570589043,0.3219360538891384,110.22045122963904,12282
2022,"Adley Rutschman","BAL",21,0,0,0,0.19047619,0.19047619,0.428571428,0.619047618,0.238095238,0.15,1.5862977117565022,-0.8149777814480913,0.260895536059425,67.12712697013252,26288
2022,"Anthony Santander","BAL",32,0,0,0,0.225806451,0.21875,0.741935483,0.960685483,0.516129032,0.074074074,5.719431791435234,2.060345325599662,0.39079172164201736,158.83110728366216,14551
2022,"Ji Man Choi","TBR",10,0,0,0,0.5,0.5,1.2,1.7,0.7,0.375,4.381367243073079,3.2379027224994634,0.7173181533813476,389.3519138321451,5452
2022,"Cedric Mullins","BAL",34,0,0,0,0.323529411,0.323529411,0.5,0.823529411,0.176470589,0.303030303,5.058990543833453,1.1712111738831583,0.35310663545832915,132.2262275021442,17929
2022,"Brett Phillips","TBR",2,0,0,0,0,0,0,0,0,0,-0.26345384496479934,-0.49214674907952255,0,-100,14735
2022,"Francisco Mejia","TBR",5,0,0,0,0,0,0,0,0,0,-0.6586346124119984,-1.2303668726988064,0,-100,16403
2022,"Josh Lowe","TBR",10,0,0,0,0.2,0.2,0.4,0.6,0.2,0.2,0.6870572417604794,-0.45640727881313653,0.2522953987121582,61.05561053221569,19953
2022,"Wander Franco","TBR",8,0,0,0,0.5,0.5,0.75,1.25,0.25,0.5,2.3248376688488763,1.4100660523899835,0.5316116362810135,258.247011006227,23667
2022,"Kevin Kiermaier","TBR",7,0,0,0,0.285714285,0.285714285,0.571428571,0.857142856,0.285714286,0.285714285,1.0822380092076784,0.2818128448061472,0.360421998160226,137.39072000969773,11038
2022,"Taylor Walls","TBR",13,0,0,0,0.083333333,0.076923076,0.166666666,0.243589742,0.083333333,0.076923076,-0.7102867589789577,-2.1967906357246587,0.09703669181236854,-48.55377743545086,22458
2022,"Vidal Brujan","TBR",9,0,0,0,0.222222222,0.222222222,0.555555555,0.777777777,0.333333333,0.125,1.162694314960822,0.13357624644456764,0.3284280300140381,114.80365009790118,20536
2022,"Aaron Hicks","NYY",16,0,0,0,0.3125,0.3125,0.875,1.1875,0.5625,0.214285714,4.1610057479544444,2.3314625150366592,0.4931669607758522,231.10587710862157,5297
2022,"Matt Carpenter","NYY",11,0,0,0,0.636363636,0.636363636,1.272727272,1.909090908,0.636363636,0.555555555,5.653966825056834,4.396155852425857,0.812807559967041,456.7654304216466,8090
2022,"Joey Gallo","NYY",6,0,0,0,0.166666666,0.166666666,0.5,0.666666666,0.333333334,0.166666666,0.48180175711444284,-0.20427695522972683,0.26689010858535767,71.35916933874095,14128
2022,"Marwin Gonzalez","NYY",8,0,0,0,0.125,0.125,0.5,0.625,0.375,0,0.5922579852101442,-0.3225136312487487,0.25900018215179443,65.78904689755018,5497
2022,"Anthony Rizzo","NYY",15,0,0,0,0.266666666,0.266666666,0.533333333,0.799999999,0.266666667,0.266666666,2.0327490959329566,0.3175523150725329,0.33639386494954426,120.42736234803503,3473
2022,"Terrin Vavra","BAL",7,0,0,0,0.428571428,0.428571428,0.714285714,1.142857142,0.285714286,0.428571428,1.7544013390981985,0.9539761746966673,0.4812917539051601,222.72223033558674,24400
2022,"Andrew Benintendi","NYY",7,0,0,0,0.428571428,0.428571428,0.571428571,0.999999999,0.142857143,0.428571428,1.4844012803815956,0.6839761159800644,0.4327398027692522,188.44557200892817,17901
2022,"Jackie Bradley Jr.","TOR",6,0,0,0,0.333333333,0.333333333,0.5,0.833333333,0.166666667,0.333333333,0.9139649506309175,0.22788623828674792,0.3575546344121297,135.3664213936313,12984
2022,"David Peralta","TBR",10,0,0,0,0.6,0.6,1,1.6,0.4,0.6,4.0957102128111105,2.9522456922374944,0.6813609600067139,363.96689010286417,2136
2022,"Brandon Lowe","TBR",1,0,0,0,0,0,0,0,0,0,-0.13172692248239967,-0.24607337453976127,0,-100,18882
2022,"Oswaldo Cabrera","NYY",4,0,0,0,0.25,0.25,0.25,0.5,0,0.25,0.17525556230347894,-0.28213024592596747,0.22096270322799683,38.93538523874551,21707
2022,"Kyle Stowers","BAL",10,0,0,0,0.5,0.5,1,1.5,0.5,0.444444444,3.707457188953418,2.563992668379802,0.6324894547462463,329.4646332721672,26151
2022,"Gunnar Henderson","BAL",8,0,0,0,0.375,0.375,0.875,1.25,0.5,0.285714285,2.2965844707354597,1.3818128542765669,0.5271661579608917,255.1085966292055,26289
2022,"Jonathan Aranda","TBR",4,0,0,0,0,0,0,0,0,0,-0.5269076899295987,-0.9842934981590451,0,-100,21837
2023,"Anthony Santander","BAL",17,0,0,0,0.352941176,0.352941176,0.470588235,0.823529411,0.117647059,0.352941176,2.5740557958802452,0.5027047370990984,0.35398058330311494,126.36780936060143,14551
2023,"Terrin Vavra","BAL",3,0,0,0,0.333333333,0.333333333,0.333333333,0.666666666,0,0.333333333,0.30524802435158604,-0.06028451543332221,0.2941787640253703,84.91785759291709,24400
2023,"Adam Frazier","BAL",10,0,0,0,0.7,0.7,1.5,2.2,0.8,0.666666666,6.106440467086522,4.887998667803496,0.9069321513175964,509.63066157612474,15223
2023,"Brandon Belt","TOR",7,0,0,0,0.714285714,0.714285714,1.285714285,1.999999999,0.571428571,0.666666666,3.898241611636782,3.0453323521386624,0.8422096116202218,464.77005062583885,10264
2023,"Cedric Mullins","BAL",18,0,0,0,0.388888888,0.388888888,0.777777777,1.166666665,0.388888889,0.3125,4.727360693238343,2.5341654545288934,0.487894422478146,219.1864266178892,17929
2023,"Brandon Lowe","TBR",5,0,0,0,0.2,0.2,0.2,0.4,0,0.2,0.020112883216370434,-0.5891080164251434,0.17650725841522216,3.3571577533622303,18882
2023,"Adley Rutschman","BAL",17,0,0,0,0.470588235,0.470588235,0.882352941,1.352941176,0.411764706,0.4,5.60287899986036,3.5315279410792133,0.568507993922514,275.0614599955669,26288
2023,"Francisco Mejia","TBR",5,0,0,0,0.4,0.4,0.4,0.8,0,0.4,0.7530636192707798,0.14384271962926598,0.3530145168304443,125.69820751269451,16403
2023,"Gunnar Henderson","BAL",17,0,0,0,0.294117647,0.294117647,0.647058823,0.94117647,0.352941176,0.25,3.0425659218013283,0.9712148630201812,0.38716451560749726,149.3683202161405,26289
2023,"Luke Raley","TBR",8,0,0,0,0.375,0.375,0.625,1,0.25,0.375,1.6583117228254873,0.6835582833990653,0.4212576299905777,172.99900509924632,19354
2023,"Kevin Kiermaier","TOR",15,0,0,0,0.4,0.4,0.466666666,0.866666666,0.066666666,0.4,2.5591908974139,0.7315281984893587,0.3770962556203206,142.38978852775273,11038
2023,"Vidal Brujan","TBR",3,0,0,0,0,0,0,0,0,0,-0.4277027117028233,-0.7932352514877317,0,-100,20536
2023,"Cavan Biggio","TOR",9,0,0,0,0.222222222,0.222222222,0.444444444,0.666666666,0.222222222,0.222222222,0.7827934162034702,-0.3138042031512547,0.2763916386498345,72.58921111014878,19252
2023,"Wander Franco","TBR",7,0,0,0,0.714285714,0.714285714,1.142857142,1.857142856,0.428571428,0.714285714,3.566780805103475,2.7138715456053557,0.7851942437035697,425.2514493741624,23667
2023,"Daulton Varsho","TOR",21,0,0,0,0.5,0.476190476,1.1,1.576190476,0.6,0.388888888,7.9999710912758015,5.4412433127814435,0.630361795425415,317.93368562194183,19918
2023,"Anthony Rizzo","NYY",10,0,0,0,0.2,0.2,0.3,0.5,0.1,0.2,0.34022580603430175,-0.8782159932487259,0.21262986660003663,28.394529275949584,3473
2023,"Josh Lowe","TBR",17,0,0,0,0.4375,0.411764705,0.6875,1.099264705,0.25,0.375,3.9384673780695225,1.8671163192883757,0.45061999208786907,193.3507018773232,19953
2023,"Billy McKinney","NYY",9,0,0,0,0.222222222,0.222222222,0.222222222,0.444444444,0,0.222222222,0.1827933370003489,-0.913804282354376,0.19611917601691353,16.950607726621392,15654
2023,"Taylor Walls","TBR",12,0,0,0,0.083333333,0.083333333,0.083333333,0.166666666,0,0.083333333,-0.977860110756884,-2.439990269896517,0.07354469100634257,-68.00845460624826,22458
2023,"Willie Calhoun","NYY",3,0,0,0,0.333333333,0.333333333,0.333333333,0.666666666,0,0.333333333,0.30524802435158604,-0.06028451543332221,0.2941787640253703,84.91785759291709,17838
2023,"Jake Bauers","NYY",15,0,0,0,0.333333333,0.333333333,0.533333333,0.866666666,0.2,0.333333333,2.4262402405626124,0.598577541638071,0.3664239803949992,134.99260063809174,15194
2023,"Ryan O'Hearn","BAL",7,0,0,0,0.428571428,0.428571428,0.857142857,1.285714285,0.428571429,0.333333333,2.132340099926402,1.2794308404282828,0.5384526593344552,254.2294487945251,16442
2023,"Oswaldo Cabrera","NYY",9,0,0,0,0.222222222,0.222222222,0.222222222,0.444444444,0,0.222222222,0.1827933370003489,-0.913804282354376,0.19611917601691353,16.950607726621392,21707
2023,"Aaron Hicks","BAL",4,0,0,0,0.5,0.5,0.5,1,0,0.5,0.8956311898383876,0.40825447012517657,0.4412681460380554,186.86873239236067,5297
2023,"Estevan Florial","NYY",11,0,0,0,0.272727272,0.272727272,0.272727272,0.545454544,0,0.272727272,0.6306089319195426,-0.7096770472917878,0.2406917160207575,47.84481221130125,19151
2023,"Raimel Tapia","TBR",3,0,0,0,0,0,0,0,0,0,-0.4277027117028233,-0.7932352514877317,0,-100,14350
2023,"Austin Wells","NYY",5,0,0,0,0.2,0.2,0.2,0.4,0,0.2,0.020112883216370434,-0.5891080164251434,0.17650725841522216,3.3571577533622303,27562
2023,"Jonathan Aranda","TBR",8,0,0,0,0.5,0.5,0.625,1.125,0.125,0.5,2.091262419278336,1.1165089798519139,0.4864214062690735,218.16544679559482,21837
2024,"Anthony Santander","BAL",19,0,0,0,0.368421052,0.368421052,0.842105263,1.210526315,0.473684211,0.25,5.266786118520605,3.044202757550585,0.5092461109161377,242.26265583001427,14551
2024,"Tony Kemp","BAL",2,0,0,0,0,0,0,0,0,0,-0.26534555563233,-0.4993016988923321,0,-100,14894
2024,"Ryan O'Hearn","BAL",20,0,0,0,0.2,0.2,0.25,0.45,0.05,0.2,0.4851607156084692,-1.8544007169915522,0.19497891366481782,21.20069142387679,16442
2024,"Ben Rortvedt","TBR",7,0,0,0,0.142857142,0.142857142,0.285714285,0.428571427,0.142857143,0.142857142,0.08094463046580033,-0.7379018709442071,0.17920659269605363,10.106118757386124,20287
2024,"Cedric Mullins","BAL",17,0,0,0,0.352941176,0.352941176,0.705882352,1.058823528,0.352941176,0.266666666,3.8824807959227163,1.893853578212698,0.44859205975252037,199.5973575847858,17929
2024,"Kevin Kiermaier","TOR",5,0,0,0,0.8,0.8,0.8,1.6,0,0.8,2.1752523732562596,1.5903620151062545,0.7053685665130616,380.2191962440628,11038
2024,"Adley Rutschman","BAL",23,0,0,0,0.304347826,0.304347826,0.347826086,0.652173912,0.04347826,0.304347826,2.216104578912788,-0.4743910685772365,0.28455262598784076,84.20866991627585,26288
2024,"Trent Grisham","NYY",8,0,0,0,0.375,0.375,0.75,1.125,0.375,0.375,1.9675800030075459,1.0317554299675373,0.4704173058271408,214.94968138154715,18564
2024,"Gunnar Henderson","BAL",19,0,0,0,0.368421052,0.368421052,0.789473684,1.157894736,0.421052632,0.333333333,4.856792506661269,2.634209145691248,0.4824357346484536,223.403689650791,26289
2024,"Jazz Chisholm Jr.","NYY",4,0,0,0,0.25,0.25,0.25,0.5,0,0.25,0.17896295431961123,-0.28894933220039304,0.22042767703533173,39.10187128482753,20454
2024,"Colton Cowser","BAL",16,0,0,0,0.6,0.5625,1.333333333,1.895833333,0.733333333,0.5,7.614115783924253,5.7424666378442355,0.7561000473797321,415.9047559070081,29591
2024,"Steward Berroa","TOR",2,0,0,0,0.5,0.5,0.5,1,0,0.5,0.4443085099519412,0.21035236669193907,0.44085535407066345,194.15520081175265,22766
2024,"Jackson Holliday","BAL",10,0,0,0,0.1,0.1,0.1,0.2,0,0.1,-0.6170737125773786,-1.7868544288773893,0.0881710708141327,-53.93012643132753,31781
2024,"Logan Driscoll","TBR",5,0,0,0,0,0,0,0,0,0,-0.6633638890808249,-1.2482542472308302,0,-100,25475
2024,"Josh Lowe","TBR",20,0,0,0,0.45,0.45,0.9,1.35,0.45,0.388888888,6.513424688011087,4.1738632554110655,0.5694701731204986,284.6254910602112,19953
2024,"Taylor Walls","TBR",3,0,0,0,0,0,0,0,0,0,-0.39801833344849497,-0.7489525483384982,0,-100,22458
2024,"Richie Palacios","TBR",18,0,0,0,0.117647058,0.111111111,0.117647058,0.228758169,0,0.111111111,-0.9688018695224272,-3.0744071588624466,0.09796785646014744,-47.03886734124197,24589
2024,"Dylan Carlson","TBR",3,0,0,0,1,1,1,2,0,1,1.7309438633043186,1.3800096484143154,0.8817107081413269,504.2618598656029,20126
2024,"Jonathan Aranda","TBR",14,0,0,0,0.285714285,0.285714285,0.285714285,0.57142857,0,0.285714285,0.981197372910775,-0.6564956299092398,0.2519173451832363,61.25234693153113,21837
2025,"Tyler Heineman","TOR",2,0,0,0,0.5,0.5,0.5,1,0,0.5,0.4444030871026315,0.20808767279312984,0.44120290875434875,188.52740801751455,13897
2024,"Anthony Rizzo","NYY",6,0,0,0,0.333333333,0.333333333,0.333333333,0.666666666,0,0.333333333,0.6232714642715526,-0.07859696550845388,0.2939035693804423,90.78631446046926,3473
2025,"Kameron Misner","TBR",4,0,0,0,0.25,0.25,0.5,0.75,0.25,0.25,0.4723765702018592,-0.0002542584171440827,0.31297680735588074,100.19724544329418,26374
2024,"Alex Verdugo","NYY",26,0,0,0,0.44,0.423076923,0.72,1.143076923,0.28,0.4,6.496699349231377,3.455269486851349,0.4752946129212013,218.38047879424298,17027
2025,"Austin Wells","NYY",6,0,0,0,0.166666666,0.166666666,0.166666666,0.333333332,0,0.166666666,-0.09964996605623455,-0.8085962089847395,0.14706763625144958,-14.091373616160736,27562
2024,"Juan Soto","NYY",19,0,0,0,0.210526315,0.210526315,0.578947368,0.789473683,0.368421053,0.117647058,2.497827118716528,0.2752437577465078,0.3281778442232232,114.89553932265517,20123
2025,"Jasson Dominguez","NYY",9,0,0,0,0.333333333,0.333333333,0.444444444,0.777777777,0.111111111,0.333333333,1.2251694811174059,0.16175011672464848,0.3351909849378798,115.49976104558186,28080
2024,"Oswaldo Cabrera","NYY",10,0,0,0,0.4,0.4,0.8,1.2,0.4,0.333333333,2.7518853064160664,1.5821045901160555,0.5067478656768799,240.50533911039196,21707
2025,"J.C. Escarra","NYY",1,0,0,0,0,0,0,0,0,0,-0.13601326328971652,-0.25417097044446735,0,-100,20084
2024,"Austin Wells","NYY",15,0,0,0,0.538461538,0.466666666,0.846153846,1.312820512,0.307692308,0.428571428,4.217483614088055,2.4628125396380383,0.5141740520795186,245.72907028110214,27562
2025,"Jonatan Clase","TOR",4,0,0,0,0,0,0,0,0,0,-0.5440530531588661,-1.0166838817778694,0,-100,26599
2024,"Addison Barger","TOR",18,0,0,0,0.294117647,0.277777777,0.470588235,0.748366012,0.176470588,0.277777777,2.0601603560144386,-0.04544493332558047,0.3070422146055434,100.02830582482235,24598
2025,"Dylan Beavers","BAL",3,0,0,0,0.666666666,0.666666666,0.666666666,1.333333332,0,0.666666666,1.0248194374949797,0.670346316030727,0.5882705450057983,289.8367988343523,31695
2024,"Spencer Horwitz","TOR",15,0,0,0,0.2,0.2,0.2,0.4,0,0.2,0.13887052951033896,-1.615800544939677,0.1763421416282654,8.091205379442522,26477
2024,"Daulton Varsho","TOR",11,0,0,0,0.272727272,0.272727272,0.545454545,0.818181817,0.272727273,0.2,1.609558453420946,0.3227996654909342,0.34663931889967486,127.8817176241305,19918
2024,"Will Wagner","TOR",8,0,0,0,0.375,0.375,1,1.375,0.625,0.285714285,2.607576806058809,1.6717522330188004,0.5698129236698151,284.8665887961374,29634
2024,"Ben Rice","NYY",9,0,0,0,0.285714285,0.222222222,0.571428571,0.793650793,0.285714286,0.222222222,0.8252531500124256,-0.22754949465758403,0.2787658108605279,80.13810597932152,29576
2024,"Joey Loperfido","TOR",10,0,0,0,0.1,0.1,0.1,0.2,0,0.1,-0.6170737125773786,-1.7868544288773893,0.0881710708141327,-53.93012643132753,29630
2024,"Brandon Lowe","TBR",6,0,0,0,0.5,0.5,0.5,1,0,0.5,1.3329255298558236,0.6310571000758172,0.44085535407066345,194.15520081175268,18882
2025,"Anthony Santander","TOR",8,0,0,0,0.375,0.375,0.375,0.75,0,0.375,1.0611827347284615,0.11592107749045491,0.33090218156576157,112.54536490488634,14551
2025,"Nathan Lukes","TOR",18,0,0,0,0.222222222,0.222222222,0.222222222,0.444444444,0,0.222222222,0.41747971551336116,-1.7093590132721537,0.19609018166859946,19.678423322785164,18123
2025,"Andres Gimenez","TOR",17,0,0,0,0.375,0.352941176,0.375,0.727941176,0,0.352941176,1.986352206167206,-0.022328815463557833,0.31143734735601086,99.13676906148133,19950
2025,"Will Wagner","TOR",10,0,0,0,0.2,0.2,0.2,0.4,0,0.2,0.07272659446696403,-1.1088504770805443,0.1764811635017395,6.170504547206804,29634
2025,"Alan Roden","TOR",11,0,0,0,0.181818181,0.181818181,0.272727272,0.454545453,0.090909091,0.181818181,0.2367133408559082,-1.063021437846351,0.19402845881202005,18.258179603928543,31564
2025,"Ryan O'Hearn","BAL",14,0,0,0,0.571428571,0.571428571,0.857142857,1.428571428,0.285714286,0.538461538,5.064992618877532,3.41078471871102,0.6131240810666766,306.95746971850855,16442
2025,"Cedric Mullins","BAL",6,0,0,0,0.166666666,0.166666666,0.166666666,0.333333332,0,0.166666666,-0.09964996605623455,-0.8085962089847395,0.14706763625144958,-14.091373616160736,17929
2025,"Adley Rutschman","BAL",6,0,0,0,0.166666666,0.166666666,0.166666666,0.333333332,0,0.166666666,-0.09964996605623455,-0.8085962089847395,0.14706763625144958,-14.091373616160736,26288
2025,"Gunnar Henderson","BAL",15,0,0,0,0.533333333,0.533333333,1,1.533333333,0.466666667,0.5,5.7989793594592784,4.026613752138016,0.6436860799789429,328.0104870298956,26289
2025,"Heston Kjerstad","BAL",9,0,0,0,0.222222222,0.222222222,0.333333333,0.555555555,0.111111111,0.222222222,0.5087398674353413,-0.5546794969574161,0.23714589410358006,47.96016716769009,31166
2025,"Jackson Holliday","BAL",16,0,0,0,0.25,0.25,0.375,0.625,0.125,0.25,1.2895062614501154,-0.6010170530258978,0.26678913086652756,68.38028361777614,31781
2025,"Dylan Carlson","BAL",11,0,0,0,0.363636363,0.363636363,0.818181818,1.181818181,0.454545455,0.3,2.907313963697083,1.607579184994824,0.4930559342557734,224.24701675983226,20126
2025,"Brandon Lowe","TBR",9,0,0,0,0.333333333,0.333333333,0.444444444,0.777777777,0.111111111,0.333333333,1.2251694811174059,0.16175011672464848,0.3351909849378798,115.49976104558186,18882
2025,"Josh Lowe","TBR",20,0,0,0,0.052631578,0.05,0.105263157,0.155263157,0.052631579,0.05,-1.7038356424336043,-4.066989785528621,0.06259536147117614,-72.28116245773984,19953
2025,"Jonathan Aranda","TBR",14,0,0,0,0.384615384,0.357142857,0.461538461,0.818681318,0.076923077,0.357142857,1.9779623920329523,0.3237544918664407,0.3415378928184509,119.87190836052118,21837
2025,"Taylor Walls","TBR",10,0,0,0,0.3,0.3,0.3,0.6,0,0.3,0.7891562081490286,-0.3924208633984796,0.2647217452526093,66.9561390373094,22458
2025,"Jake Mangum","TBR",14,0,0,0,0.642857142,0.642857142,0.714285714,1.357142856,0.071428572,0.642857142,4.8436808467612105,3.189472946594699,0.5936538406780788,293.5451497608143,26202
2025,"Matt Thaiss","TBR",7,0,0,0,0.285714285,0.285714285,0.285714285,0.57142857,0,0.285714285,0.4807663843361136,-0.3463375657471422,0.2521159478596279,58.272476967294736,19318
2025,"Cody Bellinger","NYY",16,0,0,0,0.266666666,0.25,0.333333333,0.583333333,0.066666667,0.25,0.9895062517714547,-0.9010170627045585,0.24369529262185097,52.47180270501711,15998
2025,"Ben Rice","NYY",20,0,0,0,0.25,0.25,0.35,0.6,0.1,0.25,1.4618828219733138,-0.9012713211217026,0.2575515955686569,62.01689125267252,29576
2025,"Trent Grisham","NYY",12,0,0,0,0.166666666,0.166666666,0.25,0.416666666,0.083333334,0.166666666,0.10070007756619154,-1.3171924082908184,0.17785942057768503,7.119934267517956,18564
2025,"Jazz Chisholm Jr.","NYY",16,0,0,0,0.375,0.375,0.5625,0.9375,0.1875,0.333333333,3.0601068552553077,1.1695835407792947,0.4030890055000782,162.27216642418284,20454
2025,"Addison Barger","TOR",9,0,0,0,0.333333333,0.333333333,0.888888888,1.222222221,0.555555555,0.25,2.4629108765944516,1.399491512201694,0.5045788288116455,232.1847075914584,24598
2025,"Chandler Simpson","TBR",11,0,0,0,0.272727272,0.272727272,0.363636363,0.636363635,0.090909091,0.272727272,0.9531429545379727,-0.34659182416428636,0.2742471694946289,73.51784732220362,31912
2025,"Samuel Basallo","BAL",5,0,0,0,0.4,0.4,0.6,1,0.2,0.4,1.0527929205942073,0.46200438482045314,0.4268626093864441,178.64891244824085,28824
2025,"Colton Cowser","BAL",5,0,0,0,0.2,0.2,0.4,0.6,0.2,0.2,0.33636330691214256,-0.2544252288616115,0.25038144588470457,57.077643468035646,29591
2025,"Ryan McMahon","NYY",7,0,0,0,0.142857142,0.142857142,0.142857142,0.285714284,0,0.142857142,-0.235663229345951,-1.0627671794292068,0.12605797392981394,-28.56414373285182,15112